estacion_id,fecha,lluvia_total,temp_media
CAAZ,2000-01-01,144.0,27.274193548387096
CAAZ,2000-02-01,97.6,26.26551724137931
CAAZ,2000-03-01,202.8,25.248387096774195
CAAZ,2000-04-01,163.6,22.58
CAAZ,2000-05-01,185.8,17.216129032258067
CAAZ,2000-06-01,203.0,18.263333333333332
CAAZ,2000-07-01,41.599999999999994,12.993548387096775
CAAZ,2000-08-01,97.4,18.635483870967743
CAAZ,2000-09-01,176.4,20.003333333333334
CAAZ,2000-10-01,304.6,23.629032258064516
CAAZ,2000-11-01,111.0,23.323333333333334
CAAZ,2000-12-01,109.8,25.738709677419354
CAAZ,2001-01-01,149.79999999999998,26.864516129032257
CAAZ,2001-02-01,169.39999999999998,27.010714285714283
CAAZ,2001-03-01,129.6,26.541935483870965
CAAZ,2001-04-01,142.6,23.916666666666668
CAAZ,2001-05-01,35.0,17.190322580645162
CAAZ,2001-06-01,117.7,17.19333333333333
CAAZ,2001-07-01,36.900000000000006,18.596774193548388
CAAZ,2001-08-01,79.6,21.66774193548387
CAAZ,2001-09-01,126.0,20.173333333333336
CAAZ,2001-10-01,39.6,23.283870967741933
CAAZ,2001-11-01,162.2,25.276666666666664
CAAZ,2001-12-01,108.80000000000001,25.26451612903226
CAAZ,2002-01-01,96.4,25.761290322580646
CAAZ,2002-02-01,47.0,25.389285714285712
CAAZ,2002-03-01,122.8,27.02258064516129
CAAZ,2002-04-01,204.0,23.81
CAAZ,2002-05-01,250.4,21.08709677419355
CAAZ,2002-06-01,134.4,17.09
CAAZ,2002-07-01,121.4,15.819354838709677
CAAZ,2002-08-01,157.6,20.164516129032258
CAAZ,2002-09-01,192.79999999999998,20.033333333333335
CAAZ,2002-10-01,234.8,23.67096774193548
CAAZ,2002-11-01,245.4,24.30666666666667
CAAZ,2002-12-01,106.6,26.038709677419355
CAAZ,2003-01-01,188.6,26.638709677419353
CAAZ,2003-02-01,145.0,25.99285714285714
CAAZ,2003-03-01,69.8,25.758064516129032
CAAZ,2003-04-01,131.79999999999998,22.416666666666668
CAAZ,2003-05-01,11.6,19.161290322580644
CAAZ,2003-06-01,119.0,20.59
CAAZ,2003-07-01,27.4,17.125806451612902
CAAZ,2003-08-01,64.80000000000001,16.529032258064515
CAAZ,2003-09-01,65.4,20.94333333333333
CAAZ,2003-10-01,126.2,23.551612903225806
CAAZ,2003-11-01,168.2,23.336666666666666
CAAZ,2003-12-01,256.8,24.374193548387098
CAAZ,2004-01-01,26.4,26.603225806451615
CAAZ,2004-02-01,106.60000000000001,24.951724137931034
CAAZ,2004-03-01,66.60000000000001,24.796774193548387
CAAZ,2004-04-01,161.4,23.696666666666665
CAAZ,2004-05-01,100.6,15.741935483870968
CAAZ,2004-06-01,133.20000000000002,18.0
CAAZ,2004-07-01,173.0,16.787096774193547
CAAZ,2004-08-01,20.6,18.061290322580643
CAAZ,2004-09-01,87.9,20.23
CAAZ,2004-10-01,217.0,21.896774193548385
CAAZ,2004-11-01,379.2,22.67
CAAZ,2004-12-01,119.0,25.074193548387097
CAAZ,2005-01-01,76.0,26.219354838709677
CAAZ,2005-02-01,16.0,25.87142857142857
CAAZ,2005-03-01,52.8,25.5258064516129
CAAZ,2005-04-01,114.0,22.173333333333336
CAAZ,2005-05-01,200.8,20.654838709677417
CAAZ,2005-06-01,100.0,20.240000000000002
CAAZ,2005-07-01,3.4000000000000004,15.912903225806453
CAAZ,2005-08-01,22.799999999999997,19.480645161290322
CAAZ,2005-09-01,82.6,16.76
CAAZ,2005-10-01,240.6,21.44193548387097
CAAZ,2005-11-01,90.6,24.16
CAAZ,2005-12-01,90.2,25.1
CAAZ,2006-01-01,78.0,26.825806451612905
CAAZ,2006-02-01,82.8,25.86785714285714
CAAZ,2006-03-01,232.70000000000002,24.88064516129032
CAAZ,2006-04-01,98.80000000000001,22.083333333333332
CAAZ,2006-05-01,53.400000000000006,16.448387096774194
CAAZ,2006-06-01,96.80000000000001,19.166666666666668
CAAZ,2006-07-01,19.2,20.316129032258065
CAAZ,2006-08-01,133.0,18.88064516129032
CAAZ,2006-09-01,191.8,19.433333333333334
CAAZ,2006-10-01,238.8,24.019354838709678
CAAZ,2006-11-01,213.0,23.89333333333333
CAAZ,2006-12-01,127.2,26.94193548387097
CAAZ,2007-01-01,188.8,26.39032258064516
CAAZ,2007-02-01,102.0,26.560714285714287
CAAZ,2007-03-01,180.6,25.75483870967742
CAAZ,2007-04-01,189.0,23.583333333333332
CAAZ,2007-05-01,238.0,16.229032258064517
CAAZ,2007-06-01,12.1,17.240000000000002
CAAZ,2007-07-01,98.0,14.03225806451613
CAAZ,2007-08-01,16.4,15.774193548387096
CAAZ,2007-09-01,60.0,22.433333333333334
CAAZ,2007-10-01,162.89999999999998,23.81935483870968
CAAZ,2007-11-01,229.6,22.60666666666667
CAAZ,2007-12-01,150.9,26.54516129032258
CAAZ,2008-01-01,84.9,26.32903225806452
CAAZ,2008-02-01,277.8,25.393103448275863
CAAZ,2008-03-01,49.0,24.85483870967742
CAAZ,2008-04-01,99.0,20.846666666666668
CAAZ,2008-05-01,50.1,17.73548387096774
CAAZ,2008-06-01,69.1,15.003333333333334
CAAZ,2008-07-01,40.300000000000004,20.26774193548387
CAAZ,2008-08-01,74.0,18.448387096774194
CAAZ,2008-09-01,102.80000000000001,17.89333333333333
CAAZ,2008-10-01,160.8,22.838709677419356
CAAZ,2008-11-01,81.7,24.923333333333336
CAAZ,2008-12-01,20.6,26.94516129032258
CAAZ,2009-01-01,320.6,25.12258064516129
CAAZ,2009-02-01,255.1,25.571428571428573
CAAZ,2009-03-01,22.5,25.425806451612903
CAAZ,2009-04-01,34.4,22.773333333333333
CAAZ,2009-05-01,239.7,19.580645161290324
CAAZ,2009-06-01,92.60000000000001,14.316666666666666
CAAZ,2009-07-01,171.9,13.496774193548386
CAAZ,2009-08-01,100.4,18.56451612903226
CAAZ,2009-09-01,168.9,18.636666666666667
CAAZ,2009-10-01,248.6,22.467741935483872
CAAZ,2009-11-01,244.3,26.476666666666667
CAAZ,2009-12-01,263.1,25.84193548387097
CAAZ,2010-01-01,96.0,26.635483870967743
CAAZ,2010-02-01,237.60000000000002,27.275000000000002
CAAZ,2010-03-01,343.0,25.09032258064516
CAAZ,2010-04-01,59.3,21.60666666666667
CAAZ,2010-05-01,184.1,16.887096774193548
CAAZ,2010-06-01,52.4,17.503333333333334
CAAZ,2010-07-01,151.2,15.600000000000001
CAAZ,2010-08-01,19.0,17.19677419354839
CAAZ,2010-09-01,143.7,19.396666666666665
CAAZ,2010-10-01,169.2,20.125806451612902
CAAZ,2010-11-01,71.5,22.233333333333334
CAAZ,2010-12-01,367.9,25.08709677419355
CAAZ,2011-01-01,37.7,27.496774193548386
CAAZ,2011-02-01,192.6,26.464285714285715
CAAZ,2011-03-01,226.6,26.351612903225806
CAAZ,2011-04-01,199.5,23.240000000000002
CAAZ,2011-05-01,61.0,19.796774193548387
CAAZ,2011-06-01,91.9,17.44333333333333
CAAZ,2011-07-01,166.8,17.309677419354838
CAAZ,2011-08-01,40.1,19.238709677419354
CAAZ,2011-09-01,57.4,21.533333333333335
CAAZ,2011-10-01,249.7,23.84193548387097
CAAZ,2011-11-01,162.3,25.253333333333334
CAAZ,2011-12-01,86.0,25.56451612903226
CAAZ,2012-01-01,51.8,26.903225806451612
CAAZ,2012-02-01,43.7,27.851724137931036
CAAZ,2012-03-01,45.6,24.574193548387097
CAAZ,2012-04-01,303.1,21.246666666666666
CAAZ,2012-05-01,36.6,19.64516129032258
CAAZ,2012-06-01,67.8,17.266666666666666
CAAZ,2012-07-01,93.2,15.061290322580644
CAAZ,2012-08-01,83.8,20.86774193548387
CAAZ,2012-09-01,33.8,21.790000000000003
CAAZ,2012-10-01,291.6,24.283870967741933
CAAZ,2012-11-01,187.4,24.83
CAAZ,2012-12-01,169.6,27.183870967741935
CAAZ,2013-01-01,74.5,26.22258064516129
CAAZ,2013-02-01,54.7,25.5
CAAZ,2013-03-01,159.9,22.851612903225806
CAAZ,2013-04-01,295.6,21.206666666666667
CAAZ,2013-05-01,387.8,18.309677419354838
CAAZ,2013-06-01,200.9,16.976666666666667
CAAZ,2013-07-01,27.4,16.93548387096774
CAAZ,2013-08-01,121.19999999999999,15.23225806451613
CAAZ,2013-09-01,173.4,18.886666666666667
CAAZ,2013-10-01,69.8,22.438709677419357
CAAZ,2013-11-01,128.6,24.523333333333333
CAAZ,2013-12-01,38.9,26.774193548387096
CAAZ,2014-01-01,95.80000000000001,27.141935483870967
CAAZ,2014-02-01,31.400000000000002,27.77857142857143
CAAZ,2014-03-01,141.5,23.838709677419356
CAAZ,2014-04-01,371.7,21.85666666666667
CAAZ,2014-05-01,184.6,18.4741935483871
CAAZ,2014-06-01,208.9,16.886666666666667
CAAZ,2014-07-01,207.5,17.17096774193548
CAAZ,2014-08-01,37.0,19.261290322580646
CAAZ,2014-09-01,114.2,21.89333333333333
CAAZ,2014-10-01,75.6,25.219354838709677
CAAZ,2014-11-01,329.2,24.006666666666668
CAAZ,2014-12-01,114.4,25.46451612903226
CAAZ,2015-01-01,224.1,26.66774193548387
CAAZ,2015-02-01,60.4,26.34642857142857
CAAZ,2015-03-01,108.0,25.10967741935484
CAAZ,2015-04-01,168.6,22.0
CAAZ,2015-05-01,431.8,19.47741935483871
CAAZ,2015-06-01,103.8,19.029999999999998
CAAZ,2015-07-01,134.8,16.783870967741933
CAAZ,2015-08-01,43.0,22.151612903225807
CAAZ,2015-09-01,29.3,21.096666666666668
CAAZ,2015-10-01,204.4,22.845161290322583
CAAZ,2015-11-01,212.2,23.706666666666667
CAAZ,2015-12-01,391.2,25.4741935483871
CAAZ,2016-01-01,209.5,27.306451612903224
CAAZ,2016-02-01,187.0,27.044827586206896
CAAZ,2016-03-01,116.2,23.383870967741935
CAAZ,2016-04-01,128.29999999999998,23.823333333333334
CAAZ,2016-05-01,132.6,16.306451612903224
CAAZ,2016-06-01,10.8,13.716666666666667
CAAZ,2016-07-01,42.7,17.003225806451614
CAAZ,2016-08-01,145.8,18.270967741935483
CAAZ,2016-09-01,35.5,18.086666666666666
CAAZ,2016-10-01,222.1,21.9
CAAZ,2016-11-01,236.6,22.783333333333335
CAAZ,2016-12-01,126.9,25.490322580645163
CAAZ,2017-01-01,113.6,27.19677419354839
CAAZ,2017-02-01,114.6,26.02857142857143
CAAZ,2017-03-01,163.5,24.887096774193548
CAAZ,2017-04-01,272.9,20.80666666666667
CAAZ,2017-05-01,249.20000000000002,19.52258064516129
CAAZ,2017-06-01,86.8,17.470000000000002
CAAZ,2017-07-01,10.6,18.106451612903225
CAAZ,2017-08-01,105.0,20.141935483870967
CAAZ,2017-09-01,48.400000000000006,22.476666666666667
CAAZ,2017-10-01,427.3,22.370967741935484
CAAZ,2017-11-01,200.4,22.886666666666667
CAAZ,2017-12-01,219.1,26.496774193548386
CAAZ,2018-01-01,196.4,25.596774193548388
CAAZ,2018-02-01,110.0,25.349999999999998
CAAZ,2018-03-01,132.6,24.687096774193545
CAAZ,2018-04-01,0.0,24.466666666666665
CAAZ,2018-05-01,168.4,20.616129032258065
CAAZ,2018-06-01,24.5,15.110000000000001
CAAZ,2018-07-01,26.9,16.54516129032258
CAAZ,2018-08-01,57.4,15.98709677419355
CAAZ,2018-09-01,201.2,20.896666666666665
CAAZ,2018-10-01,233.0,22.083870967741937
CAAZ,2018-11-01,223.6,24.783333333333335
CAAZ,2018-12-01,70.9,26.141935483870967
CAAZ,2019-01-01,76.5,27.825806451612905
CAAZ,2019-02-01,58.2,26.325
CAAZ,2019-03-01,151.6,23.706451612903226
CAAZ,2019-04-01,149.6,22.39
CAAZ,2019-05-01,309.0,20.061290322580643
CAAZ,2019-06-01,27.8,19.88
CAAZ,2019-07-01,67.1,15.890322580645162
CAAZ,2019-08-01,38.6,17.79032258064516
CAAZ,2019-09-01,13.1,21.28666666666667
CAAZ,2019-10-01,43.6,23.929032258064513
CAAZ,2019-11-01,66.4,26.836666666666666
CAAZ,2019-12-01,95.8,25.687096774193545
CAAZ,2020-01-01,218.8,26.46451612903226
CAAZ,2020-02-01,35.4,25.79655172413793
CAAZ,2020-03-01,39.7,26.345161290322583
CAAZ,2020-04-01,61.6,21.403333333333332
CAAZ,2020-05-01,112.9,17.406451612903226
CAAZ,2020-06-01,133.8,18.95
CAAZ,2020-07-01,89.1,16.24838709677419
CAAZ,2020-08-01,10.1,19.69677419354839
CAAZ,2020-09-01,23.0,21.459999999999997
CAAZ,2020-10-01,87.9,24.496774193548386
CAAZ,2020-11-01,67.8,24.85
CAAZ,2020-12-01,181.29999999999998,25.961290322580645
CAAZ,2021-01-01,326.0,25.925806451612903
CAAZ,2021-02-01,61.9,24.982142857142858
CAAZ,2021-03-01,61.0,24.38064516129032
CAAZ,2021-04-01,123.1,22.246666666666666
CAAZ,2021-05-01,37.5,17.996774193548386
CAAZ,2021-06-01,37.7,16.37
CAAZ,2021-07-01,43.099999999999994,16.14516129032258
CAAZ,2021-08-01,12.2,19.845161290322583
CAAZ,2021-09-01,85.5,22.993333333333332
CAAZ,2021-10-01,127.6,22.84193548387097
CAAZ,2021-11-01,141.3,25.376666666666665
CAAZ,2021-12-01,25.7,26.703225806451613
CAAZ,2022-01-01,105.0,29.661290322580644
CAAZ,2022-02-01,82.0,27.932142857142857
CAAZ,2022-03-01,270.2,24.296774193548387
CAAZ,2022-04-01,206.29999999999998,22.18
CAAZ,2022-05-01,143.6,16.466129032258063
CAAZ,2022-06-01,43.400000000000006,15.283333333333333
CAAZ,2022-07-01,41.2,20.54516129032258
CAAZ,2022-08-01,48.0,17.651612903225807
CAAZ,2022-09-01,132.7,18.013333333333332
CAAZ,2022-10-01,259.0,20.23225806451613
CAAZ,2022-11-01,82.9,22.82
CAAZ,2022-12-01,80.7,26.932258064516127
CAAZ,2023-01-01,77.0,27.154838709677417
CAAZ,2023-02-01,,
CAAZ,2023-03-01,,25.780645161290323
CAAZ,2023-04-01,132.6,20.846666666666668
CAAZ,2023-05-01,130.6,18.793548387096774
CAAZ,2023-06-01,48.5,18.02
CAAZ,2023-07-01,96.5,18.496774193548386
CAAZ,2023-08-01,81.6,20.480645161290322
CAAZ,2023-09-01,182.0,22.993333333333332
CAAZ,2023-10-01,365.6,22.787096774193547
CAAZ,2023-11-01,378.2,24.946666666666665
CAAZ,2023-12-01,363.79999999999995,26.51290322580645
CMEZA,2000-01-01,198.9,25.029032258064515
CMEZA,2000-02-01,120.3,24.21034482758621
CMEZA,2000-03-01,220.70000000000002,22.770967741935483
CMEZA,2000-04-01,192.7,20.826666666666664
CMEZA,2000-05-01,122.0,16.02258064516129
CMEZA,2000-06-01,162.0,16.703333333333333
CMEZA,2000-07-01,77.6,11.422580645161291
CMEZA,2000-08-01,50.300000000000004,16.81935483870968
CMEZA,2000-09-01,126.9,18.376666666666665
CMEZA,2000-10-01,294.5,22.419354838709676
CMEZA,2000-11-01,195.4,21.92
CMEZA,2000-12-01,253.8,24.580645161290324
CMEZA,2001-01-01,254.29999999999998,24.874193548387098
CMEZA,2001-02-01,88.6,24.87857142857143
CMEZA,2001-03-01,100.89999999999999,24.07741935483871
CMEZA,2001-04-01,216.7,22.413333333333334
CMEZA,2001-05-01,87.9,15.73225806451613
CMEZA,2001-06-01,70.4,15.28
CMEZA,2001-07-01,72.2,15.964516129032257
CMEZA,2001-08-01,75.7,18.996774193548386
CMEZA,2001-09-01,153.3,18.0
CMEZA,2001-10-01,62.89999999999999,21.312903225806455
CMEZA,2001-11-01,259.9,23.813333333333333
CMEZA,2001-12-01,136.0,24.20967741935484
CMEZA,2002-01-01,466.3,24.200000000000003
CMEZA,2002-02-01,68.3,23.74642857142857
CMEZA,2002-03-01,271.40000000000003,25.74516129032258
CMEZA,2002-04-01,123.5,22.546666666666667
CMEZA,2002-05-01,234.6,19.38064516129032
CMEZA,2002-06-01,149.89999999999998,16.106666666666666
CMEZA,2002-07-01,124.7,14.712903225806452
CMEZA,2002-08-01,142.70000000000002,18.067741935483873
CMEZA,2002-09-01,142.8,17.736666666666668
CMEZA,2002-10-01,261.7,21.848387096774193
CMEZA,2002-11-01,170.3,22.823333333333334
CMEZA,2002-12-01,154.2,24.761290322580646
CMEZA,2003-01-01,84.0,25.551612903225806
CMEZA,2003-02-01,242.6,24.696428571428573
CMEZA,2003-03-01,123.69999999999999,23.4741935483871
CMEZA,2003-04-01,132.3,20.790000000000003
CMEZA,2003-05-01,7.699999999999999,17.206451612903226
CMEZA,2003-06-01,102.4,18.836666666666666
CMEZA,2003-07-01,37.8,15.82258064516129
CMEZA,2003-08-01,64.8,14.358064516129033
CMEZA,2003-09-01,53.199999999999996,19.290000000000003
CMEZA,2003-10-01,185.5,22.40967741935484
CMEZA,2003-11-01,144.1,22.44333333333333
CMEZA,2003-12-01,473.1,23.212903225806453
CMEZA,2004-01-01,87.7,25.335483870967742
CMEZA,2004-02-01,81.5,23.596551724137928
CMEZA,2004-03-01,22.4,24.27741935483871
CMEZA,2004-04-01,177.8,22.7
CMEZA,2004-05-01,108.8,14.670967741935485
CMEZA,2004-06-01,81.89999999999999,16.383333333333333
CMEZA,2004-07-01,95.0,14.480645161290322
CMEZA,2004-08-01,20.0,15.606451612903227
CMEZA,2004-09-01,83.9,19.176666666666666
CMEZA,2004-10-01,186.1,20.625806451612902
CMEZA,2004-11-01,197.0,21.654999999999998
CMEZA,2004-12-01,92.7,23.97741935483871
CMEZA,2005-01-01,101.6,25.55322580645161
CMEZA,2005-02-01,7.4,25.630357142857143
CMEZA,2005-03-01,54.0,24.780645161290323
CMEZA,2005-04-01,269.1,20.603333333333335
CMEZA,2005-05-01,187.79999999999998,19.151612903225807
CMEZA,2005-06-01,228.8,18.793333333333333
CMEZA,2005-07-01,16.9,14.819354838709677
CMEZA,2005-08-01,25.7,17.73225806451613
CMEZA,2005-09-01,123.3,15.379999999999999
CMEZA,2005-10-01,139.5,20.861290322580647
CMEZA,2005-11-01,116.5,23.873333333333335
CMEZA,2005-12-01,87.89999999999999,24.47741935483871
CMEZA,2006-01-01,143.70000000000002,25.932258064516127
CMEZA,2006-02-01,54.5,24.79642857142857
CMEZA,2006-03-01,147.7,24.032258064516128
CMEZA,2006-04-01,94.2,20.396666666666665
CMEZA,2006-05-01,51.6,15.46774193548387
CMEZA,2006-06-01,77.6,18.2
CMEZA,2006-07-01,27.7,19.26774193548387
CMEZA,2006-08-01,138.8,17.011290322580646
CMEZA,2006-09-01,126.0,18.334999999999997
CMEZA,2006-10-01,220.0,23.46451612903226
CMEZA,2006-11-01,194.0,23.198333333333334
CMEZA,2006-12-01,279.0,26.57903225806452
CMEZA,2007-01-01,265.7,26.246774193548386
CMEZA,2007-02-01,138.6,25.414285714285715
CMEZA,2007-03-01,101.7,25.69516129032258
CMEZA,2007-04-01,200.3,22.746666666666666
CMEZA,2007-05-01,243.0,15.26774193548387
CMEZA,2007-06-01,12.2,16.403333333333332
CMEZA,2007-07-01,139.0,12.929032258064517
CMEZA,2007-08-01,55.9,15.432258064516128
CMEZA,2007-09-01,48.0,21.426666666666666
CMEZA,2007-10-01,345.0,22.53870967741935
CMEZA,2007-11-01,357.9,21.64333333333333
CMEZA,2007-12-01,370.0,25.25483870967742
CMEZA,2008-01-01,112.0,25.18064516129032
CMEZA,2008-02-01,56.0,24.75862068965517
CMEZA,2008-03-01,46.5,24.13225806451613
CMEZA,2008-04-01,339.6,20.31
CMEZA,2008-05-01,52.0,16.406451612903226
CMEZA,2008-06-01,109.6,14.116666666666667
CMEZA,2008-07-01,27.6,18.570967741935487
CMEZA,2008-08-01,88.4,17.51290322580645
CMEZA,2008-09-01,98.0,16.923333333333332
CMEZA,2008-10-01,370.7,21.070967741935487
CMEZA,2008-11-01,166.6,23.66
CMEZA,2008-12-01,37.9,25.541935483870965
CMEZA,2009-01-01,260.3,24.041935483870965
CMEZA,2009-02-01,126.69999999999999,24.889285714285712
CMEZA,2009-03-01,37.8,25.048387096774192
CMEZA,2009-04-01,62.6,22.57
CMEZA,2009-05-01,165.7,18.33225806451613
CMEZA,2009-06-01,113.9,13.183333333333334
CMEZA,2009-07-01,220.9,12.429032258064517
CMEZA,2009-08-01,135.3,17.306451612903224
CMEZA,2009-09-01,215.0,17.426666666666666
CMEZA,2009-10-01,146.3,21.467741935483872
CMEZA,2009-11-01,394.6,24.833333333333332
CMEZA,2009-12-01,169.9,25.0
CMEZA,2010-01-01,130.6,25.47741935483871
CMEZA,2010-02-01,126.6,25.982142857142858
CMEZA,2010-03-01,255.4,24.429032258064513
CMEZA,2010-04-01,208.5,20.513333333333332
CMEZA,2010-05-01,244.3,16.14516129032258
CMEZA,2010-06-01,77.5,16.473333333333333
CMEZA,2010-07-01,196.3,14.725806451612904
CMEZA,2010-08-01,11.799999999999999,16.074193548387097
CMEZA,2010-09-01,259.70000000000005,18.436666666666667
CMEZA,2010-10-01,163.89999999999998,19.53548387096774
CMEZA,2010-11-01,93.1,21.87
CMEZA,2010-12-01,475.90000000000003,23.706451612903226
CMEZA,2011-01-01,63.4,26.438709677419357
CMEZA,2011-02-01,141.4,25.282142857142855
CMEZA,2011-03-01,66.4,25.283870967741933
CMEZA,2011-04-01,142.8,22.363333333333333
CMEZA,2011-05-01,32.0,18.551612903225806
CMEZA,2011-06-01,194.39999999999998,15.563333333333333
CMEZA,2011-07-01,284.6,15.609677419354838
CMEZA,2011-08-01,62.5,17.480645161290322
CMEZA,2011-09-01,68.0,20.16
CMEZA,2011-10-01,271.8,22.703225806451613
CMEZA,2011-11-01,63.300000000000004,24.040000000000003
CMEZA,2011-12-01,70.7,26.083870967741937
CMEZA,2012-01-01,121.39999999999999,25.948387096774194
CMEZA,2012-02-01,106.4,27.0
CMEZA,2012-03-01,67.3,23.82903225806452
CMEZA,2012-04-01,199.1,20.206666666666667
CMEZA,2012-05-01,52.5,18.406451612903226
CMEZA,2012-06-01,129.4,15.846666666666666
CMEZA,2012-07-01,116.5,14.14516129032258
CMEZA,2012-08-01,15.6,19.203225806451613
CMEZA,2012-09-01,69.2,20.563333333333333
CMEZA,2012-10-01,233.5,22.46451612903226
CMEZA,2012-11-01,61.4,24.1
CMEZA,2012-12-01,311.9,24.67096774193548
CMEZA,2013-01-01,110.6,24.18064516129032
CMEZA,2013-02-01,125.2,23.946428571428573
CMEZA,2013-03-01,337.8,21.580645161290324
CMEZA,2013-04-01,218.9,20.35
CMEZA,2013-05-01,112.9,17.216129032258067
CMEZA,2013-06-01,120.7,16.023333333333333
CMEZA,2013-07-01,17.8,14.94516129032258
CMEZA,2013-08-01,145.0,13.577419354838709
CMEZA,2013-09-01,128.20000000000002,17.783333333333335
CMEZA,2013-10-01,168.0,21.58709677419355
CMEZA,2013-11-01,156.1,23.83
CMEZA,2013-12-01,73.1,24.82903225806452
CMEZA,2014-01-01,137.6,25.44193548387097
CMEZA,2014-02-01,93.5,25.785714285714285
CMEZA,2014-03-01,237.8,22.79032258064516
CMEZA,2014-04-01,349.7,20.53666666666667
CMEZA,2014-05-01,169.7,17.203225806451613
CMEZA,2014-06-01,317.3,15.976666666666667
CMEZA,2014-07-01,194.3,15.870967741935484
CMEZA,2014-08-01,28.8,18.538709677419355
CMEZA,2014-09-01,316.0,20.226666666666667
CMEZA,2014-10-01,81.89999999999999,24.338709677419356
CMEZA,2014-11-01,188.1,23.206666666666667
CMEZA,2014-12-01,454.1,23.893548387096775
CMEZA,2015-01-01,178.9,24.84193548387097
CMEZA,2015-02-01,110.7,25.521428571428572
CMEZA,2015-03-01,124.6,24.31935483870968
CMEZA,2015-04-01,123.0,21.259999999999998
CMEZA,2015-05-01,255.9,18.641935483870967
CMEZA,2015-06-01,131.9,17.709999999999997
CMEZA,2015-07-01,217.9,15.812903225806451
CMEZA,2015-08-01,58.7,20.932258064516127
CMEZA,2015-09-01,99.7,20.60666666666667
CMEZA,2015-10-01,178.1,22.293548387096774
CMEZA,2015-11-01,401.0,22.446666666666665
CMEZA,2015-12-01,284.5,23.88064516129032
CMEZA,2016-01-01,92.5,26.916129032258063
CMEZA,2016-02-01,140.5,26.117241379310343
CMEZA,2016-03-01,142.2,22.76451612903226
CMEZA,2016-04-01,172.0,23.353333333333335
CMEZA,2016-05-01,112.0,16.093548387096774
CMEZA,2016-06-01,30.1,13.363333333333333
CMEZA,2016-07-01,108.7,15.94516129032258
CMEZA,2016-08-01,105.4,17.567741935483873
CMEZA,2016-09-01,28.7,18.186666666666667
CMEZA,2016-10-01,248.79999999999998,20.98709677419355
CMEZA,2016-11-01,152.7,22.3
CMEZA,2016-12-01,167.1,24.57741935483871
CMEZA,2017-01-01,169.5,25.52258064516129
CMEZA,2017-02-01,206.3,24.95
CMEZA,2017-03-01,255.2,23.9
CMEZA,2017-04-01,567.0,20.113333333333333
CMEZA,2017-05-01,372.0,18.551612903225806
CMEZA,2017-06-01,110.89999999999999,16.343333333333334
CMEZA,2017-07-01,22.1,17.1
CMEZA,2017-08-01,181.2,18.654838709677417
CMEZA,2017-09-01,67.8,22.226666666666667
CMEZA,2017-10-01,448.8,20.88064516129032
CMEZA,2017-11-01,263.09999999999997,21.926666666666666
CMEZA,2017-12-01,140.7,25.635483870967743
CMEZA,2018-01-01,196.9,24.73225806451613
CMEZA,2018-02-01,46.6,25.021428571428572
CMEZA,2018-03-01,67.4,24.296774193548387
CMEZA,2018-04-01,0.9,24.366666666666667
CMEZA,2018-05-01,163.0,19.712903225806453
CMEZA,2018-06-01,,14.51
CMEZA,2018-07-01,17.7,15.758064516129032
CMEZA,2018-08-01,55.4,14.545161290322582
CMEZA,2018-09-01,140.6,19.316666666666666
CMEZA,2018-10-01,306.7,20.94516129032258
CMEZA,2018-11-01,270.8,23.68
CMEZA,2018-12-01,125.5,24.81935483870968
CMEZA,2019-01-01,132.1,26.761290322580646
CMEZA,2019-02-01,314.5,24.24642857142857
CMEZA,2019-03-01,102.4,22.583870967741937
CMEZA,2019-04-01,425.0,21.526666666666664
CMEZA,2019-05-01,413.8,18.625806451612902
CMEZA,2019-06-01,35.1,18.263333333333332
CMEZA,2019-07-01,83.9,14.103225806451613
CMEZA,2019-08-01,74.2,16.119354838709675
CMEZA,2019-09-01,37.4,20.48
CMEZA,2019-10-01,107.9,23.73548387096774
CMEZA,2019-11-01,254.0,24.613333333333333
CMEZA,2019-12-01,179.9,24.190322580645162
CMEZA,2020-01-01,256.3,25.4741935483871
CMEZA,2020-02-01,341.09999999999997,24.272413793103446
CMEZA,2020-03-01,123.4,24.822580645161292
CMEZA,2020-04-01,132.5,19.85666666666667
CMEZA,2020-05-01,235.0,16.112903225806452
CMEZA,2020-06-01,339.3,17.296666666666667
CMEZA,2020-07-01,118.10000000000001,14.709677419354838
CMEZA,2020-08-01,22.4,17.580645161290324
CMEZA,2020-09-01,28.6,20.69333333333333
CMEZA,2020-10-01,68.8,23.26774193548387
CMEZA,2020-11-01,56.0,24.136666666666667
CMEZA,2020-12-01,160.8,24.72258064516129
CMEZA,2021-01-01,314.2,24.54516129032258
CMEZA,2021-02-01,31.6,24.02857142857143
CMEZA,2021-03-01,142.7,23.4741935483871
CMEZA,2021-04-01,123.69999999999999,20.55666666666667
CMEZA,2021-05-01,43.099999999999994,16.561290322580643
CMEZA,2021-06-01,144.4,14.503333333333334
CMEZA,2021-07-01,46.1,14.077419354838709
CMEZA,2021-08-01,22.4,18.48709677419355
CMEZA,2021-09-01,153.6,21.028333333333332
CMEZA,2021-10-01,326.2,20.78548387096774
CMEZA,2021-11-01,133.89999999999998,23.666666666666668
CMEZA,2021-12-01,6.1,25.95483870967742
CMEZA,2022-01-01,83.7,27.690322580645162
CMEZA,2022-02-01,51.6,26.325
CMEZA,2022-03-01,425.2,22.835483870967742
CMEZA,2022-04-01,374.59999999999997,19.81
CMEZA,2022-05-01,191.6,15.416129032258064
CMEZA,2022-06-01,57.4,14.193333333333333
CMEZA,2022-07-01,38.7,18.61935483870968
CMEZA,2022-08-01,95.69999999999999,16.261290322580646
CMEZA,2022-09-01,127.4,16.823333333333334
CMEZA,2022-10-01,337.6,19.58709677419355
CMEZA,2022-11-01,87.5,21.433333333333334
CMEZA,2022-12-01,19.799999999999997,25.467741935483872
CMEZA,2023-01-01,136.1,25.616129032258065
CMEZA,2023-02-01,49.900000000000006,24.510714285714283
CMEZA,2023-03-01,175.0,24.883870967741935
CMEZA,2023-04-01,115.8,19.953333333333333
CMEZA,2023-05-01,123.1,17.838709677419356
CMEZA,2023-06-01,68.6,16.77
CMEZA,2023-07-01,159.1,16.883870967741935
CMEZA,2023-08-01,144.0,18.774193548387096
CMEZA,2023-09-01,340.2,21.94333333333333
CMEZA,2023-10-01,,21.416129032258063
CMEZA,2023-11-01,,23.633333333333333
CMEZA,2023-12-01,262.4,25.23225806451613
CONC,2000-01-01,58.4,29.88064516129032
CONC,2000-02-01,62.5,28.010344827586206
CONC,2000-03-01,126.8,26.825806451612905
CONC,2000-04-01,28.6,24.43
CONC,2000-05-01,98.6,19.606451612903225
CONC,2000-06-01,160.6,20.246666666666666
CONC,2000-07-01,11.5,14.154838709677419
CONC,2000-08-01,57.0,20.316129032258065
CONC,2000-09-01,29.1,21.12
CONC,2000-10-01,130.7,26.325806451612905
CONC,2000-11-01,211.0,24.62
CONC,2000-12-01,138.6,26.861290322580647
CONC,2001-01-01,100.7,28.125806451612902
CONC,2001-02-01,177.3,26.55
CONC,2001-03-01,39.0,26.729032258064517
CONC,2001-04-01,258.4,24.44333333333333
CONC,2001-05-01,18.6,19.1
CONC,2001-06-01,10.200000000000001,17.813333333333333
CONC,2001-07-01,4.1,20.806451612903224
CONC,2001-08-01,12.899999999999999,24.074193548387097
CONC,2001-09-01,116.4,23.096666666666668
CONC,2001-10-01,89.1,25.193548387096776
CONC,2001-11-01,112.2,26.14
CONC,2001-12-01,176.0,25.280645161290323
CONC,2002-01-01,36.6,27.758064516129032
CONC,2002-02-01,142.4,26.267857142857142
CONC,2002-03-01,143.1,28.690322580645162
CONC,2002-04-01,98.3,25.459999999999997
CONC,2002-05-01,245.20000000000002,22.39032258064516
CONC,2002-06-01,36.8,18.916666666666668
CONC,2002-07-01,38.2,17.177419354838708
CONC,2002-08-01,25.1,22.393548387096775
CONC,2002-09-01,54.2,23.10666666666667
CONC,2002-10-01,169.29999999999998,27.55806451612903
CONC,2002-11-01,237.1,26.203333333333333
CONC,2002-12-01,100.0,27.961290322580645
CONC,2003-01-01,264.4,27.812903225806455
CONC,2003-02-01,359.7,26.67142857142857
CONC,2003-03-01,183.2,26.003225806451614
CONC,2003-04-01,51.1,22.986666666666668
CONC,2003-05-01,56.7,19.993548387096773
CONC,2003-06-01,62.9,21.383333333333333
CONC,2003-07-01,54.099999999999994,18.62258064516129
CONC,2003-08-01,29.7,17.677419354838708
CONC,2003-09-01,100.9,22.546666666666667
CONC,2003-10-01,141.3,24.919354838709676
CONC,2003-11-01,260.9,26.15
CONC,2003-12-01,198.20000000000002,26.61935483870968
CONC,2004-01-01,86.8,28.44516129032258
CONC,2004-02-01,117.0,26.92758620689655
CONC,2004-03-01,74.8,25.993548387096773
CONC,2004-04-01,313.1,25.2
CONC,2004-05-01,127.1,17.01290322580645
CONC,2004-06-01,173.7,19.63
CONC,2004-07-01,47.599999999999994,18.283870967741933
CONC,2004-08-01,1.2,19.364516129032257
CONC,2004-09-01,6.8,23.116666666666667
CONC,2004-10-01,160.4,24.770967741935483
CONC,2004-11-01,429.9,24.69
CONC,2004-12-01,112.10000000000001,26.861290322580647
CONC,2005-01-01,245.5,27.225806451612904
CONC,2005-02-01,29.7,26.803571428571427
CONC,2005-03-01,6.5,27.238709677419354
CONC,2005-04-01,197.5,23.84333333333333
CONC,2005-05-01,83.6,21.77741935483871
CONC,2005-06-01,94.60000000000001,21.279999999999998
CONC,2005-07-01,52.7,17.503225806451614
CONC,2005-08-01,28.0,21.81935483870968
CONC,2005-09-01,127.19999999999999,18.673333333333336
CONC,2005-10-01,174.0,23.677419354838708
CONC,2005-11-01,352.9,25.293333333333333
CONC,2005-12-01,92.6,26.641935483870967
CONC,2006-01-01,26.299999999999997,28.54516129032258
CONC,2006-02-01,40.800000000000004,28.314285714285713
CONC,2006-03-01,133.1,27.306451612903224
CONC,2006-04-01,107.0,23.94333333333333
CONC,2006-05-01,69.2,18.009677419354837
CONC,2006-06-01,49.0,20.886666666666667
CONC,2006-07-01,34.6,21.374193548387098
CONC,2006-08-01,52.3,21.04516129032258
CONC,2006-09-01,94.30000000000001,22.386666666666667
CONC,2006-10-01,185.0,26.24516129032258
CONC,2006-11-01,176.1,25.336666666666666
CONC,2006-12-01,142.9,28.27741935483871
CONC,2007-01-01,384.0,28.164516129032258
CONC,2007-02-01,125.2,27.228571428571428
CONC,2007-03-01,151.4,27.23548387096774
CONC,2007-04-01,204.0,24.603333333333335
CONC,2007-05-01,43.3,17.84193548387097
CONC,2007-06-01,0.0,19.266666666666666
CONC,2007-07-01,7.9,16.42258064516129
CONC,2007-08-01,4.5,18.37741935483871
CONC,2007-09-01,4.7,26.06
CONC,2007-10-01,82.7,27.57741935483871
CONC,2007-11-01,258.9,24.90666666666667
CONC,2007-12-01,135.7,27.029032258064515
CONC,2008-01-01,310.9,27.309677419354838
CONC,2008-02-01,260.7,26.400000000000002
CONC,2008-03-01,103.9,25.793548387096774
CONC,2008-04-01,81.0,22.93
CONC,2008-05-01,37.0,19.51290322580645
CONC,2008-06-01,73.2,16.476666666666667
CONC,2008-07-01,32.5,21.59032258064516
CONC,2008-08-01,45.6,20.893548387096775
CONC,2008-09-01,39.1,20.666666666666668
CONC,2008-10-01,203.1,25.312903225806455
CONC,2008-11-01,214.1,26.136666666666667
CONC,2008-12-01,137.7,27.429032258064513
CONC,2009-01-01,246.1,26.299999999999997
CONC,2009-02-01,133.2,27.360714285714288
CONC,2009-03-01,51.3,27.261290322580646
CONC,2009-04-01,3.2,24.456666666666667
CONC,2009-05-01,148.5,21.741935483870968
CONC,2009-06-01,47.2,16.883333333333333
CONC,2009-07-01,82.0,16.793548387096774
CONC,2009-08-01,14.600000000000001,20.338709677419356
CONC,2009-09-01,73.7,21.48
CONC,2009-10-01,138.9,25.15806451612903
CONC,2009-11-01,80.3,29.966666666666665
CONC,2009-12-01,267.3,27.648387096774194
CONC,2010-01-01,202.5,27.97741935483871
CONC,2010-02-01,187.5,28.557142857142857
CONC,2010-03-01,207.9,27.05483870967742
CONC,2010-04-01,37.7,23.493333333333332
CONC,2010-05-01,135.0,18.25483870967742
CONC,2010-06-01,12.0,20.19333333333333
CONC,2010-07-01,48.1,17.87741935483871
CONC,2010-08-01,0.8,19.470967741935485
CONC,2010-09-01,121.4,22.043333333333333
CONC,2010-10-01,162.4,22.36774193548387
CONC,2010-11-01,180.20000000000002,23.976666666666667
CONC,2010-12-01,148.2,27.770967741935483
CONC,2011-01-01,120.6,27.851612903225806
CONC,2011-02-01,238.70000000000002,26.646428571428572
CONC,2011-03-01,166.5,25.983870967741936
CONC,2011-04-01,74.5,24.033333333333335
CONC,2011-05-01,59.0,19.806451612903224
CONC,2011-06-01,39.199999999999996,18.183333333333334
CONC,2011-07-01,67.5,18.664516129032258
CONC,2011-08-01,28.5,20.03548387096774
CONC,2011-09-01,76.0,21.863333333333333
CONC,2011-10-01,101.1,25.08709677419355
CONC,2011-11-01,195.3,25.709999999999997
CONC,2011-12-01,111.39999999999999,26.851612903225806
CONC,2012-01-01,150.3,28.03548387096774
CONC,2012-02-01,217.3,27.772413793103446
CONC,2012-03-01,282.3,25.370967741935484
CONC,2012-04-01,201.5,23.316666666666666
CONC,2012-05-01,34.2,20.874193548387098
CONC,2012-06-01,100.0,18.886666666666667
CONC,2012-07-01,59.8,17.003225806451614
CONC,2012-08-01,4.4,22.396774193548385
CONC,2012-09-01,13.3,24.053333333333335
CONC,2012-10-01,161.7,26.532258064516128
CONC,2012-11-01,189.89999999999998,26.470000000000002
CONC,2012-12-01,81.3,29.016129032258064
CONC,2013-01-01,71.9,28.200000000000003
CONC,2013-02-01,122.7,28.282142857142855
CONC,2013-03-01,163.4,25.693548387096776
CONC,2013-04-01,345.59999999999997,23.096666666666668
CONC,2013-05-01,143.29999999999998,20.835483870967742
CONC,2013-06-01,212.8,19.15
CONC,2013-07-01,1.2,18.63225806451613
CONC,2013-08-01,7.9,17.43548387096774
CONC,2013-09-01,31.5,22.23
CONC,2013-10-01,257.5,24.251612903225805
CONC,2013-11-01,172.8,26.3
CONC,2013-12-01,164.7,28.190322580645162
CONC,2014-01-01,118.3,27.548387096774192
CONC,2014-02-01,65.7,28.11785714285714
CONC,2014-03-01,146.6,25.306451612903224
CONC,2014-04-01,340.0,24.1
CONC,2014-05-01,99.3,20.248387096774195
CONC,2014-06-01,288.0,19.433333333333334
CONC,2014-07-01,112.9,19.570967741935487
CONC,2014-08-01,13.5,21.84193548387097
CONC,2014-09-01,121.1,25.366666666666667
CONC,2014-10-01,11.3,27.870967741935484
CONC,2014-11-01,193.39999999999998,25.826666666666664
CONC,2014-12-01,41.9,27.816129032258065
CONC,2015-01-01,82.4,28.64516129032258
CONC,2015-02-01,180.3,27.446428571428573
CONC,2015-03-01,65.4,26.03548387096774
CONC,2015-04-01,162.20000000000002,24.470000000000002
CONC,2015-05-01,187.9,21.003225806451614
CONC,2015-06-01,57.3,21.153333333333332
CONC,2015-07-01,136.3,19.419354838709676
CONC,2015-08-01,24.200000000000003,24.01290322580645
CONC,2015-09-01,189.7,23.866666666666667
CONC,2015-10-01,269.9,25.16774193548387
CONC,2015-11-01,405.09999999999997,25.766666666666666
CONC,2015-12-01,398.7,27.74516129032258
CONC,2016-01-01,195.29999999999998,28.309677419354838
CONC,2016-02-01,252.8,27.879310344827587
CONC,2016-03-01,117.69999999999999,24.929032258064513
CONC,2016-04-01,56.8,25.403333333333332
CONC,2016-05-01,165.5,18.15806451612903
CONC,2016-06-01,9.9,15.026666666666667
CONC,2016-07-01,27.400000000000002,18.62258064516129
CONC,2016-08-01,68.1,20.712903225806453
CONC,2016-09-01,83.6,20.033333333333335
CONC,2016-10-01,114.7,24.787096774193547
CONC,2016-11-01,100.80000000000001,25.09
CONC,2016-12-01,331.1,26.861290322580647
CONC,2017-01-01,132.5,28.31935483870968
CONC,2017-02-01,40.0,27.57857142857143
CONC,2017-03-01,65.5,27.13225806451613
CONC,2017-04-01,135.9,23.05666666666667
CONC,2017-05-01,115.10000000000001,21.83225806451613
CONC,2017-06-01,57.9,19.473333333333336
CONC,2017-07-01,0.7,19.69677419354839
CONC,2017-08-01,39.1,23.051612903225806
CONC,2017-09-01,34.5,24.6
CONC,2017-10-01,100.0,25.53548387096774
CONC,2017-11-01,186.0,25.146666666666665
CONC,2017-12-01,149.7,27.648387096774194
CONC,2018-01-01,190.3,27.35483870967742
CONC,2018-02-01,208.8,26.517857142857142
CONC,2018-03-01,160.0,25.82903225806452
CONC,2018-04-01,28.4,25.71
CONC,2018-05-01,154.0,21.76451612903226
CONC,2018-06-01,13.9,17.346666666666668
CONC,2018-07-01,2.1,18.02258064516129
CONC,2018-08-01,29.700000000000003,17.24516129032258
CONC,2018-09-01,157.6,22.77
CONC,2018-10-01,309.4,24.60967741935484
CONC,2018-11-01,263.3,26.313333333333333
CONC,2018-12-01,63.5,27.706451612903226
CONC,2019-01-01,153.20000000000002,29.574193548387097
CONC,2019-02-01,126.00000000000001,27.964285714285715
CONC,2019-03-01,310.2,26.074193548387097
CONC,2019-04-01,237.2,24.653333333333332
CONC,2019-05-01,136.7,21.958064516129035
CONC,2019-06-01,26.2,21.316666666666666
CONC,2019-07-01,22.1,17.248387096774195
CONC,2019-08-01,6.3999999999999995,19.887096774193548
CONC,2019-09-01,14.8,24.103333333333335
CONC,2019-10-01,61.4,26.51290322580645
CONC,2019-11-01,218.9,28.566666666666666
CONC,2019-12-01,238.8,26.374193548387098
CONC,2020-01-01,227.9,28.34193548387097
CONC,2020-02-01,47.3,27.71379310344828
CONC,2020-03-01,19.8,27.700000000000003
CONC,2020-04-01,61.7,22.853333333333335
CONC,2020-05-01,82.6,19.570967741935487
CONC,2020-06-01,78.5,20.883333333333333
CONC,2020-07-01,18.2,19.461290322580645
CONC,2020-08-01,108.6,21.519354838709678
CONC,2020-09-01,19.6,23.69333333333333
CONC,2020-10-01,117.5,26.62258064516129
CONC,2020-11-01,161.0,25.823333333333334
CONC,2020-12-01,139.7,27.483870967741936
CONC,2021-01-01,674.9,27.241935483870968
CONC,2021-02-01,75.9,26.310714285714287
CONC,2021-03-01,51.5,25.835483870967742
CONC,2021-04-01,100.0,23.46333333333333
CONC,2021-05-01,16.3,20.43548387096774
CONC,2021-06-01,50.699999999999996,18.209999999999997
CONC,2021-07-01,14.100000000000001,17.741935483870968
CONC,2021-08-01,14.8,21.251612903225805
CONC,2021-09-01,18.0,26.634999999999998
CONC,2021-10-01,215.8,26.18064516129032
CONC,2021-11-01,143.5,27.446666666666665
CONC,2021-12-01,64.2,28.940322580645162
CONC,2022-01-01,56.3,31.925806451612903
CONC,2022-02-01,49.8,29.86785714285714
CONC,2022-03-01,120.2,27.55483870967742
CONC,2022-04-01,35.9,26.1
CONC,2022-05-01,79.7,18.60967741935484
CONC,2022-06-01,70.4,17.15
CONC,2022-07-01,7.4,22.703225806451613
CONC,2022-08-01,114.7,20.070967741935487
CONC,2022-09-01,39.0,19.926666666666666
CONC,2022-10-01,178.4,22.570967741935487
CONC,2022-11-01,150.60000000000002,24.013333333333332
CONC,2022-12-01,21.099999999999998,28.596774193548388
CONC,2023-01-01,145.9,28.532258064516128
CONC,2023-02-01,265.2,26.0
CONC,2023-03-01,151.4,26.39032258064516
CONC,2023-04-01,136.9,23.296666666666667
CONC,2023-05-01,94.5,20.81935483870968
CONC,2023-06-01,57.199999999999996,19.64333333333333
CONC,2023-07-01,5.5,21.08709677419355
CONC,2023-08-01,37.900000000000006,23.638709677419353
CONC,2023-09-01,34.800000000000004,26.423333333333336
CONC,2023-10-01,134.8,28.16774193548387
CONC,2023-11-01,156.7,29.63
CONC,2023-12-01,110.60000000000001,29.429032258064513
COVIE,2000-01-01,127.6,26.483870967741936
COVIE,2000-02-01,60.300000000000004,25.944827586206895
COVIE,2000-03-01,130.0,24.674193548387095
COVIE,2000-04-01,52.6,22.363333333333333
COVIE,2000-05-01,191.1,17.183870967741935
COVIE,2000-06-01,182.6,18.423333333333336
COVIE,2000-07-01,55.5,12.483870967741936
COVIE,2000-08-01,74.2,18.851612903225806
COVIE,2000-09-01,61.3,19.709999999999997
COVIE,2000-10-01,225.7,23.687096774193545
COVIE,2000-11-01,158.2,23.236666666666668
COVIE,2000-12-01,166.8,25.04516129032258
COVIE,2001-01-01,88.4,26.419354838709676
COVIE,2001-02-01,273.5,26.053571428571427
COVIE,2001-03-01,161.3,25.12258064516129
COVIE,2001-04-01,135.9,23.09333333333333
COVIE,2001-05-01,50.1,16.9
COVIE,2001-06-01,128.4,16.55
COVIE,2001-07-01,75.7,18.11935483870968
COVIE,2001-08-01,51.8,21.151612903225807
COVIE,2001-09-01,216.89999999999998,19.87
COVIE,2001-10-01,57.3,22.90967741935484
COVIE,2001-11-01,176.5,24.709999999999997
COVIE,2001-12-01,189.2,24.325806451612905
COVIE,2002-01-01,152.0,25.238709677419354
COVIE,2002-02-01,109.3,24.539285714285715
COVIE,2002-03-01,110.7,27.016129032258064
COVIE,2002-04-01,75.4,23.846666666666668
COVIE,2002-05-01,172.1,21.116129032258065
COVIE,2002-06-01,112.1,17.43
COVIE,2002-07-01,58.4,15.658064516129032
COVIE,2002-08-01,90.5,20.374193548387098
COVIE,2002-09-01,90.3,19.703333333333333
COVIE,2002-10-01,93.7,24.419354838709676
COVIE,2002-11-01,326.6,24.096666666666668
COVIE,2002-12-01,123.60000000000001,26.51290322580645
COVIE,2003-01-01,101.6,26.796774193548387
COVIE,2003-02-01,350.2,25.75357142857143
COVIE,2003-03-01,28.6,24.80322580645161
COVIE,2003-04-01,113.60000000000001,21.28666666666667
COVIE,2003-05-01,13.2,18.01290322580645
COVIE,2003-06-01,88.2,19.709999999999997
COVIE,2003-07-01,33.699999999999996,16.948387096774194
COVIE,2003-08-01,46.0,15.658064516129032
COVIE,2003-09-01,69.4,20.616666666666667
COVIE,2003-10-01,280.9,22.929032258064513
COVIE,2003-11-01,180.1,23.526666666666664
COVIE,2003-12-01,347.7,24.677419354838708
COVIE,2004-01-01,59.6,26.387096774193548
COVIE,2004-02-01,106.6,24.782758620689656
COVIE,2004-03-01,39.5,24.383870967741935
COVIE,2004-04-01,168.60000000000002,23.59
COVIE,2004-05-01,166.9,15.683870967741935
COVIE,2004-06-01,79.7,17.896666666666665
COVIE,2004-07-01,88.5,16.97741935483871
COVIE,2004-08-01,10.0,18.138709677419353
COVIE,2004-09-01,26.1,20.926666666666666
COVIE,2004-10-01,223.2,22.47741935483871
COVIE,2004-11-01,291.5,23.003333333333334
COVIE,2004-12-01,138.9,24.896774193548385
COVIE,2005-01-01,146.7,26.216129032258067
COVIE,2005-02-01,24.7,25.332142857142856
COVIE,2005-03-01,54.099999999999994,25.187096774193545
COVIE,2005-04-01,164.79999999999998,22.023333333333333
COVIE,2005-05-01,301.0,20.44516129032258
COVIE,2005-06-01,98.1,20.220000000000002
COVIE,2005-07-01,21.3,16.1
COVIE,2005-08-01,21.1,20.44677419354839
COVIE,2005-09-01,136.6,16.51
COVIE,2005-10-01,258.3,21.758064516129032
COVIE,2005-11-01,95.3,24.23
COVIE,2005-12-01,36.2,25.37741935483871
COVIE,2006-01-01,82.4,27.44516129032258
COVIE,2006-02-01,118.0,25.939285714285713
COVIE,2006-03-01,353.4,25.067741935483873
COVIE,2006-04-01,129.1,21.623333333333335
COVIE,2006-05-01,17.400000000000002,15.941935483870967
COVIE,2006-06-01,82.1,19.236666666666668
COVIE,2006-07-01,42.2,19.58709677419355
COVIE,2006-08-01,108.4,18.55806451612903
COVIE,2006-09-01,188.0,19.59
COVIE,2006-10-01,197.3,24.309677419354838
COVIE,2006-11-01,149.79999999999998,23.6
COVIE,2006-12-01,178.1,26.925806451612903
COVIE,2007-01-01,246.10000000000002,26.406451612903226
COVIE,2007-02-01,186.9,25.625
COVIE,2007-03-01,240.6,25.70967741935484
COVIE,2007-04-01,148.6,23.08
COVIE,2007-05-01,232.0,16.10967741935484
COVIE,2007-06-01,4.1,17.446666666666665
COVIE,2007-07-01,21.5,14.629032258064516
COVIE,2007-08-01,15.799999999999999,16.09032258064516
COVIE,2007-09-01,28.9,23.313333333333333
COVIE,2007-10-01,226.50000000000003,24.154838709677417
COVIE,2007-11-01,281.2,22.4
COVIE,2007-12-01,148.20000000000002,25.741935483870968
COVIE,2008-01-01,74.7,25.88064516129032
COVIE,2008-02-01,123.0,25.2
COVIE,2008-03-01,115.6,24.516129032258064
COVIE,2008-04-01,134.3,20.566666666666666
COVIE,2008-05-01,49.099999999999994,17.293548387096774
COVIE,2008-06-01,82.5,15.153333333333334
COVIE,2008-07-01,64.5,20.241935483870968
COVIE,2008-08-01,46.5,19.048387096774192
COVIE,2008-09-01,89.3,17.743333333333332
COVIE,2008-10-01,159.0,23.20967741935484
COVIE,2008-11-01,140.39999999999998,24.84333333333333
COVIE,2008-12-01,79.0,26.312903225806455
COVIE,2009-01-01,264.7,24.809677419354838
COVIE,2009-02-01,207.3,25.77857142857143
COVIE,2009-03-01,5.2,25.638709677419353
COVIE,2009-04-01,29.0,22.896666666666665
COVIE,2009-05-01,289.5,19.62258064516129
COVIE,2009-06-01,91.39999999999999,14.586666666666668
COVIE,2009-07-01,165.5,14.100000000000001
COVIE,2009-08-01,110.4,19.05483870967742
COVIE,2009-09-01,138.1,19.086666666666666
COVIE,2009-10-01,258.6,22.729032258064517
COVIE,2009-11-01,239.6,26.759999999999998
COVIE,2009-12-01,298.6,25.929032258064513
COVIE,2010-01-01,92.9,26.664516129032258
COVIE,2010-02-01,234.0,27.025000000000002
COVIE,2010-03-01,293.5,25.112903225806452
COVIE,2010-04-01,92.4,21.366666666666667
COVIE,2010-05-01,223.1,16.874193548387098
COVIE,2010-06-01,36.3,17.936666666666667
COVIE,2010-07-01,117.0,15.974193548387097
COVIE,2010-08-01,2.3,17.56451612903226
COVIE,2010-09-01,84.3,19.996666666666666
COVIE,2010-10-01,222.6,20.529032258064515
COVIE,2010-11-01,67.3,22.61
COVIE,2010-12-01,157.6,25.858064516129033
COVIE,2011-01-01,95.3,27.293548387096774
COVIE,2011-02-01,243.2,25.650000000000002
COVIE,2011-03-01,126.9,25.187096774193545
COVIE,2011-04-01,116.0,22.77
COVIE,2011-05-01,6.9,18.17096774193548
COVIE,2011-06-01,63.8,16.583333333333332
COVIE,2011-07-01,183.1,16.47741935483871
COVIE,2011-08-01,38.2,18.14516129032258
COVIE,2011-09-01,81.0,20.413333333333334
COVIE,2011-10-01,275.6,22.835483870967742
COVIE,2011-11-01,245.8,23.823333333333334
COVIE,2011-12-01,13.6,25.177419354838708
COVIE,2012-01-01,92.3,27.009677419354837
COVIE,2012-02-01,92.0,27.36896551724138
COVIE,2012-03-01,183.2,23.932258064516127
COVIE,2012-04-01,297.3,21.23
COVIE,2012-05-01,190.99999999999997,19.361290322580647
COVIE,2012-06-01,123.7,17.433333333333334
COVIE,2012-07-01,146.8,15.138709677419355
COVIE,2012-08-01,15.0,20.85483870967742
COVIE,2012-09-01,32.3,22.123333333333335
COVIE,2012-10-01,292.5,24.251612903225805
COVIE,2012-11-01,239.89999999999998,25.09
COVIE,2012-12-01,128.9,27.641935483870967
COVIE,2013-01-01,64.7,26.364516129032257
COVIE,2013-02-01,266.8,25.771428571428572
COVIE,2013-03-01,136.2,23.370967741935484
COVIE,2013-04-01,170.9,21.116666666666667
COVIE,2013-05-01,286.90000000000003,18.5
COVIE,2013-06-01,218.8,17.146666666666665
COVIE,2013-07-01,4.4,16.716129032258067
COVIE,2013-08-01,60.7,15.167741935483871
COVIE,2013-09-01,98.2,19.313333333333333
COVIE,2013-10-01,108.7,22.274193548387096
COVIE,2013-11-01,130.8,24.790000000000003
COVIE,2013-12-01,73.6,27.03548387096774
COVIE,2014-01-01,78.60000000000001,27.467741935483872
COVIE,2014-02-01,10.8,27.610714285714288
COVIE,2014-03-01,145.6,24.26774193548387
COVIE,2014-04-01,381.0,22.10666666666667
COVIE,2014-05-01,178.89999999999998,18.89032258064516
COVIE,2014-06-01,232.7,17.61
COVIE,2014-07-01,133.70000000000002,17.874193548387098
COVIE,2014-08-01,46.0,19.725806451612904
COVIE,2014-09-01,211.70000000000002,22.42
COVIE,2014-10-01,117.0,25.280645161290323
COVIE,2014-11-01,263.7,24.279999999999998
COVIE,2014-12-01,96.4,25.458064516129035
COVIE,2015-01-01,292.0,26.57741935483871
COVIE,2015-02-01,224.1,26.064285714285713
COVIE,2015-03-01,112.1,24.9741935483871
COVIE,2015-04-01,174.7,22.48
COVIE,2015-05-01,446.2,19.238709677419354
COVIE,2015-06-01,137.3,19.136666666666667
COVIE,2015-07-01,302.9,17.106451612903225
COVIE,2015-08-01,35.4,21.993548387096773
COVIE,2015-09-01,42.0,21.453333333333333
COVIE,2015-10-01,66.0,23.312903225806448
COVIE,2015-11-01,253.0,23.996666666666666
COVIE,2015-12-01,296.1,25.674193548387095
COVIE,2016-01-01,286.2,27.396774193548385
COVIE,2016-02-01,138.8,27.086206896551722
COVIE,2016-03-01,104.5,23.638709677419353
COVIE,2016-04-01,150.79999999999998,24.203333333333333
COVIE,2016-05-01,60.9,16.796774193548387
COVIE,2016-06-01,1.2,13.726666666666667
COVIE,2016-07-01,19.6,17.116129032258065
COVIE,2016-08-01,103.2,18.700000000000003
COVIE,2016-09-01,50.0,18.509999999999998
COVIE,2016-10-01,222.1,22.61935483870968
COVIE,2016-11-01,202.0,23.33
COVIE,2016-12-01,,26.0258064516129
COVIE,2017-01-01,60.3,27.35
COVIE,2017-02-01,175.3,26.417857142857144
COVIE,2017-03-01,220.4,25.112903225806452
COVIE,2017-04-01,330.8,21.720000000000002
COVIE,2017-05-01,,20.17096774193548
COVIE,2017-06-01,79.4,17.740000000000002
COVIE,2017-07-01,5.3,18.31935483870968
COVIE,2017-08-01,131.0,20.89032258064516
COVIE,2017-09-01,83.9,22.68
COVIE,2017-10-01,394.5,22.893548387096775
COVIE,2017-11-01,219.0,23.216666666666665
COVIE,2017-12-01,311.70000000000005,26.470967741935485
COVIE,2018-01-01,223.60000000000002,26.02258064516129
COVIE,2018-02-01,141.8,25.67142857142857
COVIE,2018-03-01,181.8,24.719354838709677
COVIE,2018-04-01,0.0,24.336666666666666
COVIE,2018-05-01,131.4,20.238709677419354
COVIE,2018-06-01,23.900000000000002,15.473333333333333
COVIE,2018-07-01,28.0,16.383870967741935
COVIE,2018-08-01,51.2,16.04516129032258
COVIE,2018-09-01,270.8,20.58
COVIE,2018-10-01,211.7,22.574193548387097
COVIE,2018-11-01,295.40000000000003,24.94333333333333
COVIE,2018-12-01,56.5,26.32903225806452
COVIE,2019-01-01,92.0,27.958064516129035
COVIE,2019-02-01,75.9,26.089285714285715
COVIE,2019-03-01,307.8,24.229032258064517
COVIE,2019-04-01,205.6,22.413333333333334
COVIE,2019-05-01,199.5,20.23225806451613
COVIE,2019-06-01,4.4,19.77
COVIE,2019-07-01,12.7,15.893548387096773
COVIE,2019-08-01,16.8,18.04516129032258
COVIE,2019-09-01,46.3,21.513333333333332
COVIE,2019-10-01,87.6,24.54516129032258
COVIE,2019-11-01,183.5,26.793333333333333
COVIE,2019-12-01,239.9,25.538709677419355
COVIE,2020-01-01,317.5,26.861290322580647
COVIE,2020-02-01,32.0,26.451724137931034
COVIE,2020-03-01,13.4,26.567741935483873
COVIE,2020-04-01,174.5,20.946666666666665
COVIE,2020-05-01,180.7,17.387096774193548
COVIE,2020-06-01,97.8,19.376666666666665
COVIE,2020-07-01,17.400000000000002,16.806451612903224
COVIE,2020-08-01,53.8,19.216129032258067
COVIE,2020-09-01,5.5,21.793333333333333
COVIE,2020-10-01,63.5,25.370967741935484
COVIE,2020-11-01,147.3,25.08
COVIE,2020-12-01,300.1,25.796774193548387
COVIE,2021-01-01,296.6,25.79032258064516
COVIE,2021-02-01,137.89999999999998,25.05
COVIE,2021-03-01,206.79999999999998,24.07741935483871
COVIE,2021-04-01,99.5,21.59333333333333
COVIE,2021-05-01,11.700000000000001,17.916129032258063
COVIE,2021-06-01,49.1,16.106666666666666
COVIE,2021-07-01,50.400000000000006,15.387096774193548
COVIE,2021-08-01,5.2,19.387096774193548
COVIE,2021-09-01,46.400000000000006,23.06
COVIE,2021-10-01,169.0,22.835483870967742
COVIE,2021-11-01,127.4,25.17
COVIE,2021-12-01,9.5,26.933870967741935
COVIE,2022-01-01,44.7,29.274193548387096
COVIE,2022-02-01,109.8,27.360714285714288
COVIE,2022-03-01,329.4,24.596774193548388
COVIE,2022-04-01,306.9,22.158333333333335
COVIE,2022-05-01,175.1,16.806451612903224
COVIE,2022-06-01,54.900000000000006,15.553333333333335
COVIE,2022-07-01,17.2,20.27741935483871
COVIE,2022-08-01,88.5,18.316129032258065
COVIE,2022-09-01,113.5,17.673333333333336
COVIE,2022-10-01,337.2,20.725806451612904
COVIE,2022-11-01,137.4,22.886666666666667
COVIE,2022-12-01,18.5,26.85483870967742
COVIE,2023-01-01,120.5,27.009677419354837
COVIE,2023-02-01,51.1,25.24642857142857
COVIE,2023-03-01,82.6,25.91290322580645
COVIE,2023-04-01,122.6,21.459999999999997
COVIE,2023-05-01,136.5,18.94193548387097
COVIE,2023-06-01,15.399999999999999,17.776666666666664
COVIE,2023-07-01,48.199999999999996,18.92258064516129
COVIE,2023-08-01,87.89999999999999,20.793548387096774
COVIE,2023-09-01,197.5,23.31
COVIE,2023-10-01,259.3,23.925806451612903
COVIE,2023-11-01,391.9,25.586666666666666
COVIE,2023-12-01,305.2,26.73225806451613
ENCAR,2000-01-01,222.0,26.683870967741935
ENCAR,2000-02-01,136.6,26.162068965517243
ENCAR,2000-03-01,41.0,24.719354838709677
ENCAR,2000-04-01,123.0,22.783333333333335
ENCAR,2000-05-01,144.0,16.351612903225806
ENCAR,2000-06-01,187.0,17.35
ENCAR,2000-07-01,89.0,11.674193548387096
ENCAR,2000-08-01,41.0,17.35483870967742
ENCAR,2000-09-01,85.0,19.296666666666667
ENCAR,2000-10-01,416.0,22.916129032258063
ENCAR,2000-11-01,143.0,23.259999999999998
ENCAR,2000-12-01,154.4,25.69677419354839
ENCAR,2001-01-01,281.0,26.348387096774193
ENCAR,2001-02-01,156.0,26.29642857142857
ENCAR,2001-03-01,139.0,25.703225806451613
ENCAR,2001-04-01,136.2,23.076666666666664
ENCAR,2001-05-01,37.0,17.10967741935484
ENCAR,2001-06-01,102.0,16.283333333333335
ENCAR,2001-07-01,57.0,17.13225806451613
ENCAR,2001-08-01,88.0,20.12258064516129
ENCAR,2001-09-01,122.0,19.083333333333332
ENCAR,2001-10-01,48.0,22.51290322580645
ENCAR,2001-11-01,187.0,24.39333333333333
ENCAR,2001-12-01,38.0,25.31935483870968
ENCAR,2002-01-01,354.2,25.480645161290322
ENCAR,2002-02-01,33.2,24.982142857142858
ENCAR,2002-03-01,195.0,26.151612903225807
ENCAR,2002-04-01,202.0,22.55666666666667
ENCAR,2002-05-01,255.2,19.77741935483871
ENCAR,2002-06-01,47.0,15.353333333333333
ENCAR,2002-07-01,140.4,14.203225806451613
ENCAR,2002-08-01,242.9,18.716129032258067
ENCAR,2002-09-01,189.4,18.240000000000002
ENCAR,2002-10-01,467.9,22.9
ENCAR,2002-11-01,95.6,22.653333333333332
ENCAR,2002-12-01,273.6,25.116129032258065
ENCAR,2003-01-01,256.6,25.74516129032258
ENCAR,2003-02-01,195.0,25.357142857142858
ENCAR,2003-03-01,191.0,24.048387096774192
ENCAR,2003-04-01,103.2,20.91
ENCAR,2003-05-01,6.4,18.229032258064517
ENCAR,2003-06-01,44.2,19.183333333333334
ENCAR,2003-07-01,40.0,15.832258064516129
ENCAR,2003-08-01,70.0,14.345161290322581
ENCAR,2003-09-01,78.2,19.146666666666665
ENCAR,2003-10-01,250.0,22.60967741935484
ENCAR,2003-11-01,224.60000000000002,22.316666666666666
ENCAR,2003-12-01,312.3,23.593548387096774
ENCAR,2004-01-01,70.8,26.212903225806453
ENCAR,2004-02-01,41.2,24.682758620689654
ENCAR,2004-03-01,59.4,23.812903225806455
ENCAR,2004-04-01,230.4,22.416666666666668
ENCAR,2004-05-01,56.0,14.948387096774193
ENCAR,2004-06-01,94.6,16.356666666666666
ENCAR,2004-07-01,62.8,15.45483870967742
ENCAR,2004-08-01,22.4,15.929032258064517
ENCAR,2004-09-01,150.4,19.853333333333335
ENCAR,2004-10-01,213.0,21.016129032258064
ENCAR,2004-11-01,300.7,22.053333333333335
ENCAR,2004-12-01,92.0,24.683870967741935
ENCAR,2005-01-01,135.4,26.261290322580646
ENCAR,2005-02-01,,25.630357142857143
ENCAR,2005-03-01,118.8,25.06451612903226
ENCAR,2005-04-01,,20.603333333333335
ENCAR,2005-05-01,233.60000000000002,19.5258064516129
ENCAR,2005-06-01,,18.793333333333333
ENCAR,2005-07-01,46.2,14.758064516129032
ENCAR,2005-08-01,,17.73225806451613
ENCAR,2005-09-01,93.0,15.966666666666667
ENCAR,2005-10-01,90.1,20.93548387096774
ENCAR,2005-11-01,152.6,23.993333333333332
ENCAR,2005-12-01,,24.47741935483871
ENCAR,2006-01-01,69.4,27.358064516129033
ENCAR,2006-02-01,20.0,26.04642857142857
ENCAR,2006-03-01,232.0,24.88064516129032
ENCAR,2006-04-01,95.2,20.796666666666667
ENCAR,2006-05-01,40.0,15.964516129032257
ENCAR,2006-06-01,68.4,17.69333333333333
ENCAR,2006-07-01,21.0,19.006451612903227
ENCAR,2006-08-01,117.4,17.387096774193548
ENCAR,2006-09-01,138.6,18.396666666666665
ENCAR,2006-10-01,281.9,23.44516129032258
ENCAR,2006-11-01,222.6,23.8
ENCAR,2006-12-01,229.8,26.845161290322583
ENCAR,2007-01-01,260.0,26.203225806451613
ENCAR,2007-02-01,136.4,26.178571428571427
ENCAR,2007-03-01,141.0,25.693548387096776
ENCAR,2007-04-01,227.0,22.80666666666667
ENCAR,2007-05-01,202.8,15.383870967741935
ENCAR,2007-06-01,24.0,16.383333333333333
ENCAR,2007-07-01,75.0,12.96774193548387
ENCAR,2007-08-01,33.7,15.441935483870967
ENCAR,2007-09-01,155.0,21.779999999999998
ENCAR,2007-10-01,316.1,23.348387096774193
ENCAR,2007-11-01,268.3,21.75
ENCAR,2007-12-01,275.0,25.906451612903226
ENCAR,2008-01-01,95.4,26.20967741935484
ENCAR,2008-02-01,99.69999999999999,24.910344827586208
ENCAR,2008-03-01,23.4,24.799999999999997
ENCAR,2008-04-01,323.8,20.263333333333332
ENCAR,2008-05-01,39.2,16.61935483870968
ENCAR,2008-06-01,164.6,14.583333333333334
ENCAR,2008-07-01,48.4,18.98709677419355
ENCAR,2008-08-01,79.9,17.616129032258065
ENCAR,2008-09-01,108.2,17.296666666666667
ENCAR,2008-10-01,312.0,21.529032258064515
ENCAR,2008-11-01,89.0,24.553333333333335
ENCAR,2008-12-01,10.2,26.66774193548387
ENCAR,2009-01-01,108.9,25.61935483870968
ENCAR,2009-02-01,166.2,26.042857142857144
ENCAR,2009-03-01,12.0,25.51290322580645
ENCAR,2009-04-01,46.6,22.44
ENCAR,2009-05-01,134.2,19.093548387096774
ENCAR,2009-06-01,109.0,13.31
ENCAR,2009-07-01,167.5,12.02258064516129
ENCAR,2009-08-01,173.8,17.761290322580646
ENCAR,2009-09-01,229.0,18.37
ENCAR,2009-10-01,133.0,22.425806451612903
ENCAR,2009-11-01,400.1,26.033333333333335
ENCAR,2009-12-01,229.60000000000002,26.16774193548387
ENCAR,2010-01-01,181.4,26.835483870967742
ENCAR,2010-02-01,116.4,27.817857142857143
ENCAR,2010-03-01,93.0,25.45483870967742
ENCAR,2010-04-01,171.4,20.85666666666667
ENCAR,2010-05-01,189.0,16.393548387096775
ENCAR,2010-06-01,155.5,16.71
ENCAR,2010-07-01,116.0,14.80967741935484
ENCAR,2010-08-01,6.6,16.361290322580643
ENCAR,2010-09-01,159.6,18.793333333333333
ENCAR,2010-10-01,122.9,20.048387096774192
ENCAR,2010-11-01,40.0,22.8
ENCAR,2010-12-01,219.6,25.229032258064517
ENCAR,2011-01-01,62.5,27.79032258064516
ENCAR,2011-02-01,255.7,26.057142857142857
ENCAR,2011-03-01,70.4,25.17096774193548
ENCAR,2011-04-01,133.20000000000002,22.28666666666667
ENCAR,2011-05-01,30.5,18.62258064516129
ENCAR,2011-06-01,164.9,15.973333333333333
ENCAR,2011-07-01,99.39999999999999,15.461290322580645
ENCAR,2011-08-01,90.9,17.716129032258067
ENCAR,2011-09-01,52.7,20.383333333333333
ENCAR,2011-10-01,325.5,22.73225806451613
ENCAR,2011-11-01,87.3,24.433333333333334
ENCAR,2011-12-01,64.8,26.003225806451614
ENCAR,2012-01-01,27.3,27.641935483870967
ENCAR,2012-02-01,161.0,27.910344827586208
ENCAR,2012-03-01,49.1,23.9741935483871
ENCAR,2012-04-01,159.0,20.746666666666666
ENCAR,2012-05-01,38.8,19.29032258064516
ENCAR,2012-06-01,100.8,16.476666666666667
ENCAR,2012-07-01,66.0,14.151612903225805
ENCAR,2012-08-01,72.0,20.23225806451613
ENCAR,2012-09-01,43.6,21.25
ENCAR,2012-10-01,213.0,22.932258064516127
ENCAR,2012-11-01,48.4,25.233333333333334
ENCAR,2012-12-01,435.5,26.461290322580645
ENCAR,2013-01-01,83.6,25.948387096774194
ENCAR,2013-02-01,67.4,25.517857142857142
ENCAR,2013-03-01,274.8,22.14516129032258
ENCAR,2013-04-01,235.0,20.89333333333333
ENCAR,2013-05-01,153.0,17.33225806451613
ENCAR,2013-06-01,70.2,16.086666666666666
ENCAR,2013-07-01,206.4,15.890322580645162
ENCAR,2013-08-01,105.8,14.638709677419355
ENCAR,2013-09-01,93.60000000000001,18.653333333333332
ENCAR,2013-10-01,208.10000000000002,22.39032258064516
ENCAR,2013-11-01,146.2,25.516666666666666
ENCAR,2013-12-01,109.9,27.416129032258063
ENCAR,2014-01-01,256.0,27.9741935483871
ENCAR,2014-02-01,57.9,27.67142857142857
ENCAR,2014-03-01,421.5,24.074193548387097
ENCAR,2014-04-01,339.70000000000005,22.506666666666668
ENCAR,2014-05-01,217.0,18.361290322580647
ENCAR,2014-06-01,304.5,16.786666666666665
ENCAR,2014-07-01,197.7,16.700000000000003
ENCAR,2014-08-01,39.2,18.864516129032257
ENCAR,2014-09-01,379.8,21.05
ENCAR,2014-10-01,193.6,24.741935483870968
ENCAR,2014-11-01,222.39999999999998,23.83
ENCAR,2014-12-01,289.6,24.603225806451615
ENCAR,2015-01-01,301.9,25.716129032258067
ENCAR,2015-02-01,22.7,25.821428571428573
ENCAR,2015-03-01,91.3,24.62258064516129
ENCAR,2015-04-01,160.4,21.966666666666665
ENCAR,2015-05-01,227.4,18.69677419354839
ENCAR,2015-06-01,193.6,18.003333333333334
ENCAR,2015-07-01,169.1,16.025806451612905
ENCAR,2015-08-01,41.0,21.006451612903227
ENCAR,2015-09-01,131.9,20.23
ENCAR,2015-10-01,90.1,22.129032258064516
ENCAR,2015-11-01,325.6,22.603333333333335
ENCAR,2015-12-01,290.2,24.654838709677417
ENCAR,2016-01-01,107.1,27.280645161290323
ENCAR,2016-02-01,303.0,26.641379310344828
ENCAR,2016-03-01,311.2,22.674193548387095
ENCAR,2016-04-01,171.6,23.27
ENCAR,2016-05-01,89.5,15.951612903225806
ENCAR,2016-06-01,7.0,12.82
ENCAR,2016-07-01,56.9,15.961290322580645
ENCAR,2016-08-01,116.0,17.893548387096775
ENCAR,2016-09-01,36.5,18.19
ENCAR,2016-10-01,201.3,21.27741935483871
ENCAR,2016-11-01,189.2,22.706666666666667
ENCAR,2016-12-01,252.0,25.200000000000003
ENCAR,2017-01-01,72.30000000000001,26.280645161290323
ENCAR,2017-02-01,172.7,25.664285714285715
ENCAR,2017-03-01,267.5,24.638709677419353
ENCAR,2017-04-01,453.1,20.563333333333333
ENCAR,2017-05-01,321.0,18.90967741935484
ENCAR,2017-06-01,119.60000000000001,16.88
ENCAR,2017-07-01,3.8,18.141935483870967
ENCAR,2017-08-01,202.8,18.993548387096773
ENCAR,2017-09-01,42.5,22.053333333333335
ENCAR,2017-10-01,445.4,21.251612903225805
ENCAR,2017-11-01,228.1,22.509999999999998
ENCAR,2017-12-01,106.2,26.44516129032258
ENCAR,2018-01-01,327.3,25.299999999999997
ENCAR,2018-02-01,54.9,25.192857142857143
ENCAR,2018-03-01,152.3,24.203225806451613
ENCAR,2018-04-01,0.0,24.546666666666667
ENCAR,2018-05-01,91.4,19.97741935483871
ENCAR,2018-06-01,28.2,14.586666666666668
ENCAR,2018-07-01,20.9,15.638709677419355
ENCAR,2018-08-01,48.4,15.174193548387096
ENCAR,2018-09-01,141.0,20.33
ENCAR,2018-10-01,374.4,21.293548387096774
ENCAR,2018-11-01,290.7,24.313333333333333
ENCAR,2018-12-01,187.6,25.63225806451613
ENCAR,2019-01-01,170.4,27.0258064516129
ENCAR,2019-02-01,125.3,25.146428571428572
ENCAR,2019-03-01,307.2,23.432258064516127
ENCAR,2019-04-01,245.3,22.209999999999997
ENCAR,2019-05-01,386.4,19.258064516129032
ENCAR,2019-06-01,4.1,19.28666666666667
ENCAR,2019-07-01,131.0,14.725806451612904
ENCAR,2019-08-01,64.7,16.70967741935484
ENCAR,2019-09-01,10.7,20.153333333333332
ENCAR,2019-10-01,113.6,23.51290322580645
ENCAR,2019-11-01,310.3,25.40666666666667
ENCAR,2019-12-01,92.2,25.21935483870968
ENCAR,2020-01-01,220.7,26.406451612903226
ENCAR,2020-02-01,93.1,25.227586206896554
ENCAR,2020-03-01,44.4,25.74516129032258
ENCAR,2020-04-01,104.0,20.686666666666667
ENCAR,2020-05-01,117.9,17.019354838709678
ENCAR,2020-06-01,131.6,17.736666666666668
ENCAR,2020-07-01,144.7,15.241935483870968
ENCAR,2020-08-01,51.3,18.432258064516127
ENCAR,2020-09-01,40.2,20.44
ENCAR,2020-10-01,33.5,23.56451612903226
ENCAR,2020-11-01,120.0,24.446666666666665
ENCAR,2020-12-01,84.8,25.509677419354837
ENCAR,2021-01-01,334.5,25.403225806451612
ENCAR,2021-02-01,33.6,24.74642857142857
ENCAR,2021-03-01,231.0,23.919354838709676
ENCAR,2021-04-01,27.9,21.6
ENCAR,2021-05-01,68.4,17.248387096774195
ENCAR,2021-06-01,108.6,15.463333333333333
ENCAR,2021-07-01,30.0,15.654838709677419
ENCAR,2021-08-01,44.0,19.154838709677417
ENCAR,2021-09-01,91.4,21.321666666666665
ENCAR,2021-10-01,155.5,21.570967741935487
ENCAR,2021-11-01,77.4,24.56
ENCAR,2021-12-01,0.5,26.891935483870967
ENCAR,2022-01-01,21.5,29.40967741935484
ENCAR,2022-02-01,61.4,28.107142857142858
ENCAR,2022-03-01,266.4,24.835483870967742
ENCAR,2022-04-01,261.4,21.883333333333333
ENCAR,2022-05-01,220.9,16.206451612903226
ENCAR,2022-06-01,81.7,14.646666666666667
ENCAR,2022-07-01,46.300000000000004,19.70967741935484
ENCAR,2022-08-01,58.300000000000004,16.870967741935484
ENCAR,2022-09-01,76.39999999999999,17.333333333333332
ENCAR,2022-10-01,216.1,19.88064516129032
ENCAR,2022-11-01,92.8,22.416666666666668
ENCAR,2022-12-01,92.8,26.548387096774192
ENCAR,2023-01-01,77.6,27.067741935483873
ENCAR,2023-02-01,61.8,25.825
ENCAR,2023-03-01,101.5,25.870967741935484
ENCAR,2023-04-01,141.7,21.076666666666664
ENCAR,2023-05-01,169.2,18.809677419354838
ENCAR,2023-06-01,40.7,17.793333333333333
ENCAR,2023-07-01,52.1,17.625806451612902
ENCAR,2023-08-01,171.5,19.690322580645162
ENCAR,2023-09-01,317.3,22.12
ENCAR,2023-10-01,500.1,21.416129032258063
ENCAR,2023-11-01,338.4,24.136666666666667
ENCAR,2023-12-01,263.5,25.883870967741935
GBRU,2000-01-01,76.1,28.348387096774193
GBRU,2000-02-01,83.39999999999999,27.193103448275863
GBRU,2000-03-01,37.0,26.048387096774192
GBRU,2000-04-01,197.0,23.073333333333334
GBRU,2000-05-01,76.4,18.200000000000003
GBRU,2000-06-01,138.2,18.71333333333333
GBRU,2000-07-01,8.2,12.135483870967741
GBRU,2000-08-01,76.6,18.725806451612904
GBRU,2000-09-01,18.5,20.303333333333335
GBRU,2000-10-01,155.6,24.690322580645162
GBRU,2000-11-01,187.3,23.533333333333335
GBRU,2000-12-01,194.0,26.225806451612904
GBRU,2001-01-01,14.5,27.970967741935485
GBRU,2001-02-01,171.2,27.164285714285715
GBRU,2001-03-01,120.8,26.15806451612903
GBRU,2001-04-01,171.3,23.603333333333335
GBRU,2001-05-01,43.4,17.483870967741936
GBRU,2001-06-01,19.7,16.903333333333332
GBRU,2001-07-01,16.8,18.44516129032258
GBRU,2001-08-01,23.4,21.870967741935484
GBRU,2001-09-01,130.3,20.423333333333336
GBRU,2001-10-01,64.9,23.73548387096774
GBRU,2001-11-01,110.0,25.220000000000002
GBRU,2001-12-01,117.8,25.11935483870968
GBRU,2002-01-01,35.9,27.780645161290323
GBRU,2002-02-01,156.8,25.84642857142857
GBRU,2002-03-01,81.6,27.893548387096775
GBRU,2002-04-01,189.5,23.64
GBRU,2002-05-01,123.3,21.074193548387097
GBRU,2002-06-01,74.4,16.473333333333333
GBRU,2002-07-01,19.000000000000004,14.62258064516129
GBRU,2002-08-01,30.7,20.335483870967742
GBRU,2002-09-01,27.5,20.836666666666666
GBRU,2002-10-01,98.3,26.596774193548388
GBRU,2002-11-01,336.3,25.526666666666664
GBRU,2002-12-01,33.5,27.470967741935485
GBRU,2003-01-01,196.9,26.97741935483871
GBRU,2003-02-01,226.7,26.389285714285712
GBRU,2003-03-01,194.9,25.451612903225808
GBRU,2003-04-01,30.299999999999997,22.083333333333332
GBRU,2003-05-01,6.199999999999999,18.44516129032258
GBRU,2003-06-01,30.2,20.346666666666668
GBRU,2003-07-01,4.4,16.751612903225805
GBRU,2003-08-01,12.0,16.306451612903224
GBRU,2003-09-01,55.3,21.726666666666667
GBRU,2003-10-01,55.7,24.674193548387095
GBRU,2003-11-01,242.3,26.176666666666666
GBRU,2003-12-01,301.4,26.612903225806452
GBRU,2004-01-01,27.2,27.503225806451614
GBRU,2004-02-01,73.1,25.855172413793102
GBRU,2004-03-01,114.9,24.69677419354839
GBRU,2004-04-01,255.0,23.953333333333333
GBRU,2004-05-01,62.099999999999994,14.85483870967742
GBRU,2004-06-01,59.099999999999994,17.636666666666667
GBRU,2004-07-01,54.8,16.40967741935484
GBRU,2004-08-01,2.8000000000000003,17.758064516129032
GBRU,2004-09-01,24.0,20.956666666666667
GBRU,2004-10-01,120.39999999999999,23.825806451612905
GBRU,2004-11-01,291.2,23.91
GBRU,2004-12-01,91.0,26.112903225806452
GBRU,2005-01-01,118.0,26.983870967741936
GBRU,2005-02-01,75.9,25.803571428571427
GBRU,2005-03-01,67.5,25.070967741935487
GBRU,2005-04-01,151.5,22.52
GBRU,2005-05-01,125.0,19.970967741935485
GBRU,2005-06-01,,20.09333333333333
GBRU,2005-07-01,2.0,15.820967741935483
GBRU,2005-08-01,7.8,19.519354838709678
GBRU,2005-09-01,78.3,17.533333333333335
GBRU,2005-10-01,124.5,21.700000000000003
GBRU,2005-11-01,114.6,24.496666666666666
GBRU,2005-12-01,,26.01451612903226
GBRU,2006-01-01,95.6,27.467741935483872
GBRU,2006-02-01,22.1,26.910714285714285
GBRU,2006-03-01,122.5,27.258064516129032
GBRU,2006-04-01,107.8,22.836666666666666
GBRU,2006-05-01,42.8,16.51290322580645
GBRU,2006-06-01,39.9,19.436666666666667
GBRU,2006-07-01,,20.016129032258064
GBRU,2006-08-01,28.599999999999998,19.148387096774194
GBRU,2006-09-01,38.8,20.863333333333333
GBRU,2006-10-01,303.4,25.63064516129032
GBRU,2006-11-01,158.5,25.378333333333334
GBRU,2006-12-01,194.1,27.796774193548387
GBRU,2007-01-01,146.4,27.906451612903226
GBRU,2007-02-01,51.4,27.142857142857142
GBRU,2007-03-01,246.1,26.425806451612903
GBRU,2007-04-01,166.7,23.813333333333333
GBRU,2007-05-01,98.0,16.270967741935486
GBRU,2007-06-01,6.0,16.666666666666668
GBRU,2007-07-01,18.0,13.64516129032258
GBRU,2007-08-01,0.2,14.516129032258064
GBRU,2007-09-01,20.0,22.55
GBRU,2007-10-01,46.9,26.461290322580645
GBRU,2007-11-01,113.0,24.09
GBRU,2007-12-01,340.5,26.682258064516127
GBRU,2008-01-01,151.2,27.23548387096774
GBRU,2008-02-01,166.29999999999998,25.74137931034483
GBRU,2008-03-01,239.4,25.25483870967742
GBRU,2008-04-01,29.4,21.426666666666666
GBRU,2008-05-01,,18.151612903225807
GBRU,2008-06-01,28.0,14.5
GBRU,2008-07-01,42.0,19.903225806451612
GBRU,2008-08-01,18.1,18.65806451612903
GBRU,2008-09-01,13.3,19.13
GBRU,2008-10-01,44.9,24.480645161290322
GBRU,2008-11-01,169.1,25.40666666666667
GBRU,2008-12-01,52.300000000000004,27.316129032258065
GBRU,2009-01-01,102.5,25.88064516129032
GBRU,2009-02-01,233.8,26.52857142857143
GBRU,2009-03-01,70.3,26.15806451612903
GBRU,2009-04-01,37.5,22.833333333333332
GBRU,2009-05-01,320.7,19.66774193548387
GBRU,2009-06-01,36.199999999999996,14.796666666666665
GBRU,2009-07-01,122.30000000000001,14.174193548387098
GBRU,2009-08-01,12.5,18.31935483870968
GBRU,2009-09-01,56.9,19.63
GBRU,2009-10-01,55.0,24.345161290322583
GBRU,2009-11-01,77.2,29.583333333333332
GBRU,2009-12-01,185.8,27.029032258064515
GBRU,2010-01-01,72.1,27.97741935483871
GBRU,2010-02-01,94.1,29.25714285714286
GBRU,2010-03-01,104.60000000000001,26.690322580645162
GBRU,2010-04-01,34.5,22.423333333333336
GBRU,2010-05-01,177.7,16.751612903225805
GBRU,2010-06-01,14.2,17.433333333333334
GBRU,2010-07-01,90.4,15.483870967741936
GBRU,2010-08-01,0.2,17.503225806451614
GBRU,2010-09-01,49.7,20.596666666666668
GBRU,2010-10-01,161.7,22.161290322580644
GBRU,2010-11-01,93.0,23.136666666666667
GBRU,2010-12-01,87.6,27.46451612903226
GBRU,2011-01-01,244.8,29.17096774193548
GBRU,2011-02-01,426.7,26.760714285714283
GBRU,2011-03-01,65.6,26.129032258064516
GBRU,2011-04-01,93.5,23.956666666666667
GBRU,2011-05-01,18.8,20.370967741935484
GBRU,2011-06-01,35.8,17.6
GBRU,2011-07-01,111.2,18.306451612903224
GBRU,2011-08-01,2.8,19.638709677419353
GBRU,2011-09-01,71.5,22.936666666666667
GBRU,2011-10-01,30.4,25.65806451612903
GBRU,2011-11-01,254.0,26.566666666666666
GBRU,2011-12-01,22.700000000000003,27.706451612903226
GBRU,2012-01-01,162.5,27.780645161290323
GBRU,2012-02-01,52.1,27.417241379310347
GBRU,2012-03-01,150.9,24.73548387096774
GBRU,2012-04-01,356.9,21.916666666666668
GBRU,2012-05-01,44.6,19.822580645161292
GBRU,2012-06-01,30.3,17.490000000000002
GBRU,2012-07-01,17.4,13.980645161290322
GBRU,2012-08-01,16.2,20.55806451612903
GBRU,2012-09-01,14.8,22.92
GBRU,2012-10-01,148.9,26.387096774193548
GBRU,2012-11-01,133.7,25.733333333333334
GBRU,2012-12-01,219.2,28.616129032258065
GBRU,2013-01-01,16.900000000000002,28.019354838709678
GBRU,2013-02-01,221.9,27.15357142857143
GBRU,2013-03-01,51.4,23.835483870967742
GBRU,2013-04-01,81.0,21.956666666666667
GBRU,2013-05-01,72.39999999999999,18.9741935483871
GBRU,2013-06-01,76.89999999999999,17.31
GBRU,2013-07-01,9.4,16.703225806451613
GBRU,2013-08-01,32.1,15.561290322580644
GBRU,2013-09-01,20.4,20.226666666666667
GBRU,2013-10-01,179.4,23.251612903225805
GBRU,2013-11-01,75.2,25.506666666666668
GBRU,2013-12-01,60.5,28.651612903225807
GBRU,2014-01-01,164.0,27.703225806451613
GBRU,2014-02-01,80.4,28.432142857142857
GBRU,2014-03-01,244.7,23.94193548387097
GBRU,2014-04-01,267.8,22.966666666666665
GBRU,2014-05-01,252.3,19.929032258064513
GBRU,2014-06-01,172.4,17.823333333333334
GBRU,2014-07-01,58.4,17.570967741935487
GBRU,2014-08-01,1.6,20.299999999999997
GBRU,2014-09-01,108.9,23.31
GBRU,2014-10-01,48.400000000000006,27.33225806451613
GBRU,2014-11-01,166.1,24.459999999999997
GBRU,2014-12-01,67.8,26.738709677419354
GBRU,2015-01-01,173.29999999999998,27.387096774193548
GBRU,2015-02-01,115.89999999999999,27.110714285714288
GBRU,2015-03-01,196.4,25.429032258064513
GBRU,2015-04-01,198.39999999999998,23.446666666666665
GBRU,2015-05-01,138.4,19.96451612903226
GBRU,2015-06-01,45.3,19.58
GBRU,2015-07-01,32.8,17.40967741935484
GBRU,2015-08-01,23.5,21.55806451612903
GBRU,2015-09-01,2.0,22.03666666666667
GBRU,2015-10-01,121.5,23.919354838709676
GBRU,2015-11-01,228.5,25.126666666666665
GBRU,2015-12-01,254.20000000000002,27.18064516129032
GBRU,2016-01-01,119.6,28.403225806451612
GBRU,2016-02-01,381.1,28.086206896551722
GBRU,2016-03-01,267.1,23.903225806451612
GBRU,2016-04-01,39.699999999999996,24.166666666666668
GBRU,2016-05-01,58.800000000000004,16.612903225806452
GBRU,2016-06-01,28.7,12.643333333333334
GBRU,2016-07-01,6.0,16.712903225806453
GBRU,2016-08-01,12.9,19.019354838709678
GBRU,2016-09-01,33.4,18.996666666666666
GBRU,2016-10-01,102.9,23.638709677419353
GBRU,2016-11-01,212.70000000000002,23.886666666666667
GBRU,2016-12-01,236.8,26.448387096774194
GBRU,2017-01-01,103.3,27.858064516129033
GBRU,2017-02-01,337.1,26.90357142857143
GBRU,2017-03-01,123.5,25.42258064516129
GBRU,2017-04-01,222.29999999999998,21.506666666666668
GBRU,2017-05-01,119.8,20.061290322580643
GBRU,2017-06-01,40.9,17.540000000000003
GBRU,2017-07-01,11.2,18.67096774193548
GBRU,2017-08-01,29.799999999999997,20.983870967741936
GBRU,2017-09-01,76.0,22.383333333333333
GBRU,2017-10-01,124.4,23.261290322580646
GBRU,2017-11-01,198.3,24.07
GBRU,2017-12-01,109.9,27.738709677419354
GBRU,2018-01-01,229.0,26.938709677419357
GBRU,2018-02-01,131.5,25.92142857142857
GBRU,2018-03-01,212.5,24.651612903225807
GBRU,2018-04-01,0.8999999999999999,24.876666666666665
GBRU,2018-05-01,87.2,20.30322580645161
GBRU,2018-06-01,5.9,15.876666666666667
GBRU,2018-07-01,23.7,15.358064516129033
GBRU,2018-08-01,29.8,15.312903225806451
GBRU,2018-09-01,148.6,21.866666666666667
GBRU,2018-10-01,289.9,23.483870967741936
GBRU,2018-11-01,205.9,25.706666666666667
GBRU,2018-12-01,77.7,27.35483870967742
GBRU,2019-01-01,90.4,29.490322580645163
GBRU,2019-02-01,216.4,28.099999999999998
GBRU,2019-03-01,211.7,25.16774193548387
GBRU,2019-04-01,315.8,23.853333333333335
GBRU,2019-05-01,105.6,21.219354838709677
GBRU,2019-06-01,6.9,19.206666666666667
GBRU,2019-07-01,87.80000000000001,15.593548387096773
GBRU,2019-08-01,51.5,17.403225806451612
GBRU,2019-09-01,3.5,21.18
GBRU,2019-10-01,43.199999999999996,24.06451612903226
GBRU,2019-11-01,139.4,27.176666666666666
GBRU,2019-12-01,144.4,25.39032258064516
GBRU,2020-01-01,233.8,27.225806451612904
GBRU,2020-02-01,77.89999999999999,26.57586206896552
GBRU,2020-03-01,46.5,26.693548387096776
GBRU,2020-04-01,25.1,21.616666666666667
GBRU,2020-05-01,32.1,18.44193548387097
GBRU,2020-06-01,34.5,19.60666666666667
GBRU,2020-07-01,21.3,17.225806451612904
GBRU,2020-08-01,9.2,20.858064516129033
GBRU,2020-09-01,15.8,22.626666666666665
GBRU,2020-10-01,71.19999999999999,26.24516129032258
GBRU,2020-11-01,232.0,25.55666666666667
GBRU,2020-12-01,251.3,26.238709677419354
GBRU,2021-01-01,191.6,27.009677419354837
GBRU,2021-02-01,34.5,25.489285714285717
GBRU,2021-03-01,106.0,24.532258064516128
GBRU,2021-04-01,146.7,22.10666666666667
GBRU,2021-05-01,25.9,18.361290322580647
GBRU,2021-06-01,28.8,16.053333333333335
GBRU,2021-07-01,35.8,16.038709677419355
GBRU,2021-08-01,2.5,18.793548387096774
GBRU,2021-09-01,31.4,24.041666666666668
GBRU,2021-10-01,139.8,24.335483870967742
GBRU,2021-11-01,94.6,25.85
GBRU,2021-12-01,38.1,28.299999999999997
GBRU,2022-01-01,60.4,31.81935483870968
GBRU,2022-02-01,23.5,30.142857142857142
GBRU,2022-03-01,213.8,26.24516129032258
GBRU,2022-04-01,69.0,24.556666666666665
GBRU,2022-05-01,57.4,16.441935483870967
GBRU,2022-06-01,15.8,14.806666666666667
GBRU,2022-07-01,1.6,20.574193548387097
GBRU,2022-08-01,4.1,19.26451612903226
GBRU,2022-09-01,7.0,19.493333333333332
GBRU,2022-10-01,258.3,21.958064516129035
GBRU,2022-11-01,162.0,23.276666666666664
GBRU,2022-12-01,78.7,27.44516129032258
GBRU,2023-01-01,76.39999999999999,28.08709677419355
GBRU,2023-02-01,107.6,26.228571428571428
GBRU,2023-03-01,102.6,25.848387096774193
GBRU,2023-04-01,122.30000000000001,21.62
GBRU,2023-05-01,151.4,19.029032258064515
GBRU,2023-06-01,13.0,18.77
GBRU,2023-07-01,22.5,18.961290322580645
GBRU,2023-08-01,21.4,21.74516129032258
GBRU,2023-09-01,36.3,24.053333333333335
GBRU,2023-10-01,44.5,25.796774193548387
GBRU,2023-11-01,180.1,27.486666666666668
GBRU,2023-12-01,252.8,27.932258064516127
LUQUE,2000-01-01,204.4,28.551612903225806
LUQUE,2000-02-01,33.1,27.5
LUQUE,2000-03-01,77.6,26.62258064516129
LUQUE,2000-04-01,128.70000000000002,23.89333333333333
LUQUE,2000-05-01,257.4,18.461290322580645
LUQUE,2000-06-01,134.7,19.02
LUQUE,2000-07-01,34.699999999999996,13.261290322580646
LUQUE,2000-08-01,44.1,19.719354838709677
LUQUE,2000-09-01,48.900000000000006,20.586666666666666
LUQUE,2000-10-01,221.3,24.62258064516129
LUQUE,2000-11-01,137.89999999999998,24.15666666666667
LUQUE,2000-12-01,146.7,26.364516129032257
LUQUE,2001-01-01,27.4,27.916129032258063
LUQUE,2001-02-01,227.29999999999998,27.039285714285715
LUQUE,2001-03-01,192.4,26.393548387096775
LUQUE,2001-04-01,137.1,23.94
LUQUE,2001-05-01,66.39999999999999,17.951612903225808
LUQUE,2001-06-01,60.4,17.883333333333333
LUQUE,2001-07-01,5.5,19.458064516129035
LUQUE,2001-08-01,34.9,22.34193548387097
LUQUE,2001-09-01,180.5,20.796666666666667
LUQUE,2001-10-01,106.5,24.24516129032258
LUQUE,2001-11-01,174.4,25.616666666666667
LUQUE,2001-12-01,128.5,25.43548387096774
LUQUE,2002-01-01,63.5,27.506451612903227
LUQUE,2002-02-01,127.2,25.625
LUQUE,2002-03-01,187.7,27.677419354838708
LUQUE,2002-04-01,111.39999999999999,24.35666666666667
LUQUE,2002-05-01,176.20000000000002,21.6
LUQUE,2002-06-01,97.7,17.483333333333334
LUQUE,2002-07-01,52.7,15.948387096774193
LUQUE,2002-08-01,46.0,21.048387096774192
LUQUE,2002-09-01,41.2,21.333333333333332
LUQUE,2002-10-01,90.7,25.661290322580644
LUQUE,2002-11-01,308.7,25.55
LUQUE,2002-12-01,125.8,27.451612903225808
LUQUE,2003-01-01,168.8,27.641935483870967
LUQUE,2003-02-01,202.5,26.553571428571427
LUQUE,2003-03-01,47.0,25.861290322580647
LUQUE,2003-04-01,125.19999999999999,23.240000000000002
LUQUE,2003-05-01,24.0,19.75483870967742
LUQUE,2003-06-01,45.900000000000006,21.209999999999997
LUQUE,2003-07-01,2.6,17.98709677419355
LUQUE,2003-08-01,55.1,17.42258064516129
LUQUE,2003-09-01,80.1,22.126666666666665
LUQUE,2003-10-01,165.4,24.60967741935484
LUQUE,2003-11-01,172.0,24.9
LUQUE,2003-12-01,213.1,25.706451612903226
LUQUE,2004-01-01,27.4,28.23225806451613
LUQUE,2004-02-01,84.0,26.727586206896554
LUQUE,2004-03-01,72.2,25.89032258064516
LUQUE,2004-04-01,173.79999999999998,24.67
LUQUE,2004-05-01,129.7,16.19677419354839
LUQUE,2004-06-01,72.10000000000001,18.753333333333334
LUQUE,2004-07-01,73.6,17.48709677419355
LUQUE,2004-08-01,1.5999999999999999,18.51290322580645
LUQUE,2004-09-01,27.200000000000003,21.913333333333334
LUQUE,2004-10-01,208.3,23.68064516129032
LUQUE,2004-11-01,401.5,23.953333333333333
LUQUE,2004-12-01,292.0,26.13225806451613
LUQUE,2005-01-01,71.3,27.48709677419355
LUQUE,2005-02-01,51.699999999999996,27.13214285714286
LUQUE,2005-03-01,19.8,26.67096774193548
LUQUE,2005-04-01,179.3,22.706666666666667
LUQUE,2005-05-01,295.4,20.990322580645163
LUQUE,2005-06-01,46.5,20.87
LUQUE,2005-07-01,0.8,17.12258064516129
LUQUE,2005-08-01,19.0,22.08709677419355
LUQUE,2005-09-01,85.8,18.076666666666664
LUQUE,2005-10-01,292.59999999999997,22.22258064516129
LUQUE,2005-11-01,61.5,25.33
LUQUE,2005-12-01,111.7,26.59032258064516
LUQUE,2006-01-01,75.7,28.48709677419355
LUQUE,2006-02-01,79.8,27.37142857142857
LUQUE,2006-03-01,235.5,26.46451612903226
LUQUE,2006-04-01,61.900000000000006,23.086666666666666
LUQUE,2006-05-01,37.300000000000004,17.858064516129033
LUQUE,2006-06-01,100.2,20.383333333333333
LUQUE,2006-07-01,6.5,21.029032258064515
LUQUE,2006-08-01,60.9,20.312903225806455
LUQUE,2006-09-01,134.1,21.05
LUQUE,2006-10-01,333.5,25.432258064516127
LUQUE,2006-11-01,217.9,24.66
LUQUE,2006-12-01,271.3,28.08709677419355
LUQUE,2007-01-01,199.9,27.580645161290324
LUQUE,2007-02-01,41.3,27.575
LUQUE,2007-03-01,150.29999999999998,27.003225806451614
LUQUE,2007-04-01,274.7,24.03666666666667
LUQUE,2007-05-01,158.0,17.02258064516129
LUQUE,2007-06-01,6.0,17.903333333333332
LUQUE,2007-07-01,66.5,15.274193548387096
LUQUE,2007-08-01,3.9000000000000004,16.441935483870967
LUQUE,2007-09-01,19.9,24.240000000000002
LUQUE,2007-10-01,118.5,25.83225806451613
LUQUE,2007-11-01,214.39999999999998,23.826666666666664
LUQUE,2007-12-01,279.0,26.774193548387096
LUQUE,2008-01-01,274.1,27.24516129032258
LUQUE,2008-02-01,150.2,26.179310344827588
LUQUE,2008-03-01,150.7,26.074193548387097
LUQUE,2008-04-01,162.9,21.793333333333333
LUQUE,2008-05-01,34.3,18.729032258064517
LUQUE,2008-06-01,54.4,15.583333333333334
LUQUE,2008-07-01,47.5,21.461290322580645
LUQUE,2008-08-01,21.700000000000003,19.554838709677416
LUQUE,2008-09-01,49.9,19.42
LUQUE,2008-10-01,70.5,24.280645161290323
LUQUE,2008-11-01,110.3,26.083333333333332
LUQUE,2008-12-01,36.300000000000004,28.23548387096774
LUQUE,2009-01-01,80.5,26.358064516129033
LUQUE,2009-02-01,199.4,27.085714285714285
LUQUE,2009-03-01,36.800000000000004,27.216129032258067
LUQUE,2009-04-01,27.0,24.283333333333335
LUQUE,2009-05-01,361.79999999999995,20.42258064516129
LUQUE,2009-06-01,50.9,15.546666666666665
LUQUE,2009-07-01,151.5,14.848387096774195
LUQUE,2009-08-01,44.400000000000006,19.287096774193547
LUQUE,2009-09-01,30.3,19.84333333333333
LUQUE,2009-10-01,70.8,23.822580645161292
LUQUE,2009-11-01,191.0,28.45
LUQUE,2009-12-01,179.60000000000002,26.822580645161292
LUQUE,2010-01-01,162.3,27.76774193548387
LUQUE,2010-02-01,125.1,28.8
LUQUE,2010-03-01,88.3,26.825806451612905
LUQUE,2010-04-01,47.2,23.033333333333335
LUQUE,2010-05-01,166.20000000000002,17.55483870967742
LUQUE,2010-06-01,22.9,18.80666666666667
LUQUE,2010-07-01,171.9,16.712903225806453
LUQUE,2010-08-01,0.1,18.606451612903225
LUQUE,2010-09-01,66.5,21.12
LUQUE,2010-10-01,220.7,21.635483870967743
LUQUE,2010-11-01,70.7,23.723333333333333
LUQUE,2010-12-01,243.3,26.919354838709676
LUQUE,2011-01-01,104.5,27.993548387096773
LUQUE,2011-02-01,185.5,26.435714285714287
LUQUE,2011-03-01,121.7,26.019354838709678
LUQUE,2011-04-01,181.1,23.470000000000002
LUQUE,2011-05-01,19.3,19.812903225806455
LUQUE,2011-06-01,49.199999999999996,17.37
LUQUE,2011-07-01,152.4,17.812903225806455
LUQUE,2011-08-01,8.1,19.106451612903225
LUQUE,2011-09-01,67.1,21.69333333333333
LUQUE,2011-10-01,214.4,24.154838709677417
LUQUE,2011-11-01,224.5,25.223333333333336
LUQUE,2011-12-01,46.5,26.799999999999997
LUQUE,2012-01-01,37.1,28.43548387096774
LUQUE,2012-02-01,81.6,28.344827586206897
LUQUE,2012-03-01,177.7,25.183870967741935
LUQUE,2012-04-01,233.70000000000002,22.053333333333335
LUQUE,2012-05-01,23.9,20.306451612903224
LUQUE,2012-06-01,49.6,18.263333333333332
LUQUE,2012-07-01,54.800000000000004,15.48709677419355
LUQUE,2012-08-01,10.200000000000001,21.848387096774193
LUQUE,2012-09-01,59.6,23.259999999999998
LUQUE,2012-10-01,135.4,25.79032258064516
LUQUE,2012-11-01,248.9,26.279999999999998
LUQUE,2012-12-01,106.9,28.906451612903226
LUQUE,2013-01-01,31.799999999999997,28.080645161290324
LUQUE,2013-02-01,185.0,27.025000000000002
LUQUE,2013-03-01,59.7,24.283870967741933
LUQUE,2013-04-01,80.7,22.66
LUQUE,2013-05-01,161.2,19.451612903225808
LUQUE,2013-06-01,172.29999999999998,17.873333333333335
LUQUE,2013-07-01,22.8,17.703225806451613
LUQUE,2013-08-01,52.0,16.348387096774193
LUQUE,2013-09-01,34.1,20.720000000000002
LUQUE,2013-10-01,119.60000000000001,23.548387096774192
LUQUE,2013-11-01,144.1,25.616666666666667
LUQUE,2013-12-01,95.7,28.551612903225806
LUQUE,2014-01-01,74.8,28.580645161290324
LUQUE,2014-02-01,342.9,28.70357142857143
LUQUE,2014-03-01,192.3,24.57741935483871
LUQUE,2014-04-01,325.0,22.983333333333334
LUQUE,2014-05-01,112.0,19.770967741935483
LUQUE,2014-06-01,126.7,18.133333333333333
LUQUE,2014-07-01,74.10000000000001,18.42258064516129
LUQUE,2014-08-01,7.1,21.05806451612903
LUQUE,2014-09-01,60.2,23.67
LUQUE,2014-10-01,98.30000000000001,27.112903225806452
LUQUE,2014-11-01,345.5,24.86
LUQUE,2014-12-01,151.5,26.496774193548386
LUQUE,2015-01-01,223.6,27.664516129032258
LUQUE,2015-02-01,225.8,27.04642857142857
LUQUE,2015-03-01,58.5,26.116129032258065
LUQUE,2015-04-01,161.3,23.58
LUQUE,2015-05-01,404.1,20.141935483870967
LUQUE,2015-06-01,100.6,19.986666666666668
LUQUE,2015-07-01,103.8,17.98709677419355
LUQUE,2015-08-01,53.3,22.81935483870968
LUQUE,2015-09-01,4.4,22.696666666666665
LUQUE,2015-10-01,135.1,24.029032258064515
LUQUE,2015-11-01,174.8,24.96333333333333
LUQUE,2015-12-01,481.9,26.806451612903224
LUQUE,2016-01-01,148.8,28.593548387096774
LUQUE,2016-02-01,307.0,28.096551724137928
LUQUE,2016-03-01,92.7,24.312903225806455
LUQUE,2016-04-01,148.5,25.06
LUQUE,2016-05-01,85.5,17.248387096774195
LUQUE,2016-06-01,2.6999999999999997,14.18
LUQUE,2016-07-01,21.2,18.02258064516129
LUQUE,2016-08-01,31.9,20.04516129032258
LUQUE,2016-09-01,29.8,19.65666666666667
LUQUE,2016-10-01,180.9,23.725806451612904
LUQUE,2016-11-01,163.7,24.313333333333333
LUQUE,2016-12-01,191.7,26.580645161290324
LUQUE,2017-01-01,104.39999999999999,28.396774193548385
LUQUE,2017-02-01,145.1,27.15357142857143
LUQUE,2017-03-01,69.1,26.15806451612903
LUQUE,2017-04-01,196.39999999999998,22.009999999999998
LUQUE,2017-05-01,128.3,20.56451612903226
LUQUE,2017-06-01,46.599999999999994,18.233333333333334
LUQUE,2017-07-01,1.3,19.825806451612905
LUQUE,2017-08-01,36.3,22.05483870967742
LUQUE,2017-09-01,48.0,23.44333333333333
LUQUE,2017-10-01,187.9,23.612903225806452
LUQUE,2017-11-01,217.3,24.233333333333334
LUQUE,2017-12-01,109.6,27.616129032258065
LUQUE,2018-01-01,197.6,26.993548387096773
LUQUE,2018-02-01,111.2,26.525000000000002
LUQUE,2018-03-01,288.0,25.212903225806453
LUQUE,2018-04-01,0.0,25.796666666666667
LUQUE,2018-05-01,148.5,21.387096774193548
LUQUE,2018-06-01,50.400000000000006,16.356666666666666
LUQUE,2018-07-01,47.9,16.835483870967742
LUQUE,2018-08-01,13.5,16.75483870967742
LUQUE,2018-09-01,209.1,21.85
LUQUE,2018-10-01,283.3,23.64516129032258
LUQUE,2018-11-01,271.5,25.81
LUQUE,2018-12-01,39.0,27.506451612903227
LUQUE,2019-01-01,117.1,28.996774193548386
LUQUE,2019-02-01,73.8,27.360714285714288
LUQUE,2019-03-01,299.7,24.925806451612903
LUQUE,2019-04-01,194.4,23.466666666666665
LUQUE,2019-05-01,166.4,20.95483870967742
LUQUE,2019-06-01,0.6,20.53666666666667
LUQUE,2019-07-01,29.9,16.748387096774195
LUQUE,2019-08-01,35.7,18.993548387096773
LUQUE,2019-09-01,3.0,22.7
LUQUE,2019-10-01,57.5,25.23548387096774
LUQUE,2019-11-01,76.4,28.323333333333334
LUQUE,2019-12-01,133.0,26.40967741935484
LUQUE,2020-01-01,231.9,27.606451612903225
LUQUE,2020-02-01,31.900000000000002,27.141379310344828
LUQUE,2020-03-01,35.300000000000004,28.200000000000003
LUQUE,2020-04-01,18.1,23.14333333333333
LUQUE,2020-05-01,75.9,19.23225806451613
LUQUE,2020-06-01,61.9,20.39333333333333
LUQUE,2020-07-01,34.400000000000006,18.112903225806452
LUQUE,2020-08-01,14.7,21.070967741935487
LUQUE,2020-09-01,2.6,23.290000000000003
LUQUE,2020-10-01,71.4,26.561290322580643
LUQUE,2020-11-01,222.2,25.98
LUQUE,2020-12-01,283.0,26.31935483870968
LUQUE,2021-01-01,354.5,26.73225806451613
LUQUE,2021-02-01,86.2,26.17142857142857
LUQUE,2021-03-01,228.6,25.41290322580645
LUQUE,2021-04-01,147.2,22.913333333333334
LUQUE,2021-05-01,38.6,19.309677419354838
LUQUE,2021-06-01,42.4,17.19
LUQUE,2021-07-01,63.4,17.270967741935483
LUQUE,2021-08-01,3.3000000000000003,20.238709677419354
LUQUE,2021-09-01,50.599999999999994,24.485
LUQUE,2021-10-01,166.5,23.888709677419353
LUQUE,2021-11-01,215.99999999999997,25.459999999999997
LUQUE,2021-12-01,43.3,28.625806451612902
LUQUE,2022-01-01,54.4,30.529032258064515
LUQUE,2022-02-01,170.9,28.582142857142856
LUQUE,2022-03-01,269.8,25.448387096774194
LUQUE,2022-04-01,151.1,23.326666666666664
LUQUE,2022-05-01,66.39999999999999,17.39032258064516
LUQUE,2022-06-01,47.0,15.956666666666667
LUQUE,2022-07-01,12.200000000000001,21.432258064516127
LUQUE,2022-08-01,22.599999999999998,19.35483870967742
LUQUE,2022-09-01,47.6,19.279999999999998
LUQUE,2022-10-01,324.7,21.787096774193547
LUQUE,2022-11-01,162.70000000000002,23.913333333333334
LUQUE,2022-12-01,34.2,28.280645161290323
LUQUE,2023-01-01,178.7,27.858064516129033
LUQUE,2023-02-01,62.300000000000004,26.332142857142856
LUQUE,2023-03-01,155.1,26.706451612903226
LUQUE,2023-04-01,142.0,22.33
LUQUE,2023-05-01,154.8,20.05806451612903
LUQUE,2023-06-01,16.2,19.663333333333334
LUQUE,2023-07-01,28.2,20.16774193548387
LUQUE,2023-08-01,30.5,22.76451612903226
LUQUE,2023-09-01,112.3,24.516666666666666
LUQUE,2023-10-01,140.5,25.44193548387097
LUQUE,2023-11-01,170.5,26.89
LUQUE,2023-12-01,221.7,28.154838709677417
MCAL,2000-01-01,89.0,28.79032258064516
MCAL,2000-02-01,27.700000000000003,28.25862068965517
MCAL,2000-03-01,137.9,25.567741935483873
MCAL,2000-04-01,111.80000000000001,24.53666666666667
MCAL,2000-05-01,17.3,19.648387096774194
MCAL,2000-06-01,162.0,19.896666666666665
MCAL,2000-07-01,4.3,15.035483870967743
MCAL,2000-08-01,3.2,21.958064516129035
MCAL,2000-09-01,3.3,23.313333333333333
MCAL,2000-10-01,44.0,27.896774193548385
MCAL,2000-11-01,99.4,25.05
MCAL,2000-12-01,123.4,27.12258064516129
MCAL,2001-01-01,45.7,28.5
MCAL,2001-02-01,259.5,27.925
MCAL,2001-03-01,88.9,26.003225806451614
MCAL,2001-04-01,79.7,24.146666666666665
MCAL,2001-05-01,35.400000000000006,18.806451612903224
MCAL,2001-06-01,2.9,18.6
MCAL,2001-07-01,0.0,21.396774193548385
MCAL,2001-08-01,1.2,24.309677419354838
MCAL,2001-09-01,19.0,22.853333333333335
MCAL,2001-10-01,55.2,26.280645161290323
MCAL,2001-11-01,169.7,26.876666666666665
MCAL,2001-12-01,49.6,27.116129032258065
MCAL,2002-01-01,35.4,29.306451612903224
MCAL,2002-02-01,227.4,26.400000000000002
MCAL,2002-03-01,50.8,28.103225806451615
MCAL,2002-04-01,70.7,24.476666666666667
MCAL,2002-05-01,26.200000000000003,22.238709677419354
MCAL,2002-06-01,27.6,17.176666666666666
MCAL,2002-07-01,9.8,17.112903225806452
MCAL,2002-08-01,0.6,24.02258064516129
MCAL,2002-09-01,0.0,24.603333333333335
MCAL,2002-10-01,45.4,29.687096774193545
MCAL,2002-11-01,31.0,28.923333333333336
MCAL,2002-12-01,71.10000000000001,29.432258064516127
MCAL,2003-01-01,84.8,29.451612903225808
MCAL,2003-02-01,52.1,27.974999999999998
MCAL,2003-03-01,125.8,26.887096774193548
MCAL,2003-04-01,52.2,23.2
MCAL,2003-05-01,4.0,22.296774193548387
MCAL,2003-06-01,19.2,22.683333333333334
MCAL,2003-07-01,0.8,19.30322580645161
MCAL,2003-08-01,0.0,19.57741935483871
MCAL,2003-09-01,4.6,24.36
MCAL,2003-10-01,56.2,27.938709677419357
MCAL,2003-11-01,112.89999999999999,28.953333333333333
MCAL,2003-12-01,315.3,27.374193548387098
MCAL,2004-01-01,28.599999999999998,28.951612903225808
MCAL,2004-02-01,52.0,27.489655172413794
MCAL,2004-03-01,119.7,27.029032258064515
MCAL,2004-04-01,26.5,25.473333333333336
MCAL,2004-05-01,22.0,16.480645161290322
MCAL,2004-06-01,9.7,19.936666666666667
MCAL,2004-07-01,23.1,18.95483870967742
MCAL,2004-08-01,0.0,21.567741935483873
MCAL,2004-09-01,0.3,25.173333333333336
MCAL,2004-10-01,43.9,27.270967741935483
MCAL,2004-11-01,107.2,26.69
MCAL,2004-12-01,79.5,28.729032258064517
MCAL,2005-01-01,144.5,27.548387096774192
MCAL,2005-02-01,130.9,28.160714285714285
MCAL,2005-03-01,75.8,26.809677419354838
MCAL,2005-04-01,61.199999999999996,22.45
MCAL,2005-05-01,38.1,21.061290322580643
MCAL,2005-06-01,15.2,20.92
MCAL,2005-07-01,0.0,19.032258064516128
MCAL,2005-08-01,0.2,22.77741935483871
MCAL,2005-09-01,12.2,20.726666666666667
MCAL,2005-10-01,35.9,24.783870967741933
MCAL,2005-11-01,26.299999999999997,27.063333333333333
MCAL,2005-12-01,,28.05806451612903
MCAL,2006-01-01,160.1,28.006451612903227
MCAL,2006-02-01,173.4,28.157142857142855
MCAL,2006-03-01,129.70000000000002,27.406451612903226
MCAL,2006-04-01,36.7,24.06
MCAL,2006-05-01,1.8,18.42258064516129
MCAL,2006-06-01,6.5,22.046666666666667
MCAL,2006-07-01,0.0,22.69677419354839
MCAL,2006-08-01,0.1,22.25483870967742
MCAL,2006-09-01,19.599999999999998,24.15666666666667
MCAL,2006-10-01,140.4,26.883870967741935
MCAL,2006-11-01,17.0,26.586666666666666
MCAL,2006-12-01,115.5,28.47741935483871
MCAL,2007-01-01,62.7,29.26451612903226
MCAL,2007-02-01,90.3,28.085714285714285
MCAL,2007-03-01,40.0,27.612903225806452
MCAL,2007-04-01,65.7,24.8
MCAL,2007-05-01,7.0,18.36774193548387
MCAL,2007-06-01,3.1,19.02
MCAL,2007-07-01,1.4,17.383870967741935
MCAL,2007-08-01,0.0,17.9741935483871
MCAL,2007-09-01,0.0,25.959999999999997
MCAL,2007-10-01,1.1,28.206451612903226
MCAL,2007-11-01,24.7,27.57
MCAL,2007-12-01,267.5,27.13225806451613
MCAL,2008-01-01,157.9,27.15806451612903
MCAL,2008-02-01,236.4,26.127586206896552
MCAL,2008-03-01,69.5,25.67096774193548
MCAL,2008-04-01,50.9,22.636666666666667
MCAL,2008-05-01,7.4,20.51290322580645
MCAL,2008-06-01,7.6,16.62666666666667
MCAL,2008-07-01,6.2,22.651612903225807
MCAL,2008-08-01,0.1,22.19677419354839
MCAL,2008-09-01,0.0,22.503333333333334
MCAL,2008-10-01,94.2,26.048387096774192
MCAL,2008-11-01,31.2,27.186666666666667
MCAL,2008-12-01,130.1,28.348387096774193
MCAL,2009-01-01,25.299999999999997,27.580645161290324
MCAL,2009-02-01,42.4,28.432142857142857
MCAL,2009-03-01,36.4,28.348387096774193
MCAL,2009-04-01,21.2,26.126666666666665
MCAL,2009-05-01,47.1,22.700000000000003
MCAL,2009-06-01,3.4,18.23
MCAL,2009-07-01,1.1,18.796774193548387
MCAL,2009-08-01,8.8,22.309677419354838
MCAL,2009-09-01,1.0,23.15
MCAL,2009-10-01,47.0,26.912903225806453
MCAL,2009-11-01,58.5,32.026666666666664
MCAL,2009-12-01,188.60000000000002,28.26774193548387
MCAL,2010-01-01,94.0,28.719354838709677
MCAL,2010-02-01,126.9,29.29642857142857
MCAL,2010-03-01,115.1,27.851612903225806
MCAL,2010-04-01,11.0,23.39
MCAL,2010-05-01,41.300000000000004,17.438709677419357
MCAL,2010-06-01,8.2,19.263333333333332
MCAL,2010-07-01,27.0,18.18064516129032
MCAL,2010-08-01,0.2,20.309677419354838
MCAL,2010-09-01,11.6,23.706666666666667
MCAL,2010-10-01,16.6,25.796774193548387
MCAL,2010-11-01,96.4,26.253333333333334
MCAL,2010-12-01,57.8,29.870967741935484
MCAL,2011-01-01,119.80000000000001,28.874193548387098
MCAL,2011-02-01,187.2,26.79642857142857
MCAL,2011-03-01,36.2,25.57741935483871
MCAL,2011-04-01,74.1,23.95
MCAL,2011-05-01,15.9,20.551612903225806
MCAL,2011-06-01,6.0,18.64333333333333
MCAL,2011-07-01,3.3,19.493548387096773
MCAL,2011-08-01,0.0,21.66774193548387
MCAL,2011-09-01,38.4,24.566666666666666
MCAL,2011-10-01,73.8,27.419354838709676
MCAL,2011-11-01,76.7,28.40666666666667
MCAL,2011-12-01,67.5,27.30322580645161
MCAL,2012-01-01,491.6,28.10967741935484
MCAL,2012-02-01,167.1,27.66896551724138
MCAL,2012-03-01,44.1,25.583870967741937
MCAL,2012-04-01,118.4,23.673333333333336
MCAL,2012-05-01,93.4,21.093548387096774
MCAL,2012-06-01,12.700000000000001,18.37
MCAL,2012-07-01,4.1,15.712903225806452
MCAL,2012-08-01,14.8,22.006451612903227
MCAL,2012-09-01,9.899999999999999,26.183333333333334
MCAL,2012-10-01,34.6,29.164516129032258
MCAL,2012-11-01,62.5,26.42
MCAL,2012-12-01,86.7,29.345161290322583
MCAL,2013-01-01,55.6,29.248387096774195
MCAL,2013-02-01,40.099999999999994,27.928571428571427
MCAL,2013-03-01,20.0,26.335483870967742
MCAL,2013-04-01,97.19999999999999,23.83
MCAL,2013-05-01,17.0,21.370967741935484
MCAL,2013-06-01,25.599999999999998,19.1
MCAL,2013-07-01,6.1,18.700000000000003
MCAL,2013-08-01,3.8,18.583870967741937
MCAL,2013-09-01,42.1,22.89333333333333
MCAL,2013-10-01,129.5,24.9
MCAL,2013-11-01,44.6,27.009999999999998
MCAL,2013-12-01,61.3,29.729032258064517
MCAL,2014-01-01,186.8,27.193548387096776
MCAL,2014-02-01,140.8,27.603571428571428
MCAL,2014-03-01,202.5,24.41290322580645
MCAL,2014-04-01,88.2,24.023333333333333
MCAL,2014-05-01,107.6,20.503225806451614
MCAL,2014-06-01,54.2,18.45
MCAL,2014-07-01,6.4,18.951612903225808
MCAL,2014-08-01,25.7,22.73225806451613
MCAL,2014-09-01,0.6,26.496666666666666
MCAL,2014-10-01,42.3,29.23225806451613
MCAL,2014-11-01,33.5,26.723333333333336
MCAL,2014-12-01,48.8,28.070967741935487
MCAL,2015-01-01,68.5,28.64516129032258
MCAL,2015-02-01,171.2,27.842857142857145
MCAL,2015-03-01,9.5,26.641935483870967
MCAL,2015-04-01,187.39999999999998,25.013333333333332
MCAL,2015-05-01,67.6,21.270967741935483
MCAL,2015-06-01,15.1,20.433333333333334
MCAL,2015-07-01,18.6,18.799999999999997
MCAL,2015-08-01,0.0,24.12258064516129
MCAL,2015-09-01,25.2,25.313333333333333
MCAL,2015-10-01,51.5,26.041935483870965
MCAL,2015-11-01,53.8,28.366666666666667
MCAL,2015-12-01,53.4,29.206451612903226
MCAL,2016-01-01,111.0,29.44516129032258
MCAL,2016-02-01,71.3,29.2551724137931
MCAL,2016-03-01,159.1,24.312903225806455
MCAL,2016-04-01,38.0,24.6
MCAL,2016-05-01,41.0,18.032258064516128
MCAL,2016-06-01,4.699999999999999,15.663333333333332
MCAL,2016-07-01,0.3,19.083870967741937
MCAL,2016-08-01,0.4,21.53548387096774
MCAL,2016-09-01,32.6,22.453333333333333
MCAL,2016-10-01,55.5,26.538709677419355
MCAL,2016-11-01,110.4,25.756666666666668
MCAL,2016-12-01,42.400000000000006,27.94516129032258
MCAL,2017-01-01,116.7,29.770967741935483
MCAL,2017-02-01,140.0,27.70357142857143
MCAL,2017-03-01,67.9,26.46451612903226
MCAL,2017-04-01,60.599999999999994,22.276666666666664
MCAL,2017-05-01,72.3,20.612903225806452
MCAL,2017-06-01,6.5,18.836666666666666
MCAL,2017-07-01,0.1,20.94516129032258
MCAL,2017-08-01,1.0,23.493548387096773
MCAL,2017-09-01,4.1,24.540000000000003
MCAL,2017-10-01,20.6,27.32903225806452
MCAL,2017-11-01,17.1,27.990000000000002
MCAL,2017-12-01,218.6,28.5258064516129
MCAL,2018-01-01,122.0,27.45483870967742
MCAL,2018-02-01,114.9,26.010714285714283
MCAL,2018-03-01,100.80000000000001,24.72258064516129
MCAL,2018-04-01,51.0,25.816666666666666
MCAL,2018-05-01,44.1,22.625806451612902
MCAL,2018-06-01,12.5,17.240000000000002
MCAL,2018-07-01,11.4,17.067741935483873
MCAL,2018-08-01,38.2,18.61935483870968
MCAL,2018-09-01,14.100000000000001,25.09
MCAL,2018-10-01,78.0,25.73225806451613
MCAL,2018-11-01,237.20000000000002,26.46333333333333
MCAL,2018-12-01,28.2,28.241935483870968
MCAL,2019-01-01,40.1,30.651612903225807
MCAL,2019-02-01,63.0,29.232142857142858
MCAL,2019-03-01,175.5,26.02258064516129
MCAL,2019-04-01,81.2,24.103333333333335
MCAL,2019-05-01,65.2,20.29032258064516
MCAL,2019-06-01,7.9,20.12
MCAL,2019-07-01,26.0,17.538709677419355
MCAL,2019-08-01,0.0,20.33225806451613
MCAL,2019-09-01,0.1,24.796666666666667
MCAL,2019-10-01,12.1,26.019354838709678
MCAL,2019-11-01,128.1,29.756666666666668
MCAL,2019-12-01,93.7,26.9741935483871
MCAL,2020-01-01,88.4,28.958064516129035
MCAL,2020-02-01,125.6,28.186206896551724
MCAL,2020-03-01,51.6,28.780645161290323
MCAL,2020-04-01,83.6,24.09
MCAL,2020-05-01,18.0,19.751612903225805
MCAL,2020-06-01,15.200000000000001,20.970000000000002
MCAL,2020-07-01,4.9,18.87741935483871
MCAL,2020-08-01,7.5,23.429032258064513
MCAL,2020-09-01,1.9000000000000001,24.83
MCAL,2020-10-01,83.9,28.406451612903226
MCAL,2020-11-01,36.8,28.14333333333333
MCAL,2020-12-01,68.6,28.687096774193545
MCAL,2021-01-01,116.1,27.56451612903226
MCAL,2021-02-01,56.400000000000006,27.34642857142857
MCAL,2021-03-01,37.1,26.141935483870967
MCAL,2021-04-01,135.8,24.203333333333333
MCAL,2021-05-01,26.200000000000003,20.193548387096776
MCAL,2021-06-01,9.100000000000001,17.836666666666666
MCAL,2021-07-01,0.6,18.93548387096774
MCAL,2021-08-01,9.6,21.38064516129032
MCAL,2021-09-01,6.0,27.506666666666668
MCAL,2021-10-01,127.3,28.08225806451613
MCAL,2021-11-01,203.0,25.62
MCAL,2021-12-01,121.3,28.470967741935485
MCAL,2022-01-01,57.8,31.4
MCAL,2022-02-01,42.5,29.271428571428572
MCAL,2022-03-01,66.60000000000001,26.843548387096774
MCAL,2022-04-01,5.8,26.89333333333333
MCAL,2022-05-01,6.5,18.688709677419357
MCAL,2022-06-01,0.1,17.60666666666667
MCAL,2022-07-01,0.0,22.81935483870968
MCAL,2022-08-01,21.8,21.94193548387097
MCAL,2022-09-01,18.0,22.623333333333335
MCAL,2022-10-01,35.0,25.151612903225807
MCAL,2022-11-01,29.0,26.973333333333336
MCAL,2022-12-01,128.0,29.183870967741935
MCAL,2023-01-01,108.1,28.40967741935484
MCAL,2023-02-01,137.7,26.75714285714286
MCAL,2023-03-01,76.0,27.14516129032258
MCAL,2023-04-01,58.5,23.083333333333332
MCAL,2023-05-01,41.300000000000004,20.74516129032258
MCAL,2023-06-01,29.8,20.18
MCAL,2023-07-01,4.5,20.929032258064513
MCAL,2023-08-01,0.4,24.458064516129035
MCAL,2023-09-01,0.0,27.30666666666667
MCAL,2023-10-01,34.5,29.280645161290323
MCAL,2023-11-01,48.6,30.959999999999997
MCAL,2023-12-01,52.3,30.76774193548387
MINGA,2000-01-01,277.0,26.493548387096773
MINGA,2000-02-01,208.9,25.389655172413793
MINGA,2000-03-01,42.7,24.74516129032258
MINGA,2000-04-01,152.2,22.3
MINGA,2000-05-01,172.9,16.91290322580645
MINGA,2000-06-01,239.2,17.756666666666668
MINGA,2000-07-01,57.0,12.851612903225806
MINGA,2000-08-01,126.30000000000001,18.729032258064517
MINGA,2000-09-01,116.1,19.863333333333333
MINGA,2000-10-01,226.0,23.638709677419353
MINGA,2000-11-01,161.6,23.686666666666667
MINGA,2000-12-01,277.4,25.296774193548387
MINGA,2001-01-01,198.9,26.103225806451615
MINGA,2001-02-01,202.8,25.65357142857143
MINGA,2001-03-01,197.5,25.05483870967742
MINGA,2001-04-01,130.6,23.743333333333332
MINGA,2001-05-01,76.7,16.96451612903226
MINGA,2001-06-01,107.8,16.026666666666667
MINGA,2001-07-01,74.9,17.503225806451614
MINGA,2001-08-01,67.0,20.606451612903225
MINGA,2001-09-01,130.10000000000002,20.246666666666666
MINGA,2001-10-01,96.4,23.19677419354839
MINGA,2001-11-01,241.4,24.916666666666668
MINGA,2001-12-01,151.3,24.780645161290323
MINGA,2002-01-01,365.5,24.835483870967742
MINGA,2002-02-01,77.9,24.70357142857143
MINGA,2002-03-01,79.6,27.241935483870968
MINGA,2002-04-01,63.1,24.723333333333336
MINGA,2002-05-01,533.6999999999999,20.26774193548387
MINGA,2002-06-01,75.60000000000001,17.726666666666667
MINGA,2002-07-01,83.0,15.82258064516129
MINGA,2002-08-01,106.3,19.629032258064516
MINGA,2002-09-01,171.9,19.17
MINGA,2002-10-01,185.6,23.461290322580645
MINGA,2002-11-01,304.6,24.0
MINGA,2002-12-01,144.7,26.287096774193547
MINGA,2003-01-01,177.8,26.51290322580645
MINGA,2003-02-01,178.8,25.75357142857143
MINGA,2003-03-01,40.0,24.848387096774193
MINGA,2003-04-01,169.2,21.66
MINGA,2003-05-01,66.3,17.970967741935485
MINGA,2003-06-01,54.8,19.459999999999997
MINGA,2003-07-01,32.5,17.648387096774194
MINGA,2003-08-01,39.1,15.46774193548387
MINGA,2003-09-01,157.70000000000002,20.263333333333332
MINGA,2003-10-01,267.0,23.287096774193547
MINGA,2003-11-01,191.29999999999998,24.133333333333333
MINGA,2003-12-01,456.1,24.33225806451613
MINGA,2004-01-01,85.80000000000001,26.6
MINGA,2004-02-01,35.3,25.110344827586207
MINGA,2004-03-01,17.9,25.11935483870968
MINGA,2004-04-01,111.0,23.773333333333333
MINGA,2004-05-01,290.8,16.125806451612902
MINGA,2004-06-01,122.2,17.15
MINGA,2004-07-01,168.6,16.25161290322581
MINGA,2004-08-01,17.0,17.429032258064513
MINGA,2004-09-01,42.1,21.759999999999998
MINGA,2004-10-01,279.5,22.287096774193547
MINGA,2004-11-01,196.0,23.203333333333333
MINGA,2004-12-01,55.2,25.05806451612903
MINGA,2005-01-01,158.5,26.203225806451613
MINGA,2005-02-01,12.6,26.517857142857142
MINGA,2005-03-01,27.9,26.177419354838708
MINGA,2005-04-01,126.5,22.61
MINGA,2005-05-01,340.8,20.074193548387097
MINGA,2005-06-01,190.0,19.68
MINGA,2005-07-01,67.2,15.561290322580644
MINGA,2005-08-01,40.199999999999996,18.925806451612903
MINGA,2005-09-01,209.9,16.313333333333333
MINGA,2005-10-01,274.3,22.51290322580645
MINGA,2005-11-01,86.3,25.063333333333333
MINGA,2005-12-01,125.8,25.938709677419357
MINGA,2006-01-01,229.7,26.72258064516129
MINGA,2006-02-01,70.2,25.810714285714287
MINGA,2006-03-01,238.1,25.10967741935484
MINGA,2006-04-01,83.2,21.746666666666666
MINGA,2006-05-01,5.3,16.516129032258064
MINGA,2006-06-01,93.6,18.626666666666665
MINGA,2006-07-01,21.4,19.27741935483871
MINGA,2006-08-01,87.7,18.648387096774194
MINGA,2006-09-01,169.2,19.373333333333335
MINGA,2006-10-01,133.9,24.48709677419355
MINGA,2006-11-01,202.9,24.2
MINGA,2006-12-01,203.7,27.074193548387097
MINGA,2007-01-01,248.9,26.161290322580644
MINGA,2007-02-01,123.0,25.62142857142857
MINGA,2007-03-01,140.9,26.096774193548388
MINGA,2007-04-01,246.7,23.176666666666666
MINGA,2007-05-01,205.20000000000002,16.60967741935484
MINGA,2007-06-01,11.6,17.233333333333334
MINGA,2007-07-01,61.5,14.832258064516129
MINGA,2007-08-01,9.9,17.212903225806453
MINGA,2007-09-01,26.1,23.376666666666665
MINGA,2007-10-01,201.6,23.990322580645163
MINGA,2007-11-01,223.5,23.473333333333336
MINGA,2007-12-01,173.9,25.741935483870968
MINGA,2008-01-01,142.5,25.616129032258065
MINGA,2008-02-01,135.0,25.637931034482758
MINGA,2008-03-01,54.4,24.79032258064516
MINGA,2008-04-01,154.1,21.2
MINGA,2008-05-01,57.199999999999996,17.5
MINGA,2008-06-01,106.4,15.323333333333332
MINGA,2008-07-01,82.8,19.41290322580645
MINGA,2008-08-01,57.0,19.580645161290324
MINGA,2008-09-01,109.0,18.353333333333335
MINGA,2008-10-01,224.20000000000002,23.067741935483873
MINGA,2008-11-01,126.60000000000001,24.763333333333332
MINGA,2008-12-01,10.2,26.467741935483872
MINGA,2009-01-01,182.9,25.299999999999997
MINGA,2009-02-01,174.7,26.103571428571428
MINGA,2009-03-01,18.7,26.029032258064515
MINGA,2009-04-01,69.6,23.35
MINGA,2009-05-01,263.2,19.16774193548387
MINGA,2009-06-01,72.1,14.55
MINGA,2009-07-01,168.0,14.596774193548388
MINGA,2009-08-01,103.69999999999999,18.66774193548387
MINGA,2009-09-01,349.2,18.9
MINGA,2009-10-01,291.0,22.835483870967742
MINGA,2009-11-01,323.9,26.40666666666667
MINGA,2009-12-01,205.2,26.029032258064515
MINGA,2010-01-01,238.1,26.596774193548388
MINGA,2010-02-01,229.2,26.70357142857143
MINGA,2010-03-01,363.0,25.200000000000003
MINGA,2010-04-01,129.0,21.78666666666667
MINGA,2010-05-01,111.1,17.11935483870968
MINGA,2010-06-01,43.9,17.746666666666666
MINGA,2010-07-01,155.1,15.980645161290324
MINGA,2010-08-01,13.9,17.432258064516127
MINGA,2010-09-01,112.0,20.103333333333335
MINGA,2010-10-01,274.8,20.648387096774194
MINGA,2010-11-01,49.3,23.016666666666666
MINGA,2010-12-01,353.4,24.787096774193547
MINGA,2011-01-01,143.0,26.6
MINGA,2011-02-01,191.1,25.775000000000002
MINGA,2011-03-01,110.4,25.712903225806453
MINGA,2011-04-01,117.6,23.003333333333334
MINGA,2011-05-01,7.3,19.238709677419354
MINGA,2011-06-01,89.2,16.74
MINGA,2011-07-01,187.2,17.154838709677417
MINGA,2011-08-01,114.1,18.470967741935485
MINGA,2011-09-01,153.2,20.95
MINGA,2011-10-01,200.0,23.096774193548388
MINGA,2011-11-01,121.1,23.84
MINGA,2011-12-01,30.1,25.593548387096774
MINGA,2012-01-01,96.7,26.664516129032258
MINGA,2012-02-01,43.199999999999996,27.448275862068964
MINGA,2012-03-01,62.599999999999994,24.780645161290323
MINGA,2012-04-01,156.0,21.223333333333336
MINGA,2012-05-01,123.4,18.84193548387097
MINGA,2012-06-01,176.9,16.970000000000002
MINGA,2012-07-01,87.10000000000001,16.070967741935483
MINGA,2012-08-01,17.7,20.861290322580647
MINGA,2012-09-01,44.300000000000004,21.696666666666665
MINGA,2012-10-01,213.1,23.61935483870968
MINGA,2012-11-01,148.7,25.19333333333333
MINGA,2012-12-01,162.7,26.774193548387096
MINGA,2013-01-01,109.69999999999999,25.95483870967742
MINGA,2013-02-01,307.7,25.235714285714288
MINGA,2013-03-01,136.8,23.60967741935484
MINGA,2013-04-01,112.3,21.183333333333334
MINGA,2013-05-01,268.1,18.45483870967742
MINGA,2013-06-01,315.9,17.403333333333332
MINGA,2013-07-01,26.900000000000002,16.60967741935484
MINGA,2013-08-01,76.0,15.751612903225807
MINGA,2013-09-01,226.9,19.37
MINGA,2013-10-01,107.1,22.606451612903225
MINGA,2013-11-01,210.2,24.740000000000002
MINGA,2013-12-01,178.4,26.287096774193547
MINGA,2014-01-01,164.1,26.529032258064515
MINGA,2014-02-01,129.9,27.160714285714285
MINGA,2014-03-01,210.2,23.638709677419353
MINGA,2014-04-01,349.4,21.716666666666665
MINGA,2014-05-01,187.1,18.34193548387097
MINGA,2014-06-01,404.2,17.803333333333335
MINGA,2014-07-01,222.20000000000002,16.870967741935484
MINGA,2014-08-01,31.5,19.774193548387096
MINGA,2014-09-01,346.0,22.073333333333334
MINGA,2014-10-01,56.2,25.906451612903226
MINGA,2014-11-01,199.8,24.273333333333333
MINGA,2014-12-01,260.2,25.316129032258065
MINGA,2015-01-01,117.1,26.57741935483871
MINGA,2015-02-01,219.9,25.92142857142857
MINGA,2015-03-01,97.1,24.816129032258065
MINGA,2015-04-01,119.4,22.53666666666667
MINGA,2015-05-01,219.8,19.312903225806455
MINGA,2015-06-01,135.8,18.826666666666664
MINGA,2015-07-01,339.7,17.11935483870968
MINGA,2015-08-01,48.8,21.929032258064513
MINGA,2015-09-01,48.8,22.426666666666666
MINGA,2015-10-01,151.0,24.293548387096774
MINGA,2015-11-01,327.9,23.626666666666665
MINGA,2015-12-01,453.09999999999997,24.958064516129035
MINGA,2016-01-01,225.2,26.967741935483872
MINGA,2016-02-01,328.0,26.689655172413794
MINGA,2016-03-01,205.79999999999998,23.48709677419355
MINGA,2016-04-01,110.1,24.116666666666667
MINGA,2016-05-01,140.1,17.10967741935484
MINGA,2016-06-01,18.1,13.996666666666666
MINGA,2016-07-01,74.4,17.038709677419355
MINGA,2016-08-01,186.1,18.299999999999997
MINGA,2016-09-01,48.8,19.21333333333333
MINGA,2016-10-01,245.5,22.45483870967742
MINGA,2016-11-01,164.6,23.25
MINGA,2016-12-01,200.2,24.729032258064517
MINGA,2017-01-01,157.8,26.46451612903226
MINGA,2017-02-01,258.8,25.8
MINGA,2017-03-01,128.0,25.048387096774192
MINGA,2017-04-01,242.0,21.226666666666667
MINGA,2017-05-01,262.8,20.25483870967742
MINGA,2017-06-01,51.8,17.55
MINGA,2017-07-01,6.5,17.574193548387097
MINGA,2017-08-01,151.0,20.361290322580647
MINGA,2017-09-01,30.099999999999998,23.990000000000002
MINGA,2017-10-01,570.2,22.322580645161292
MINGA,2017-11-01,298.7,22.936666666666667
MINGA,2017-12-01,181.4,26.193548387096776
MINGA,2018-01-01,278.0,25.48709677419355
MINGA,2018-02-01,253.79999999999998,25.407142857142855
MINGA,2018-03-01,291.7,24.896774193548385
MINGA,2018-04-01,7.6,24.233333333333334
MINGA,2018-05-01,108.7,20.009677419354837
MINGA,2018-06-01,64.3,15.82
MINGA,2018-07-01,10.8,17.36774193548387
MINGA,2018-08-01,85.9,15.85483870967742
MINGA,2018-09-01,189.39999999999998,20.59333333333333
MINGA,2018-10-01,373.7,22.200000000000003
MINGA,2018-11-01,135.2,24.986666666666668
MINGA,2018-12-01,50.4,25.835483870967742
MINGA,2019-01-01,87.9,27.45483870967742
MINGA,2019-02-01,156.8,25.660714285714285
MINGA,2019-03-01,381.7,24.225806451612904
MINGA,2019-04-01,123.3,22.736666666666668
MINGA,2019-05-01,130.9,20.561290322580643
MINGA,2019-06-01,38.5,19.873333333333335
MINGA,2019-07-01,31.6,16.04193548387097
MINGA,2019-08-01,17.9,18.6
MINGA,2019-09-01,11.2,22.42
MINGA,2019-10-01,118.6,25.56451612903226
MINGA,2019-11-01,152.0,26.209999999999997
MINGA,2019-12-01,157.9,24.774193548387096
MINGA,2020-01-01,189.0,26.34193548387097
MINGA,2020-02-01,147.8,26.04137931034483
MINGA,2020-03-01,65.0,25.664516129032258
MINGA,2020-04-01,60.199999999999996,21.06
MINGA,2020-05-01,108.4,17.251612903225805
MINGA,2020-06-01,151.9,18.91
MINGA,2020-07-01,29.4,17.080645161290324
MINGA,2020-08-01,106.5,19.293548387096774
MINGA,2020-09-01,17.9,23.43
MINGA,2020-10-01,66.3,25.641935483870967
MINGA,2020-11-01,62.400000000000006,25.10666666666667
MINGA,2020-12-01,229.1,25.751612903225805
MINGA,2021-01-01,364.5,25.1
MINGA,2021-02-01,78.0,24.667857142857144
MINGA,2021-03-01,87.6,24.97741935483871
MINGA,2021-04-01,50.0,22.220000000000002
MINGA,2021-05-01,22.4,18.283870967741933
MINGA,2021-06-01,126.5,16.406666666666666
MINGA,2021-07-01,38.2,14.938709677419356
MINGA,2021-08-01,20.2,19.567741935483873
MINGA,2021-09-01,92.3,23.798333333333336
MINGA,2021-10-01,275.0,23.282258064516128
MINGA,2021-11-01,92.8,25.82
MINGA,2021-12-01,1.8,28.488709677419354
MINGA,2022-01-01,78.5,29.04516129032258
MINGA,2022-02-01,75.4,28.067857142857143
MINGA,2022-03-01,349.6,25.016129032258064
MINGA,2022-04-01,301.7,22.436666666666667
MINGA,2022-05-01,199.7,17.243548387096773
MINGA,2022-06-01,76.0,16.16
MINGA,2022-07-01,26.2,19.82903225806452
MINGA,2022-08-01,207.1,17.612903225806452
MINGA,2022-09-01,168.20000000000002,17.86
MINGA,2022-10-01,302.2,20.983870967741936
MINGA,2022-11-01,73.2,22.69
MINGA,2022-12-01,50.2,26.44516129032258
MINGA,2023-01-01,189.2,25.870967741935484
MINGA,2023-02-01,134.6,24.32857142857143
MINGA,2023-03-01,123.9,25.538709677419355
MINGA,2023-04-01,153.2,21.223333333333336
MINGA,2023-05-01,56.599999999999994,19.01290322580645
MINGA,2023-06-01,81.7,17.086666666666666
MINGA,2023-07-01,77.4,18.164516129032258
MINGA,2023-08-01,111.9,20.019354838709678
MINGA,2023-09-01,240.8,23.276666666666664
MINGA,2023-10-01,304.0,23.23548387096774
MINGA,2023-11-01,324.0,24.61
MINGA,2023-12-01,264.3,26.20967741935484
PCOL,2000-01-01,88.0,29.65806451612903
PCOL,2000-02-01,0.0,28.29310344827586
PCOL,2000-03-01,108.1,26.38064516129032
PCOL,2000-04-01,104.3,24.073333333333334
PCOL,2000-05-01,130.6,19.5
PCOL,2000-06-01,46.4,20.013333333333332
PCOL,2000-07-01,20.8,13.638709677419355
PCOL,2000-08-01,73.6,19.97741935483871
PCOL,2000-09-01,17.0,21.12
PCOL,2000-10-01,111.4,26.038709677419355
PCOL,2000-11-01,159.3,24.459999999999997
PCOL,2000-12-01,122.2,27.345161290322583
PCOL,2001-01-01,39.4,28.241935483870968
PCOL,2001-02-01,140.29999999999998,26.88214285714286
PCOL,2001-03-01,3.7,26.80322580645161
PCOL,2001-04-01,44.300000000000004,24.383333333333333
PCOL,2001-05-01,64.80000000000001,18.32903225806452
PCOL,2001-06-01,2.6999999999999997,17.446666666666665
PCOL,2001-07-01,3.8,20.219354838709677
PCOL,2001-08-01,2.3,23.370967741935484
PCOL,2001-09-01,81.6,22.113333333333333
PCOL,2001-10-01,75.9,25.270967741935483
PCOL,2001-11-01,72.8,26.133333333333333
PCOL,2001-12-01,135.2,25.80322580645161
PCOL,2002-01-01,52.199999999999996,28.4
PCOL,2002-02-01,122.6,26.585714285714285
PCOL,2002-03-01,168.4,28.94193548387097
PCOL,2002-04-01,52.5,24.836666666666666
PCOL,2002-05-01,152.0,21.9741935483871
PCOL,2002-06-01,44.0,17.793333333333333
PCOL,2002-07-01,28.9,16.087096774193547
PCOL,2002-08-01,8.7,21.835483870967742
PCOL,2002-09-01,19.200000000000003,22.726666666666667
PCOL,2002-10-01,75.89999999999999,28.383870967741935
PCOL,2002-11-01,62.1,27.31
PCOL,2002-12-01,65.7,28.43548387096774
PCOL,2003-01-01,228.1,28.403225806451612
PCOL,2003-02-01,101.6,27.321428571428573
PCOL,2003-03-01,301.8,26.374193548387098
PCOL,2003-04-01,79.4,23.366666666666667
PCOL,2003-05-01,0.2,19.87741935483871
PCOL,2003-06-01,18.8,21.396666666666665
PCOL,2003-07-01,55.7,18.374193548387098
PCOL,2003-08-01,6.4,17.91290322580645
PCOL,2003-09-01,89.7,22.813333333333333
PCOL,2003-10-01,23.1,25.845161290322583
PCOL,2003-11-01,,26.176666666666666
PCOL,2003-12-01,,27.120967741935484
PCOL,2004-01-01,21.9,28.870967741935484
PCOL,2004-02-01,70.6,26.910344827586208
PCOL,2004-03-01,,25.458064516129035
PCOL,2004-04-01,173.8,24.413333333333334
PCOL,2004-05-01,86.89999999999999,16.106451612903225
PCOL,2004-06-01,119.7,18.936666666666667
PCOL,2004-07-01,58.400000000000006,17.55483870967742
PCOL,2004-08-01,0.0,18.667741935483868
PCOL,2004-09-01,4.2,21.85
PCOL,2004-10-01,47.199999999999996,24.45483870967742
PCOL,2004-11-01,319.40000000000003,25.146666666666665
PCOL,2004-12-01,182.2,27.06451612903226
PCOL,2005-01-01,208.5,27.96451612903226
PCOL,2005-02-01,38.1,26.97142857142857
PCOL,2005-03-01,24.0,26.896774193548385
PCOL,2005-04-01,66.8,23.233333333333334
PCOL,2005-05-01,84.8,21.593548387096774
PCOL,2005-06-01,39.9,21.006666666666668
PCOL,2005-07-01,0.0,17.687096774193545
PCOL,2005-08-01,0.8,22.138709677419353
PCOL,2005-09-01,72.0,19.37
PCOL,2005-10-01,173.6,23.532258064516128
PCOL,2005-11-01,244.5,25.785
PCOL,2005-12-01,126.0,27.448387096774194
PCOL,2006-01-01,135.8,28.35483870967742
PCOL,2006-02-01,45.0,27.989285714285717
PCOL,2006-03-01,166.0,27.296774193548387
PCOL,2006-04-01,70.0,24.671666666666667
PCOL,2006-05-01,,18.756451612903227
PCOL,2006-06-01,26.9,20.266666666666666
PCOL,2006-07-01,0.0,21.393548387096775
PCOL,2006-08-01,0.0,20.951612903225808
PCOL,2006-09-01,65.5,22.470000000000002
PCOL,2006-10-01,209.5,25.596774193548388
PCOL,2006-11-01,211.9,25.546666666666667
PCOL,2006-12-01,116.0,29.135483870967743
PCOL,2007-01-01,356.0,29.480645161290322
PCOL,2007-02-01,50.0,28.74285714285714
PCOL,2007-03-01,179.0,28.066129032258065
PCOL,2007-04-01,98.0,24.490000000000002
PCOL,2007-05-01,15.7,17.748387096774195
PCOL,2007-06-01,0.0,18.98
PCOL,2007-07-01,3.0,15.866129032258065
PCOL,2007-08-01,1.0,17.30322580645161
PCOL,2007-09-01,2.0,24.663333333333334
PCOL,2007-10-01,40.0,27.887096774193548
PCOL,2007-11-01,85.9,26.226666666666667
PCOL,2007-12-01,162.3,27.817741935483873
PCOL,2008-01-01,77.5,27.4
PCOL,2008-02-01,189.8,26.63448275862069
PCOL,2008-03-01,38.8,25.858064516129033
PCOL,2008-04-01,31.0,22.583333333333332
PCOL,2008-05-01,6.800000000000001,19.58709677419355
PCOL,2008-06-01,17.6,15.953333333333335
PCOL,2008-07-01,3.2,21.845161290322583
PCOL,2008-08-01,35.3,21.148387096774194
PCOL,2008-09-01,8.5,21.61
PCOL,2008-10-01,67.7,25.761290322580646
PCOL,2008-11-01,190.3,26.116666666666667
PCOL,2008-12-01,92.3,28.04516129032258
PCOL,2009-01-01,58.0,26.683870967741935
PCOL,2009-02-01,32.800000000000004,28.05
PCOL,2009-03-01,50.2,27.79032258064516
PCOL,2009-04-01,9.8,25.73
PCOL,2009-05-01,179.6,21.664516129032258
PCOL,2009-06-01,17.599999999999998,16.593333333333334
PCOL,2009-07-01,91.9,16.325806451612905
PCOL,2009-08-01,14.4,20.09032258064516
PCOL,2009-09-01,20.8,21.470000000000002
PCOL,2009-10-01,78.1,25.948387096774194
PCOL,2009-11-01,32.8,31.503333333333334
PCOL,2009-12-01,411.7,27.983870967741936
PCOL,2010-01-01,41.5,28.664516129032258
PCOL,2010-02-01,212.9,29.11785714285714
PCOL,2010-03-01,51.2,27.183870967741935
PCOL,2010-04-01,44.5,23.513333333333332
PCOL,2010-05-01,67.0,17.287096774193547
PCOL,2010-06-01,17.6,19.203333333333333
PCOL,2010-07-01,30.3,17.799999999999997
PCOL,2010-08-01,0.0,19.31935483870968
PCOL,2010-09-01,86.5,22.220000000000002
PCOL,2010-10-01,93.3,23.074193548387097
PCOL,2010-11-01,161.4,24.4
PCOL,2010-12-01,32.4,28.793548387096774
PCOL,2011-01-01,99.3,30.07741935483871
PCOL,2011-02-01,188.2,27.40357142857143
PCOL,2011-03-01,171.4,27.0
PCOL,2011-04-01,155.4,25.253333333333334
PCOL,2011-05-01,11.8,21.241935483870968
PCOL,2011-06-01,54.599999999999994,18.886666666666667
PCOL,2011-07-01,23.0,19.845161290322583
PCOL,2011-08-01,5.5,21.938709677419357
PCOL,2011-09-01,51.9,24.540000000000003
PCOL,2011-10-01,71.7,27.293548387096774
PCOL,2011-11-01,212.4,27.616666666666667
PCOL,2011-12-01,101.4,28.419354838709676
PCOL,2012-01-01,260.5,28.306451612903224
PCOL,2012-02-01,260.6,27.268965517241377
PCOL,2012-03-01,239.0,24.961290322580645
PCOL,2012-04-01,255.4,23.253333333333334
PCOL,2012-05-01,122.1,20.570967741935487
PCOL,2012-06-01,27.4,18.456666666666667
PCOL,2012-07-01,35.8,15.525806451612903
PCOL,2012-08-01,15.2,21.493548387096773
PCOL,2012-09-01,11.200000000000001,24.326666666666664
PCOL,2012-10-01,135.1,27.06451612903226
PCOL,2012-11-01,127.0,26.376666666666665
PCOL,2012-12-01,163.3,29.112903225806452
PCOL,2013-01-01,41.4,29.003225806451614
PCOL,2013-02-01,123.0,28.353571428571428
PCOL,2013-03-01,,24.770967741935483
PCOL,2013-04-01,235.2,23.25
PCOL,2013-05-01,117.3,20.496774193548386
PCOL,2013-06-01,138.3,18.333333333333332
PCOL,2013-07-01,43.300000000000004,17.751612903225805
PCOL,2013-08-01,8.6,16.596774193548388
PCOL,2013-09-01,25.0,22.403333333333332
PCOL,2013-10-01,167.2,23.990322580645163
PCOL,2013-11-01,62.8,26.029999999999998
PCOL,2013-12-01,202.7,28.683870967741935
PCOL,2014-01-01,103.3,28.34032258064516
PCOL,2014-02-01,,28.244642857142857
PCOL,2014-03-01,163.2,25.212903225806453
PCOL,2014-04-01,157.3,23.61
PCOL,2014-05-01,201.8,20.419354838709676
PCOL,2014-06-01,136.3,18.85
PCOL,2014-07-01,48.300000000000004,18.690322580645162
PCOL,2014-08-01,15.0,21.46451612903226
PCOL,2014-09-01,22.4,25.336666666666666
PCOL,2014-10-01,51.1,29.0
PCOL,2014-11-01,123.2,26.086666666666666
PCOL,2014-12-01,78.3,27.438709677419357
PCOL,2015-01-01,100.3,28.338709677419356
PCOL,2015-02-01,205.0,27.392857142857142
PCOL,2015-03-01,70.3,26.006451612903227
PCOL,2015-04-01,145.0,24.35
PCOL,2015-05-01,243.7,20.825806451612905
PCOL,2015-06-01,69.80000000000001,20.436666666666667
PCOL,2015-07-01,64.4,18.493548387096773
PCOL,2015-08-01,16.4,22.81935483870968
PCOL,2015-09-01,37.9,23.5
PCOL,2015-10-01,192.0,24.59032258064516
PCOL,2015-11-01,207.9,25.723333333333336
PCOL,2015-12-01,320.6,27.64516129032258
PCOL,2016-01-01,123.3,29.029032258064515
PCOL,2016-02-01,71.3,28.089655172413792
PCOL,2016-03-01,179.0,24.703225806451613
PCOL,2016-04-01,90.2,24.81
PCOL,2016-05-01,,17.006451612903227
PCOL,2016-06-01,14.1,14.876666666666667
PCOL,2016-07-01,10.3,17.606451612903225
PCOL,2016-08-01,25.5,19.6
PCOL,2016-09-01,52.3,20.076666666666664
PCOL,2016-10-01,101.3,25.767741935483873
PCOL,2016-11-01,286.6,24.756666666666668
PCOL,2016-12-01,167.5,27.116129032258065
PCOL,2017-01-01,111.2,28.888709677419353
PCOL,2017-02-01,137.0,27.62142857142857
PCOL,2017-03-01,143.5,26.688709677419357
PCOL,2017-04-01,124.10000000000001,22.546666666666667
PCOL,2017-05-01,112.9,21.080645161290324
PCOL,2017-06-01,11.0,18.936666666666667
PCOL,2017-07-01,5.8,19.712903225806453
PCOL,2017-08-01,45.800000000000004,22.44516129032258
PCOL,2017-09-01,27.0,23.803333333333335
PCOL,2017-10-01,21.700000000000003,26.448387096774194
PCOL,2017-11-01,221.3,25.416666666666668
PCOL,2017-12-01,122.8,28.414516129032258
PCOL,2018-01-01,144.9,28.009677419354837
PCOL,2018-02-01,157.0,26.339285714285715
PCOL,2018-03-01,242.20000000000002,25.470967741935485
PCOL,2018-04-01,0.3,25.446666666666665
PCOL,2018-05-01,171.0,21.43548387096774
PCOL,2018-06-01,2.9,16.756666666666668
PCOL,2018-07-01,14.2,16.883870967741935
PCOL,2018-08-01,14.5,17.375806451612902
PCOL,2018-09-01,,22.790000000000003
PCOL,2018-10-01,117.2,24.280645161290323
PCOL,2018-11-01,262.0,26.206666666666667
PCOL,2018-12-01,74.0,27.825806451612905
PCOL,2019-01-01,90.2,29.86774193548387
PCOL,2019-02-01,197.4,28.00714285714286
PCOL,2019-03-01,316.0,25.919354838709676
PCOL,2019-04-01,236.6,24.546666666666667
PCOL,2019-05-01,171.6,21.84193548387097
PCOL,2019-06-01,0.2,20.853333333333335
PCOL,2019-07-01,27.8,16.606451612903225
PCOL,2019-08-01,6.4,19.316129032258065
PCOL,2019-09-01,2.8,23.283333333333335
PCOL,2019-10-01,40.1,25.496774193548386
PCOL,2019-11-01,236.89999999999998,28.503333333333334
PCOL,2019-12-01,120.89999999999999,26.138709677419353
PCOL,2020-01-01,103.6,28.467741935483872
PCOL,2020-02-01,26.400000000000002,28.055172413793105
PCOL,2020-03-01,24.0,28.258064516129032
PCOL,2020-04-01,30.299999999999997,23.163333333333334
PCOL,2020-05-01,30.400000000000002,19.61935483870968
PCOL,2020-06-01,23.799999999999997,20.716666666666665
PCOL,2020-07-01,5.1000000000000005,18.96451612903226
PCOL,2020-08-01,95.0,22.316129032258065
PCOL,2020-09-01,20.2,23.876666666666665
PCOL,2020-10-01,96.1,26.996774193548386
PCOL,2020-11-01,221.0,26.236666666666668
PCOL,2020-12-01,123.0,27.529032258064515
PCOL,2021-01-01,145.3,27.322580645161292
PCOL,2021-02-01,56.9,26.650000000000002
PCOL,2021-03-01,117.6,25.635483870967743
PCOL,2021-04-01,132.89999999999998,23.220000000000002
PCOL,2021-05-01,29.2,19.783870967741933
PCOL,2021-06-01,56.0,17.259999999999998
PCOL,2021-07-01,17.8,17.503225806451614
PCOL,2021-08-01,3.0,20.338709677419356
PCOL,2021-09-01,23.6,26.075
PCOL,2021-10-01,155.5,24.76290322580645
PCOL,2021-11-01,90.8,25.55
PCOL,2021-12-01,20.200000000000003,29.432258064516127
PCOL,2022-01-01,44.2,30.864516129032257
PCOL,2022-02-01,225.9,28.635714285714283
PCOL,2022-03-01,58.9,27.06451612903226
PCOL,2022-04-01,97.30000000000001,25.353333333333335
PCOL,2022-05-01,73.8,17.845161290322583
PCOL,2022-06-01,25.0,16.37
PCOL,2022-07-01,2.6,22.070967741935487
PCOL,2022-08-01,43.9,20.574193548387097
PCOL,2022-09-01,20.5,20.59
PCOL,2022-10-01,91.6,23.38064516129032
PCOL,2022-11-01,61.3,24.696666666666665
PCOL,2022-12-01,74.5,28.82903225806452
PCOL,2023-01-01,124.2,28.654838709677417
PCOL,2023-02-01,270.59999999999997,26.42142857142857
PCOL,2023-03-01,140.5,26.48709677419355
PCOL,2023-04-01,173.2,22.973333333333336
PCOL,2023-05-01,70.2,20.4
PCOL,2023-06-01,11.0,19.816666666666666
PCOL,2023-07-01,23.0,20.725806451612904
PCOL,2023-08-01,1.5,23.10967741935484
PCOL,2023-09-01,1.7,26.186666666666667
PCOL,2023-10-01,28.0,28.193548387096776
PCOL,2023-11-01,77.6,29.746666666666666
PCOL,2023-12-01,116.4,29.467741935483872
PILAR,2000-01-01,291.0,26.52258064516129
PILAR,2000-02-01,185.0,25.975862068965515
PILAR,2000-03-01,63.0,24.238709677419354
PILAR,2000-04-01,120.1,22.496666666666666
PILAR,2000-05-01,68.5,17.309677419354838
PILAR,2000-06-01,99.6,17.01
PILAR,2000-07-01,7.8,11.574193548387097
PILAR,2000-08-01,38.6,17.093548387096774
PILAR,2000-09-01,33.4,18.88
PILAR,2000-10-01,204.1,22.719354838709677
PILAR,2000-11-01,113.9,22.533333333333335
PILAR,2000-12-01,200.0,25.706451612903226
PILAR,2001-01-01,282.7,26.73225806451613
PILAR,2001-02-01,78.0,27.57857142857143
PILAR,2001-03-01,206.7,26.067741935483873
PILAR,2001-04-01,156.9,22.456666666666667
PILAR,2001-05-01,26.0,16.567741935483873
PILAR,2001-06-01,36.0,16.546666666666667
PILAR,2001-07-01,10.0,17.203225806451613
PILAR,2001-08-01,39.0,19.93548387096774
PILAR,2001-09-01,103.6,18.7
PILAR,2001-10-01,146.5,22.345161290322583
PILAR,2001-11-01,61.0,24.313333333333333
PILAR,2001-12-01,116.0,24.893548387096775
PILAR,2002-01-01,150.5,25.812903225806455
PILAR,2002-02-01,173.5,25.339285714285715
PILAR,2002-03-01,358.8,26.79032258064516
PILAR,2002-04-01,370.0,22.13
PILAR,2002-05-01,62.1,20.567741935483873
PILAR,2002-06-01,30.2,15.26
PILAR,2002-07-01,113.2,14.696774193548388
PILAR,2002-08-01,50.0,19.009677419354837
PILAR,2002-09-01,101.0,19.295
PILAR,2002-10-01,166.5,23.570967741935487
PILAR,2002-11-01,90.0,24.65
PILAR,2002-12-01,57.0,26.27741935483871
PILAR,2003-01-01,87.0,27.725806451612904
PILAR,2003-02-01,148.0,26.282142857142855
PILAR,2003-03-01,121.0,24.75483870967742
PILAR,2003-04-01,100.0,21.933333333333334
PILAR,2003-05-01,0.0,18.845161290322583
PILAR,2003-06-01,46.0,20.016666666666666
PILAR,2003-07-01,1.1,15.425806451612903
PILAR,2003-08-01,52.0,14.996774193548386
PILAR,2003-09-01,96.0,19.603333333333335
PILAR,2003-10-01,165.5,22.903225806451612
PILAR,2003-11-01,233.4,23.633333333333333
PILAR,2003-12-01,212.6,24.687096774193545
PILAR,2004-01-01,0.0,27.383870967741935
PILAR,2004-02-01,76.0,25.52758620689655
PILAR,2004-03-01,32.0,24.883870967741935
PILAR,2004-04-01,100.0,23.75
PILAR,2004-05-01,6.0,15.12258064516129
PILAR,2004-06-01,93.0,17.436666666666667
PILAR,2004-07-01,68.8,15.480645161290322
PILAR,2004-08-01,15.0,16.47741935483871
PILAR,2004-09-01,125.9,19.44
PILAR,2004-10-01,269.0,21.519354838709678
PILAR,2004-11-01,369.0,22.86
PILAR,2004-12-01,262.0,26.141935483870967
PILAR,2005-01-01,52.0,27.093548387096774
PILAR,2005-02-01,19.0,25.946428571428573
PILAR,2005-03-01,59.3,24.79032258064516
PILAR,2005-04-01,355.0,20.933333333333334
PILAR,2005-05-01,112.7,19.406451612903226
PILAR,2005-06-01,75.10000000000001,19.293333333333333
PILAR,2005-07-01,14.0,15.422580645161291
PILAR,2005-08-01,14.5,17.374193548387098
PILAR,2005-09-01,22.3,16.14
PILAR,2005-10-01,74.5,20.480645161290322
PILAR,2005-11-01,98.2,23.803333333333335
PILAR,2005-12-01,156.9,25.574193548387097
PILAR,2006-01-01,116.4,27.948387096774194
PILAR,2006-02-01,59.4,26.25714285714286
PILAR,2006-03-01,416.5,25.34193548387097
PILAR,2006-04-01,150.0,21.209999999999997
PILAR,2006-05-01,36.0,15.593548387096776
PILAR,2006-06-01,74.0,18.15
PILAR,2006-07-01,14.5,18.951612903225808
PILAR,2006-08-01,61.0,16.824193548387097
PILAR,2006-09-01,80.6,18.116666666666667
PILAR,2006-10-01,429.0,24.23225806451613
PILAR,2006-11-01,146.0,23.85666666666667
PILAR,2006-12-01,158.0,27.570967741935487
PILAR,2007-01-01,284.0,27.141935483870967
PILAR,2007-02-01,67.0,27.00714285714286
PILAR,2007-03-01,121.0,25.84032258064516
PILAR,2007-04-01,168.0,23.246666666666666
PILAR,2007-05-01,83.0,15.383870967741935
PILAR,2007-06-01,8.0,16.143333333333334
PILAR,2007-07-01,25.0,13.29516129032258
PILAR,2007-08-01,11.2,13.861290322580645
PILAR,2007-09-01,53.6,20.563333333333333
PILAR,2007-10-01,165.6,23.62258064516129
PILAR,2007-11-01,38.0,22.2
PILAR,2007-12-01,20.0,26.13225806451613
PILAR,2008-01-01,24.0,27.103225806451615
PILAR,2008-02-01,119.0,25.851724137931036
PILAR,2008-03-01,25.0,25.296774193548387
PILAR,2008-04-01,131.0,20.626666666666665
PILAR,2008-05-01,10.0,17.211290322580645
PILAR,2008-06-01,24.2,13.846666666666666
PILAR,2008-07-01,36.3,18.835483870967742
PILAR,2008-08-01,35.0,16.87741935483871
PILAR,2008-09-01,53.0,17.016666666666666
PILAR,2008-10-01,292.0,21.864516129032257
PILAR,2008-11-01,73.0,24.728333333333335
PILAR,2008-12-01,27.0,26.45483870967742
PILAR,2009-01-01,90.0,25.35483870967742
PILAR,2009-02-01,280.5,25.88214285714286
PILAR,2009-03-01,23.5,25.44516129032258
PILAR,2009-04-01,25.2,21.90666666666667
PILAR,2009-05-01,90.0,18.9741935483871
PILAR,2009-06-01,25.9,13.34
PILAR,2009-07-01,59.5,12.551612903225807
PILAR,2009-08-01,38.9,17.62258064516129
PILAR,2009-09-01,83.2,17.946666666666665
PILAR,2009-10-01,125.1,22.17096774193548
PILAR,2009-11-01,318.7,26.779999999999998
PILAR,2009-12-01,194.1,26.251612903225805
PILAR,2010-01-01,103.2,27.12258064516129
PILAR,2010-02-01,65.0,28.15357142857143
PILAR,2010-03-01,105.0,25.716129032258067
PILAR,2010-04-01,83.0,20.623333333333335
PILAR,2010-05-01,158.9,15.841935483870968
PILAR,2010-06-01,6.0,16.143333333333334
PILAR,2010-07-01,179.0,14.425806451612903
PILAR,2010-08-01,29.0,15.570967741935483
PILAR,2010-09-01,107.8,18.40666666666667
PILAR,2010-10-01,130.4,19.929032258064513
PILAR,2010-11-01,37.5,22.426666666666666
PILAR,2010-12-01,358.2,25.703225806451613
PILAR,2011-01-01,103.3,27.729032258064517
PILAR,2011-02-01,203.8,25.582142857142856
PILAR,2011-03-01,47.5,24.761290322580646
PILAR,2011-04-01,193.2,21.886666666666667
PILAR,2011-05-01,39.0,18.561290322580643
PILAR,2011-06-01,65.0,15.713333333333333
PILAR,2011-07-01,86.9,15.125806451612902
PILAR,2011-08-01,7.8,16.24838709677419
PILAR,2011-09-01,76.4,19.636666666666667
PILAR,2011-10-01,224.7,22.22258064516129
PILAR,2011-11-01,232.2,24.25
PILAR,2011-12-01,61.5,25.741935483870968
PILAR,2012-01-01,180.6,26.712903225806453
PILAR,2012-02-01,112.5,27.46206896551724
PILAR,2012-03-01,161.0,24.448387096774194
PILAR,2012-04-01,220.9,20.836666666666666
PILAR,2012-05-01,67.0,19.348387096774193
PILAR,2012-06-01,63.2,16.29
PILAR,2012-07-01,27.0,13.561290322580644
PILAR,2012-08-01,80.9,19.03548387096774
PILAR,2012-09-01,28.0,20.956666666666667
PILAR,2012-10-01,137.8,23.741935483870968
PILAR,2012-11-01,56.0,25.253333333333334
PILAR,2012-12-01,284.8,27.68064516129032
PILAR,2013-01-01,125.5,27.312903225806455
PILAR,2013-02-01,121.8,25.814285714285713
PILAR,2013-03-01,153.5,22.758064516129032
PILAR,2013-04-01,157.0,21.9
PILAR,2013-05-01,71.4,18.335483870967742
PILAR,2013-06-01,169.8,15.973333333333333
PILAR,2013-07-01,76.6,16.135483870967743
PILAR,2013-08-01,48.5,14.629032258064516
PILAR,2013-09-01,61.6,18.540000000000003
PILAR,2013-10-01,239.2,22.529032258064515
PILAR,2013-11-01,264.1,24.663333333333334
PILAR,2013-12-01,45.6,27.27258064516129
PILAR,2014-01-01,155.0,28.06451612903226
PILAR,2014-02-01,127.0,27.417857142857144
PILAR,2014-03-01,438.9,23.274193548387096
PILAR,2014-04-01,268.7,21.766666666666666
PILAR,2014-05-01,157.0,18.6
PILAR,2014-06-01,168.9,16.2
PILAR,2014-07-01,88.0,16.783870967741933
PILAR,2014-08-01,0.0,19.0
PILAR,2014-09-01,156.3,21.11
PILAR,2014-10-01,77.0,25.135483870967743
PILAR,2014-11-01,198.3,23.966666666666665
PILAR,2014-12-01,294.6,25.051612903225806
PILAR,2015-01-01,185.0,26.738709677419354
PILAR,2015-02-01,174.8,26.392857142857142
PILAR,2015-03-01,141.9,25.20967741935484
PILAR,2015-04-01,216.0,22.66
PILAR,2015-05-01,195.6,19.345161290322583
PILAR,2015-06-01,107.1,18.2
PILAR,2015-07-01,41.0,16.440322580645162
PILAR,2015-08-01,55.8,20.574193548387097
PILAR,2015-09-01,12.5,19.970000000000002
PILAR,2015-10-01,171.7,21.738709677419354
PILAR,2015-11-01,124.7,23.709999999999997
PILAR,2015-12-01,272.0,26.203225806451613
PILAR,2016-01-01,410.3,28.261290322580646
PILAR,2016-02-01,144.5,27.97241379310345
PILAR,2016-03-01,190.0,23.270967741935483
PILAR,2016-04-01,128.6,23.576666666666664
PILAR,2016-05-01,18.8,15.761290322580646
PILAR,2016-06-01,137.5,12.453333333333335
PILAR,2016-07-01,23.0,15.600000000000001
PILAR,2016-08-01,82.0,17.509677419354837
PILAR,2016-09-01,53.0,17.366666666666667
PILAR,2016-10-01,402.8,21.370967741935484
PILAR,2016-11-01,193.6,23.15
PILAR,2016-12-01,368.9,26.067741935483873
PILAR,2017-01-01,113.0,27.52258064516129
PILAR,2017-02-01,150.7,26.192857142857143
PILAR,2017-03-01,90.8,24.780645161290323
PILAR,2017-04-01,516.2,20.686666666666667
PILAR,2017-05-01,316.5,19.31935483870968
PILAR,2017-06-01,61.0,16.73
PILAR,2017-07-01,3.5,18.041935483870965
PILAR,2017-08-01,73.0,19.31935483870968
PILAR,2017-09-01,77.8,20.69
PILAR,2017-10-01,195.3,21.638709677419353
PILAR,2017-11-01,165.5,23.1
PILAR,2017-12-01,65.5,27.216129032258067
PILAR,2018-01-01,433.2,26.238709677419354
PILAR,2018-02-01,42.0,26.24642857142857
PILAR,2018-03-01,113.5,24.467741935483872
PILAR,2018-04-01,24.0,24.96333333333333
PILAR,2018-05-01,438.4,20.148387096774194
PILAR,2018-06-01,1.5,14.653333333333334
PILAR,2018-07-01,9.0,14.648387096774192
PILAR,2018-08-01,31.3,14.583870967741936
PILAR,2018-09-01,128.5,21.12
PILAR,2018-10-01,238.0,22.229032258064517
PILAR,2018-11-01,252.0,25.07
PILAR,2018-12-01,167.7,26.30322580645161
PILAR,2019-01-01,161.1,27.677419354838708
PILAR,2019-02-01,95.5,25.925
PILAR,2019-03-01,141.0,23.677419354838708
PILAR,2019-04-01,209.1,22.053333333333335
PILAR,2019-05-01,532.6,19.79032258064516
PILAR,2019-06-01,3.0,18.959999999999997
PILAR,2019-07-01,112.0,15.087096774193547
PILAR,2019-08-01,0.0,16.651612903225807
PILAR,2019-09-01,0.5,19.676666666666666
PILAR,2019-10-01,111.0,22.906451612903226
PILAR,2019-11-01,190.0,26.15
PILAR,2019-12-01,68.0,25.90967741935484
PILAR,2020-01-01,165.5,26.61935483870968
PILAR,2020-02-01,93.5,25.53793103448276
PILAR,2020-03-01,45.4,26.219354838709677
PILAR,2020-04-01,34.0,21.073333333333334
PILAR,2020-05-01,32.4,17.41290322580645
PILAR,2020-06-01,67.0,18.19
PILAR,2020-07-01,24.5,14.916129032258066
PILAR,2020-08-01,7.0,18.34193548387097
PILAR,2020-09-01,25.0,20.333333333333332
PILAR,2020-10-01,107.0,23.77741935483871
PILAR,2020-11-01,254.0,24.303333333333335
PILAR,2020-12-01,83.8,25.648387096774194
PILAR,2021-01-01,200.0,26.138709677419353
PILAR,2021-02-01,65.0,25.70357142857143
PILAR,2021-03-01,252.8,24.364516129032257
PILAR,2021-04-01,152.2,21.91
PILAR,2021-05-01,28.5,16.97741935483871
PILAR,2021-06-01,63.0,14.7
PILAR,2021-07-01,0.0,15.029032258064515
PILAR,2021-08-01,6.5,17.858064516129033
PILAR,2021-09-01,175.5,21.146666666666665
PILAR,2021-10-01,66.5,21.77258064516129
PILAR,2021-11-01,265.5,25.2
PILAR,2021-12-01,26.7,26.65967741935484
PILAR,2022-01-01,20.0,31.519354838709678
PILAR,2022-02-01,38.0,28.782142857142855
PILAR,2022-03-01,177.0,24.14516129032258
PILAR,2022-04-01,288.0,21.5
PILAR,2022-05-01,66.3,16.441935483870967
PILAR,2022-06-01,76.7,13.879999999999999
PILAR,2022-07-01,31.0,19.129032258064516
PILAR,2022-08-01,22.0,17.04516129032258
PILAR,2022-09-01,32.0,17.17
PILAR,2022-10-01,125.0,20.851612903225806
PILAR,2022-11-01,98.0,22.663333333333334
PILAR,2022-12-01,41.0,27.270967741935483
PILAR,2023-01-01,124.0,28.019354838709678
PILAR,2023-02-01,12.0,26.900000000000002
PILAR,2023-03-01,167.0,26.703225806451613
PILAR,2023-04-01,81.5,21.026666666666664
PILAR,2023-05-01,122.5,18.438709677419357
PILAR,2023-06-01,24.0,17.91
PILAR,2023-07-01,61.6,17.067741935483873
PILAR,2023-08-01,42.5,19.758064516129032
PILAR,2023-09-01,143.1,20.703333333333333
PILAR,2023-10-01,212.5,22.345161290322583
PILAR,2023-11-01,248.7,25.18
PILAR,2023-12-01,168.0,26.72258064516129
PJC,2000-01-01,123.5,26.038709677419355
PJC,2000-02-01,80.2,24.955172413793104
PJC,2000-03-01,191.7,23.916129032258063
PJC,2000-04-01,212.6,23.023333333333333
PJC,2000-05-01,157.2,18.5
PJC,2000-06-01,175.7,19.186666666666667
PJC,2000-07-01,67.2,14.64516129032258
PJC,2000-08-01,119.0,20.238709677419354
PJC,2000-09-01,123.19999999999999,19.913333333333334
PJC,2000-10-01,183.6,24.758064516129032
PJC,2000-11-01,197.9,23.39333333333333
PJC,2000-12-01,176.8,24.751612903225805
PJC,2001-01-01,137.1,25.41290322580645
PJC,2001-02-01,353.2,24.275000000000002
PJC,2001-03-01,142.8,24.348387096774193
PJC,2001-04-01,177.8,23.43
PJC,2001-05-01,45.2,17.929032258064513
PJC,2001-06-01,67.4,16.766666666666666
PJC,2001-07-01,17.8,19.541935483870965
PJC,2001-08-01,37.0,22.6
PJC,2001-09-01,176.2,21.703333333333333
PJC,2001-10-01,98.6,23.448387096774194
PJC,2001-11-01,200.8,23.646666666666665
PJC,2001-12-01,294.7,23.358064516129033
PJC,2002-01-01,76.7,25.05806451612903
PJC,2002-02-01,213.9,23.724999999999998
PJC,2002-03-01,80.5,26.032258064516128
PJC,2002-04-01,39.8,25.30666666666667
PJC,2002-05-01,272.5,21.25483870967742
PJC,2002-06-01,1.9,19.566666666666666
PJC,2002-07-01,23.3,17.848387096774193
PJC,2002-08-01,35.6,22.26774193548387
PJC,2002-09-01,35.5,22.453333333333333
PJC,2002-10-01,125.8,26.006451612903227
PJC,2002-11-01,175.9,24.666666666666668
PJC,2002-12-01,121.9,25.893548387096775
PJC,2003-01-01,388.9,24.848387096774193
PJC,2003-02-01,125.0,24.04642857142857
PJC,2003-03-01,119.2,23.993548387096773
PJC,2003-04-01,152.3,22.003333333333334
PJC,2003-05-01,79.0,19.261290322580646
PJC,2003-06-01,84.5,20.493333333333332
PJC,2003-07-01,32.8,19.270967741935483
PJC,2003-08-01,16.4,17.425806451612903
PJC,2003-09-01,130.0,21.413333333333334
PJC,2003-10-01,134.8,23.638709677419353
PJC,2003-11-01,271.8,24.223333333333336
PJC,2003-12-01,161.1,25.161290322580644
PJC,2004-01-01,181.6,25.43548387096774
PJC,2004-02-01,19.9,24.551724137931036
PJC,2004-03-01,61.9,25.003225806451614
PJC,2004-04-01,218.6,23.12
PJC,2004-05-01,225.0,16.33225806451613
PJC,2004-06-01,243.0,17.95
PJC,2004-07-01,88.1,17.067741935483873
PJC,2004-08-01,0.9,19.793548387096774
PJC,2004-09-01,26.4,22.923333333333336
PJC,2004-10-01,323.2,23.01290322580645
PJC,2004-11-01,167.0,23.136666666666667
PJC,2004-12-01,88.2,24.76451612903226
PJC,2005-01-01,229.6,24.009677419354837
PJC,2005-02-01,45.9,25.05
PJC,2005-03-01,30.4,25.080645161290324
PJC,2005-04-01,130.0,23.03666666666667
PJC,2005-05-01,80.9,21.30322580645161
PJC,2005-06-01,116.8,20.59333333333333
PJC,2005-07-01,18.9,16.506451612903227
PJC,2005-08-01,42.5,20.93548387096774
PJC,2005-09-01,90.2,17.07
PJC,2005-10-01,232.1,22.432258064516127
PJC,2005-11-01,169.1,23.64
PJC,2005-12-01,235.1,24.470967741935485
PJC,2006-01-01,86.10000000000001,25.299999999999997
PJC,2006-02-01,160.2,24.400000000000002
PJC,2006-03-01,169.29999999999998,24.674193548387095
PJC,2006-04-01,203.0,22.423333333333336
PJC,2006-05-01,45.8,17.135483870967743
PJC,2006-06-01,60.7,19.783333333333335
PJC,2006-07-01,49.6,20.225806451612904
PJC,2006-08-01,53.3,20.406451612903226
PJC,2006-09-01,116.8,20.78666666666667
PJC,2006-10-01,125.60000000000001,24.212903225806453
PJC,2006-11-01,69.7,23.753333333333334
PJC,2006-12-01,353.5,25.103225806451615
PJC,2007-01-01,339.2,24.5
PJC,2007-02-01,212.0,24.589285714285715
PJC,2007-03-01,89.3,25.135483870967743
PJC,2007-04-01,167.8,23.15
PJC,2007-05-01,37.5,17.82903225806452
PJC,2007-06-01,6.0,19.14333333333333
PJC,2007-07-01,39.2,16.74516129032258
PJC,2007-08-01,46.7,18.112903225806452
PJC,2007-09-01,3.2,25.02
PJC,2007-10-01,53.2,25.029032258064515
PJC,2007-11-01,155.4,23.863333333333333
PJC,2007-12-01,124.6,24.687096774193545
PJC,2008-01-01,242.4,24.193548387096776
PJC,2008-02-01,481.70000000000005,23.875862068965517
PJC,2008-03-01,117.2,23.816129032258065
PJC,2008-04-01,117.6,21.65666666666667
PJC,2008-05-01,71.8,18.225806451612904
PJC,2008-06-01,30.7,16.546666666666667
PJC,2008-07-01,72.0,20.996774193548386
PJC,2008-08-01,117.8,20.858064516129033
PJC,2008-09-01,62.8,19.516666666666666
PJC,2008-10-01,126.0,23.690322580645162
PJC,2008-11-01,314.0,24.13
PJC,2008-12-01,78.3,25.10967741935484
PJC,2009-01-01,232.1,23.629032258064516
PJC,2009-02-01,127.1,24.710714285714285
PJC,2009-03-01,132.8,24.92258064516129
PJC,2009-04-01,0.2,24.19
PJC,2009-05-01,128.0,20.641935483870967
PJC,2009-06-01,109.6,16.793333333333333
PJC,2009-07-01,136.70000000000002,16.79032258064516
PJC,2009-08-01,80.39999999999999,19.493548387096773
PJC,2009-09-01,53.900000000000006,19.69
PJC,2009-10-01,432.1,23.212903225806453
PJC,2009-11-01,209.3,26.476666666666667
PJC,2009-12-01,244.1,24.532258064516128
PJC,2010-01-01,258.4,24.270967741935483
PJC,2010-02-01,160.6,25.303571428571427
PJC,2010-03-01,110.3,24.961290322580645
PJC,2010-04-01,49.5,22.44333333333333
PJC,2010-05-01,290.0,17.13225806451613
PJC,2010-06-01,6.6,19.756666666666668
PJC,2010-07-01,75.3,17.583870967741937
PJC,2010-08-01,0.0,19.870967741935484
PJC,2010-09-01,336.3,21.363333333333333
PJC,2010-10-01,118.5,21.661290322580644
PJC,2010-11-01,146.5,22.676666666666666
PJC,2010-12-01,76.9,24.993548387096773
PJC,2011-01-01,71.5,25.5258064516129
PJC,2011-02-01,253.6,24.446428571428573
PJC,2011-03-01,67.4,23.76774193548387
PJC,2011-04-01,211.4,22.996666666666666
PJC,2011-05-01,8.2,19.22258064516129
PJC,2011-06-01,67.7,17.59333333333333
PJC,2011-07-01,91.5,19.296774193548387
PJC,2011-08-01,27.5,20.074193548387097
PJC,2011-09-01,47.599999999999994,22.09333333333333
PJC,2011-10-01,172.20000000000002,23.787096774193547
PJC,2011-11-01,164.5,24.31
PJC,2011-12-01,69.4,24.93548387096774
PJC,2012-01-01,186.5,25.083870967741937
PJC,2012-02-01,216.7,24.53103448275862
PJC,2012-03-01,109.5,23.606451612903225
PJC,2012-04-01,286.8,22.2
PJC,2012-05-01,59.800000000000004,19.838709677419356
PJC,2012-06-01,277.5,17.87
PJC,2012-07-01,19.099999999999998,17.161290322580644
PJC,2012-08-01,24.0,21.438709677419357
PJC,2012-09-01,65.0,23.28666666666667
PJC,2012-10-01,221.6,24.61935483870968
PJC,2012-11-01,207.2,24.576666666666664
PJC,2012-12-01,118.5,25.635483870967743
PJC,2013-01-01,120.39999999999999,24.80322580645161
PJC,2013-02-01,67.8,24.932142857142857
PJC,2013-03-01,155.79999999999998,24.216129032258067
PJC,2013-04-01,276.0,21.083333333333332
PJC,2013-05-01,199.7,20.067741935483873
PJC,2013-06-01,265.1,18.540000000000003
PJC,2013-07-01,8.3,17.929032258064513
PJC,2013-08-01,2.5,17.638709677419353
PJC,2013-09-01,65.3,21.506666666666668
PJC,2013-10-01,289.1,22.693548387096776
PJC,2013-11-01,182.0,24.413333333333334
PJC,2013-12-01,124.3,25.641935483870967
PJC,2014-01-01,243.4,24.33225806451613
PJC,2014-02-01,322.2,24.45357142857143
PJC,2014-03-01,190.4,23.18064516129032
PJC,2014-04-01,153.0,22.133333333333333
PJC,2014-05-01,143.0,18.651612903225807
PJC,2014-06-01,76.5,18.796666666666667
PJC,2014-07-01,168.20000000000002,17.809677419354838
PJC,2014-08-01,21.9,21.225806451612904
PJC,2014-09-01,199.1,23.863333333333333
PJC,2014-10-01,102.2,25.94193548387097
PJC,2014-11-01,303.5,23.78666666666667
PJC,2014-12-01,163.5,24.37741935483871
PJC,2015-01-01,156.5,24.919354838709676
PJC,2015-02-01,235.2,25.025000000000002
PJC,2015-03-01,193.9,24.187096774193545
PJC,2015-04-01,185.7,22.803333333333335
PJC,2015-05-01,271.0,19.4741935483871
PJC,2015-06-01,69.3,19.706666666666667
PJC,2015-07-01,277.5,18.4
PJC,2015-08-01,15.0,23.46451612903226
PJC,2015-09-01,248.4,23.39333333333333
PJC,2015-10-01,214.8,24.1
PJC,2015-11-01,291.8,24.206666666666667
PJC,2015-12-01,447.8,24.43548387096774
PJC,2016-01-01,219.6,24.835483870967742
PJC,2016-02-01,309.40000000000003,24.944827586206895
PJC,2016-03-01,139.7,23.274193548387096
PJC,2016-04-01,40.4,23.94
PJC,2016-05-01,307.8,17.470967741935485
PJC,2016-06-01,43.6,15.583333333333334
PJC,2016-07-01,22.3,18.741935483870968
PJC,2016-08-01,147.0,20.26774193548387
PJC,2016-09-01,29.900000000000002,20.07
PJC,2016-10-01,163.9,23.13225806451613
PJC,2016-11-01,70.2,23.616666666666667
PJC,2016-12-01,235.0,23.94193548387097
PJC,2017-01-01,90.5,25.05806451612903
PJC,2017-02-01,199.7,24.792857142857144
PJC,2017-03-01,72.7,24.58709677419355
PJC,2017-04-01,234.1,20.993333333333332
PJC,2017-05-01,157.2,20.82903225806452
PJC,2017-06-01,88.7,18.19333333333333
PJC,2017-07-01,4.3,18.76451612903226
PJC,2017-08-01,75.5,21.36774193548387
PJC,2017-09-01,47.6,24.553333333333335
PJC,2017-10-01,176.8,23.59032258064516
PJC,2017-11-01,349.6,23.09333333333333
PJC,2017-12-01,302.0,24.68064516129032
PJC,2018-01-01,211.5,23.751612903225805
PJC,2018-02-01,227.5,23.900000000000002
PJC,2018-03-01,221.10000000000002,24.480645161290322
PJC,2018-04-01,11.8,24.303333333333335
PJC,2018-05-01,109.19999999999999,20.88064516129032
PJC,2018-06-01,41.7,16.933333333333334
PJC,2018-07-01,2.2,18.561290322580643
PJC,2018-08-01,45.4,17.55483870967742
PJC,2018-09-01,201.5,20.936666666666667
PJC,2018-10-01,233.2,23.700000000000003
PJC,2018-11-01,160.1,24.009999999999998
PJC,2018-12-01,168.5,25.05483870967742
PJC,2019-01-01,143.6,26.306451612903224
PJC,2019-02-01,292.8,24.832142857142856
PJC,2019-03-01,286.3,24.432258064516127
PJC,2019-04-01,197.0,23.013333333333332
PJC,2019-05-01,135.0,20.700000000000003
PJC,2019-06-01,54.49999999999999,20.516666666666666
PJC,2019-07-01,28.9,17.467741935483872
PJC,2019-08-01,7.6,20.206451612903226
PJC,2019-09-01,13.1,23.55
PJC,2019-10-01,61.6,25.503225806451614
PJC,2019-11-01,212.4,26.27
PJC,2019-12-01,229.4,24.241935483870968
PJC,2020-01-01,211.0,25.30322580645161
PJC,2020-02-01,158.3,25.04137931034483
PJC,2020-03-01,192.4,25.97741935483871
PJC,2020-04-01,86.80000000000001,22.136666666666667
PJC,2020-05-01,129.3,19.009677419354837
PJC,2020-06-01,99.4,19.30666666666667
PJC,2020-07-01,18.799999999999997,18.925806451612903
PJC,2020-08-01,196.2,20.603225806451615
PJC,2020-09-01,18.1,24.096666666666668
PJC,2020-10-01,237.7,24.861290322580647
PJC,2020-11-01,218.3,24.529999999999998
PJC,2020-12-01,138.5,25.10967741935484
PJC,2021-01-01,,23.698387096774194
PJC,2021-02-01,,23.24642857142857
PJC,2021-03-01,,23.396774193548385
PJC,2021-04-01,113.5,22.373333333333335
PJC,2021-05-01,17.3,19.903225806451612
PJC,2021-06-01,38.0,17.10666666666667
PJC,2021-07-01,66.2,17.493548387096773
PJC,2021-08-01,48.599999999999994,20.729032258064517
PJC,2021-09-01,12.3,25.848333333333336
PJC,2021-10-01,351.7,24.143548387096775
PJC,2021-11-01,138.5,25.553333333333335
PJC,2021-12-01,50.1,26.687096774193545
PJC,2022-01-01,153.0,27.003225806451614
PJC,2022-02-01,82.7,27.164285714285715
PJC,2022-03-01,258.2,24.74516129032258
PJC,2022-04-01,124.1,24.08
PJC,2022-05-01,128.2,17.80322580645161
PJC,2022-06-01,65.2,17.41
PJC,2022-07-01,0.5,21.677419354838708
PJC,2022-08-01,123.19999999999999,19.225806451612904
PJC,2022-09-01,183.9,19.19
PJC,2022-10-01,194.4,21.822580645161292
PJC,2022-11-01,204.0,22.416666666666668
PJC,2022-12-01,68.8,25.4
PJC,2023-01-01,299.40000000000003,24.009677419354837
PJC,2023-02-01,498.0,22.775000000000002
PJC,2023-03-01,182.6,24.406451612903226
PJC,2023-04-01,125.7,21.913333333333334
PJC,2023-05-01,145.7,20.758064516129032
PJC,2023-06-01,55.4,18.13
PJC,2023-07-01,14.899999999999999,19.990322580645163
PJC,2023-08-01,39.4,22.874193548387098
PJC,2023-09-01,40.900000000000006,24.776666666666664
PJC,2023-10-01,105.2,25.79032258064516
PJC,2023-11-01,100.6,26.759999999999998
PJC,2023-12-01,147.79999999999998,26.43548387096774
PTOC,2000-01-01,43.0,30.12258064516129
PTOC,2000-02-01,163.8,28.058620689655175
PTOC,2000-03-01,102.7,26.906451612903226
PTOC,2000-04-01,44.0,25.466666666666665
PTOC,2000-05-01,112.4,21.164516129032258
PTOC,2000-06-01,138.4,21.220000000000002
PTOC,2000-07-01,21.5,15.448387096774193
PTOC,2000-08-01,163.4,21.299999999999997
PTOC,2000-09-01,26.0,22.05
PTOC,2000-10-01,94.1,27.216129032258067
PTOC,2000-11-01,158.8,25.59333333333333
PTOC,2000-12-01,142.0,27.32903225806452
PTOC,2001-01-01,92.0,28.72258064516129
PTOC,2001-02-01,263.4,27.36785714285714
PTOC,2001-03-01,52.0,26.961290322580645
PTOC,2001-04-01,88.10000000000001,25.636666666666667
PTOC,2001-05-01,21.5,19.783870967741933
PTOC,2001-06-01,14.8,19.470000000000002
PTOC,2001-07-01,23.5,21.851612903225806
PTOC,2001-08-01,1.0,24.503225806451614
PTOC,2001-09-01,115.5,24.576666666666664
PTOC,2001-10-01,74.6,26.258064516129032
PTOC,2001-11-01,153.8,26.476666666666667
PTOC,2001-12-01,280.7,25.932258064516127
PTOC,2002-01-01,101.2,27.948387096774194
PTOC,2002-02-01,176.2,26.13214285714286
PTOC,2002-03-01,122.8,28.190322580645162
PTOC,2002-04-01,23.3,26.18
PTOC,2002-05-01,90.2,23.69677419354839
PTOC,2002-06-01,8.2,19.673333333333336
PTOC,2002-07-01,79.7,18.225806451612904
PTOC,2002-08-01,12.5,23.48709677419355
PTOC,2002-09-01,15.5,24.483333333333334
PTOC,2002-10-01,165.5,28.62258064516129
PTOC,2002-11-01,82.8,27.813333333333333
PTOC,2002-12-01,145.7,29.07741935483871
PTOC,2003-01-01,162.8,28.406451612903226
PTOC,2003-02-01,87.3,27.04642857142857
PTOC,2003-03-01,219.6,26.43548387096774
PTOC,2003-04-01,67.2,23.68
PTOC,2003-05-01,15.0,21.38064516129032
PTOC,2003-06-01,16.5,22.416666666666668
PTOC,2003-07-01,13.0,20.309677419354838
PTOC,2003-08-01,17.0,19.470967741935485
PTOC,2003-09-01,101.9,23.44
PTOC,2003-10-01,86.5,26.206451612903226
PTOC,2003-11-01,165.8,27.333333333333332
PTOC,2003-12-01,268.4,27.264516129032256
PTOC,2004-01-01,30.0,29.11935483870968
PTOC,2004-02-01,130.5,27.23793103448276
PTOC,2004-03-01,119.5,26.641935483870967
PTOC,2004-04-01,165.6,25.353333333333335
PTOC,2004-05-01,174.0,17.432258064516127
PTOC,2004-06-01,102.0,20.209999999999997
PTOC,2004-07-01,99.3,18.88064516129032
PTOC,2004-08-01,1.3,20.34193548387097
PTOC,2004-09-01,41.2,23.759999999999998
PTOC,2004-10-01,227.8,25.029032258064515
PTOC,2004-11-01,271.0,25.256666666666668
PTOC,2004-12-01,168.8,27.03548387096774
PTOC,2005-01-01,264.2,26.712903225806453
PTOC,2005-02-01,41.0,27.428571428571427
PTOC,2005-03-01,22.0,26.858064516129033
PTOC,2005-04-01,161.2,24.293333333333333
PTOC,2005-05-01,100.69999999999999,22.635483870967743
PTOC,2005-06-01,47.9,22.013333333333332
PTOC,2005-07-01,9.0,18.783870967741933
PTOC,2005-08-01,14.0,22.641935483870967
PTOC,2005-09-01,27.7,20.259999999999998
PTOC,2005-10-01,191.79999999999998,24.96451612903226
PTOC,2005-11-01,335.0,26.183333333333334
PTOC,2005-12-01,,27.293548387096774
PTOC,2006-01-01,136.9,27.943548387096776
PTOC,2006-02-01,84.0,27.87142857142857
PTOC,2006-03-01,223.8,27.374193548387098
PTOC,2006-04-01,105.8,24.68
PTOC,2006-05-01,38.0,18.361290322580647
PTOC,2006-06-01,82.9,21.30666666666667
PTOC,2006-07-01,9.0,22.68548387096774
PTOC,2006-08-01,42.0,21.858064516129033
PTOC,2006-09-01,125.0,24.033333333333335
PTOC,2006-10-01,289.0,26.416129032258063
PTOC,2006-11-01,290.0,26.023333333333333
PTOC,2006-12-01,136.9,28.183870967741935
PTOC,2007-01-01,187.0,28.175806451612903
PTOC,2007-02-01,111.0,27.860714285714288
PTOC,2007-03-01,157.0,27.529032258064515
PTOC,2007-04-01,134.9,25.396666666666665
PTOC,2007-05-01,18.0,18.54516129032258
PTOC,2007-06-01,,19.94
PTOC,2007-07-01,4.5,17.241935483870968
PTOC,2007-08-01,21.9,18.583870967741937
PTOC,2007-09-01,,25.956666666666667
PTOC,2007-10-01,58.9,27.748387096774195
PTOC,2007-11-01,280.0,26.525
PTOC,2007-12-01,240.0,27.261290322580646
PTOC,2008-01-01,211.4,27.348387096774193
PTOC,2008-02-01,281.4,26.56896551724138
PTOC,2008-03-01,60.0,26.274193548387096
PTOC,2008-04-01,53.7,24.083333333333332
PTOC,2008-05-01,42.7,20.358064516129033
PTOC,2008-06-01,57.4,17.15
PTOC,2008-07-01,79.0,21.977419354838712
PTOC,2008-08-01,51.0,22.0258064516129
PTOC,2008-09-01,60.4,22.136666666666667
PTOC,2008-10-01,137.8,25.919354838709676
PTOC,2008-11-01,268.8,26.490000000000002
PTOC,2008-12-01,74.0,27.835483870967742
PTOC,2009-01-01,103.5,27.01290322580645
PTOC,2009-02-01,113.6,27.446428571428573
PTOC,2009-03-01,44.4,28.029032258064515
PTOC,2009-04-01,60.0,26.040000000000003
PTOC,2009-05-01,132.7,22.509677419354837
PTOC,2009-06-01,38.6,17.836666666666666
PTOC,2009-07-01,53.0,18.20967741935484
PTOC,2009-08-01,24.3,21.625806451612902
PTOC,2009-09-01,33.0,23.023333333333333
PTOC,2009-10-01,154.8,26.335483870967742
PTOC,2009-11-01,321.8,29.89
PTOC,2009-12-01,429.2,27.69677419354839
PTOC,2010-01-01,144.3,28.187096774193545
PTOC,2010-02-01,269.2,28.428571428571427
PTOC,2010-03-01,144.0,27.63225806451613
PTOC,2010-04-01,75.0,24.153333333333332
PTOC,2010-05-01,165.6,18.677419354838708
PTOC,2010-06-01,15.0,20.910000000000004
PTOC,2010-07-01,89.19999999999999,18.361290322580647
PTOC,2010-08-01,0.9,20.38064516129032
PTOC,2010-09-01,90.0,23.243333333333332
PTOC,2010-10-01,136.3,23.932258064516127
PTOC,2010-11-01,185.3,24.673333333333336
PTOC,2010-12-01,129.3,28.467741935483872
PTOC,2011-01-01,144.6,29.1
PTOC,2011-02-01,275.7,27.271428571428572
PTOC,2011-03-01,156.5,27.393548387096775
PTOC,2011-04-01,243.0,25.959999999999997
PTOC,2011-05-01,14.4,22.36774193548387
PTOC,2011-06-01,23.6,20.63
PTOC,2011-07-01,59.0,21.229032258064517
PTOC,2011-08-01,13.200000000000001,23.19677419354839
PTOC,2011-09-01,150.8,25.703333333333333
PTOC,2011-10-01,202.8,27.23548387096774
PTOC,2011-11-01,222.2,28.146666666666665
PTOC,2011-12-01,252.10000000000002,27.85483870967742
PTOC,2012-01-01,430.09999999999997,28.003225806451614
PTOC,2012-02-01,203.5,27.73793103448276
PTOC,2012-03-01,148.9,25.93548387096774
PTOC,2012-04-01,309.8,24.146666666666665
PTOC,2012-05-01,131.9,21.75483870967742
PTOC,2012-06-01,140.6,19.69333333333333
PTOC,2012-07-01,43.1,17.43548387096774
PTOC,2012-08-01,11.4,23.041935483870965
PTOC,2012-09-01,68.5,25.646666666666665
PTOC,2012-10-01,133.9,27.812903225806455
PTOC,2012-11-01,234.60000000000002,27.28666666666667
PTOC,2012-12-01,65.5,29.096774193548388
PTOC,2013-01-01,68.89999999999999,29.200000000000003
PTOC,2013-02-01,71.6,28.692857142857143
PTOC,2013-03-01,123.1,26.87741935483871
PTOC,2013-04-01,376.70000000000005,24.116666666666667
PTOC,2013-05-01,76.8,22.200000000000003
PTOC,2013-06-01,215.1,20.176666666666666
PTOC,2013-07-01,2.7,19.38064516129032
PTOC,2013-08-01,0.0,18.716129032258067
PTOC,2013-09-01,28.799999999999997,23.563333333333333
PTOC,2013-10-01,215.2,25.12258064516129
PTOC,2013-11-01,231.5,27.08
PTOC,2013-12-01,325.2,28.43548387096774
PTOC,2014-01-01,272.1,27.716129032258067
PTOC,2014-02-01,36.0,27.714285714285715
PTOC,2014-03-01,276.5,26.296774193548387
PTOC,2014-04-01,94.2,25.209999999999997
PTOC,2014-05-01,305.0,21.029032258064515
PTOC,2014-06-01,138.8,20.5
PTOC,2014-07-01,69.5,20.335483870967742
PTOC,2014-08-01,2.4,22.851612903225806
PTOC,2014-09-01,50.8,26.916666666666668
PTOC,2014-10-01,28.9,29.63225806451613
PTOC,2014-11-01,427.8,27.033333333333335
PTOC,2014-12-01,56.599999999999994,28.16774193548387
PTOC,2015-01-01,167.0,29.016129032258064
PTOC,2015-02-01,211.29999999999998,28.5
PTOC,2015-03-01,46.0,27.01290322580645
PTOC,2015-04-01,105.19999999999999,25.803333333333335
PTOC,2015-05-01,244.1,22.219354838709677
PTOC,2015-06-01,60.2,21.886666666666667
PTOC,2015-07-01,155.6,20.003225806451614
PTOC,2015-08-01,21.9,24.18064516129032
PTOC,2015-09-01,118.19999999999999,25.003333333333334
PTOC,2015-10-01,162.8,25.690322580645162
PTOC,2015-11-01,177.0,27.186666666666667
PTOC,2015-12-01,366.8,28.22258064516129
PTOC,2016-01-01,325.6,28.503225806451614
PTOC,2016-02-01,374.5,28.024137931034485
PTOC,2016-03-01,220.3,25.822580645161292
PTOC,2016-04-01,85.7,25.8
PTOC,2016-05-01,272.0,19.161290322580644
PTOC,2016-06-01,47.5,15.92
PTOC,2016-07-01,11.8,19.53548387096774
PTOC,2016-08-01,60.900000000000006,22.135483870967743
PTOC,2016-09-01,54.9,21.563333333333333
PTOC,2016-10-01,135.0,26.032258064516128
PTOC,2016-11-01,252.10000000000002,25.990000000000002
PTOC,2016-12-01,204.5,27.470967741935485
PTOC,2017-01-01,39.599999999999994,29.677419354838708
PTOC,2017-02-01,185.4,28.467857142857145
PTOC,2017-03-01,68.9,27.593548387096774
PTOC,2017-04-01,162.10000000000002,24.05666666666667
PTOC,2017-05-01,142.8,22.648387096774194
PTOC,2017-06-01,28.200000000000003,20.876666666666665
PTOC,2017-07-01,0.8,21.432258064516127
PTOC,2017-08-01,49.800000000000004,23.809677419354838
PTOC,2017-09-01,130.5,25.736666666666668
PTOC,2017-10-01,65.9,26.761290322580646
PTOC,2017-11-01,210.9,26.486666666666668
PTOC,2017-12-01,169.0,28.23548387096774
PTOC,2018-01-01,284.7,28.05806451612903
PTOC,2018-02-01,182.79999999999998,27.385714285714283
PTOC,2018-03-01,68.6,26.870967741935484
PTOC,2018-04-01,35.2,26.61
PTOC,2018-05-01,241.3,23.03548387096774
PTOC,2018-06-01,28.7,18.32
PTOC,2018-07-01,2.6,19.10967741935484
PTOC,2018-08-01,12.4,19.125806451612902
PTOC,2018-09-01,53.4,24.506666666666668
PTOC,2018-10-01,225.10000000000002,26.374193548387098
PTOC,2018-11-01,481.5,27.756666666666668
PTOC,2018-12-01,239.2,28.274193548387096
PTOC,2019-01-01,76.3,30.429032258064513
PTOC,2019-02-01,173.9,28.853571428571428
PTOC,2019-03-01,397.8,27.325806451612905
PTOC,2019-04-01,198.20000000000002,26.016666666666666
PTOC,2019-05-01,127.5,23.174193548387095
PTOC,2019-06-01,9.1,22.15666666666667
PTOC,2019-07-01,43.099999999999994,18.806451612903224
PTOC,2019-08-01,13.299999999999999,21.529032258064515
PTOC,2019-09-01,8.1,25.726666666666667
PTOC,2019-10-01,49.0,27.89032258064516
PTOC,2019-11-01,181.5,29.956666666666667
PTOC,2019-12-01,268.6,27.16774193548387
PTOC,2020-01-01,145.0,29.096774193548388
PTOC,2020-02-01,73.0,28.29655172413793
PTOC,2020-03-01,74.0,29.08709677419355
PTOC,2020-04-01,72.3,24.336666666666666
PTOC,2020-05-01,56.6,20.996774193548386
PTOC,2020-06-01,118.9,21.236666666666668
PTOC,2020-07-01,9.8,20.551612903225806
PTOC,2020-08-01,85.1,23.067741935483873
PTOC,2020-09-01,42.2,25.173333333333336
PTOC,2020-10-01,205.0,28.125806451612902
PTOC,2020-11-01,46.4,26.986666666666668
PTOC,2020-12-01,199.99999999999997,28.770967741935483
PTOC,2021-01-01,336.1,27.55483870967742
PTOC,2021-02-01,28.4,27.17142857142857
PTOC,2021-03-01,68.3,26.925806451612903
PTOC,2021-04-01,107.5,25.196666666666665
PTOC,2021-05-01,61.5,21.758064516129032
PTOC,2021-06-01,8.7,19.64333333333333
PTOC,2021-07-01,6.0,20.270967741935483
PTOC,2021-08-01,32.4,23.212903225806453
PTOC,2021-09-01,5.4,27.898333333333333
PTOC,2021-10-01,200.2,26.30483870967742
PTOC,2021-11-01,,28.063333333333333
PTOC,2021-12-01,8.8,30.111290322580647
PTOC,2022-01-01,102.3,30.62258064516129
PTOC,2022-02-01,62.699999999999996,29.442857142857143
PTOC,2022-03-01,162.4,27.43548387096774
PTOC,2022-04-01,103.0,26.279999999999998
PTOC,2022-05-01,63.599999999999994,19.75483870967742
PTOC,2022-06-01,66.39999999999999,18.75
PTOC,2022-07-01,0.0,24.506451612903227
PTOC,2022-08-01,44.6,22.154838709677417
PTOC,2022-09-01,150.8,22.353333333333335
PTOC,2022-10-01,193.29999999999998,23.996774193548386
PTOC,2022-11-01,103.0,25.923333333333336
PTOC,2022-12-01,89.6,29.325806451612905
PTOC,2023-01-01,308.40000000000003,28.81935483870968
PTOC,2023-02-01,660.4,26.446428571428573
PTOC,2023-03-01,255.5,27.567741935483873
PTOC,2023-04-01,150.8,24.283333333333335
PTOC,2023-05-01,78.7,22.383870967741935
PTOC,2023-06-01,30.0,21.313333333333333
PTOC,2023-07-01,2.2,22.606451612903225
PTOC,2023-08-01,35.599999999999994,25.603225806451615
PTOC,2023-09-01,19.8,27.596666666666668
PTOC,2023-10-01,73.3,29.33225806451613
PTOC,2023-11-01,,30.263333333333332
PTOC,2023-12-01,,29.448387096774194
SEST,2000-01-01,128.0,28.351612903225806
SEST,2000-02-01,115.0,27.03103448275862
SEST,2000-03-01,54.0,26.15806451612903
SEST,2000-04-01,72.0,24.096666666666668
SEST,2000-05-01,265.5,18.11935483870968
SEST,2000-06-01,244.0,19.07
SEST,2000-07-01,41.0,13.038709677419355
SEST,2000-08-01,41.0,19.990322580645163
SEST,2000-09-01,142.0,21.033333333333335
SEST,2000-10-01,195.0,25.325806451612905
SEST,2000-11-01,247.0,24.88
SEST,2000-12-01,129.0,26.580645161290324
SEST,2001-01-01,40.8,27.648387096774194
SEST,2001-02-01,236.0,27.178571428571427
SEST,2001-03-01,36.0,27.048387096774192
SEST,2001-04-01,191.0,23.759999999999998
SEST,2001-05-01,81.5,17.651612903225807
SEST,2001-06-01,18.099999999999998,17.69333333333333
SEST,2001-07-01,110.3,18.86774193548387
SEST,2001-08-01,66.3,22.01290322580645
SEST,2001-09-01,165.5,21.06
SEST,2001-10-01,39.0,24.151612903225807
SEST,2001-11-01,237.0,25.936666666666667
SEST,2001-12-01,113.0,26.216129032258067
SEST,2002-01-01,196.2,26.493548387096773
SEST,2002-02-01,126.0,26.175
SEST,2002-03-01,195.5,27.787096774193547
SEST,2002-04-01,28.4,25.45
SEST,2002-05-01,201.5,21.370967741935484
SEST,2002-06-01,113.0,18.301666666666666
SEST,2002-07-01,39.9,16.03548387096774
SEST,2002-08-01,59.9,20.887096774193548
SEST,2002-09-01,66.0,22.17
SEST,2002-10-01,100.0,26.287096774193547
SEST,2002-11-01,185.0,26.03666666666667
SEST,2002-12-01,50.0,28.60967741935484
SEST,2003-01-01,154.8,28.325806451612905
SEST,2003-02-01,184.0,27.521428571428572
SEST,2003-03-01,73.0,27.137096774193548
SEST,2003-04-01,60.0,23.723333333333336
SEST,2003-05-01,49.099999999999994,20.374193548387098
SEST,2003-06-01,61.2,22.123333333333335
SEST,2003-07-01,25.0,18.606451612903225
SEST,2003-08-01,71.0,16.54516129032258
SEST,2003-09-01,207.0,22.151666666666664
SEST,2003-10-01,248.39999999999998,25.161290322580644
SEST,2003-11-01,259.6,25.773333333333333
SEST,2003-12-01,352.0,26.338709677419356
SEST,2004-01-01,65.5,27.983870967741936
SEST,2004-02-01,60.599999999999994,27.220689655172414
SEST,2004-03-01,90.2,25.338709677419356
SEST,2004-04-01,291.8,24.766666666666666
SEST,2004-05-01,285.3,16.406451612903226
SEST,2004-06-01,249.2,19.040000000000003
SEST,2004-07-01,116.5,18.44516129032258
SEST,2004-08-01,3.6,19.509677419354837
SEST,2004-09-01,39.9,22.396666666666665
SEST,2004-10-01,308.4,24.048387096774192
SEST,2004-11-01,355.7,24.456666666666667
SEST,2004-12-01,158.5,26.629032258064516
SEST,2005-01-01,110.6,27.36774193548387
SEST,2005-02-01,16.299999999999997,26.728571428571428
SEST,2005-03-01,20.5,26.770967741935483
SEST,2005-04-01,183.0,23.666666666666668
SEST,2005-05-01,171.0,21.306451612903224
SEST,2005-06-01,98.9,21.790000000000003
SEST,2005-07-01,10.0,17.68548387096774
SEST,2005-08-01,31.0,21.387096774193548
SEST,2005-09-01,238.8,17.80666666666667
SEST,2005-10-01,306.4,23.322580645161292
SEST,2005-11-01,150.2,26.493333333333332
SEST,2005-12-01,115.6,27.299999999999997
SEST,2006-01-01,106.0,28.990322580645163
SEST,2006-02-01,110.4,27.010714285714283
SEST,2006-03-01,328.1,26.22258064516129
SEST,2006-04-01,,23.538333333333334
SEST,2006-05-01,,17.65
SEST,2006-06-01,37.0,20.566666666666666
SEST,2006-07-01,60.0,21.019354838709678
SEST,2006-08-01,77.0,20.259677419354837
SEST,2006-09-01,,21.816666666666666
SEST,2006-10-01,157.0,26.238709677419354
SEST,2006-11-01,125.0,24.853333333333335
SEST,2006-12-01,,28.78548387096774
SEST,2007-01-01,139.0,28.89516129032258
SEST,2007-02-01,69.0,28.251785714285713
SEST,2007-03-01,83.0,27.503225806451614
SEST,2007-04-01,136.2,23.996666666666666
SEST,2007-05-01,189.89999999999998,17.200000000000003
SEST,2007-06-01,0.0,19.046666666666667
SEST,2007-07-01,16.0,15.616129032258065
SEST,2007-08-01,7.0,17.846774193548388
SEST,2007-09-01,15.0,24.846666666666668
SEST,2007-10-01,179.0,26.717741935483872
SEST,2007-11-01,139.0,25.108333333333334
SEST,2007-12-01,,27.538709677419355
SEST,2008-01-01,69.9,27.23225806451613
SEST,2008-02-01,147.6,27.024137931034485
SEST,2008-03-01,176.2,26.135483870967743
SEST,2008-04-01,125.6,21.706666666666667
SEST,2008-05-01,73.9,18.23548387096774
SEST,2008-06-01,57.4,15.673333333333334
SEST,2008-07-01,31.4,21.825806451612905
SEST,2008-08-01,26.6,20.848387096774193
SEST,2008-09-01,87.9,19.026666666666664
SEST,2008-10-01,277.0,23.94193548387097
SEST,2008-11-01,161.0,26.183333333333334
SEST,2008-12-01,41.4,27.596774193548388
SEST,2009-01-01,41.0,26.541935483870965
SEST,2009-02-01,131.3,26.97142857142857
SEST,2009-03-01,29.200000000000003,27.051612903225806
SEST,2009-04-01,12.2,24.663333333333334
SEST,2009-05-01,372.3,21.038709677419355
SEST,2009-06-01,128.0,15.796666666666665
SEST,2009-07-01,142.3,15.258064516129032
SEST,2009-08-01,28.5,19.270967741935483
SEST,2009-09-01,107.0,20.05666666666667
SEST,2009-10-01,150.7,23.845161290322583
SEST,2009-11-01,115.0,28.39
SEST,2009-12-01,213.7,26.903225806451612
SEST,2010-01-01,124.0,27.47741935483871
SEST,2010-02-01,110.8,28.099999999999998
SEST,2010-03-01,245.0,26.35483870967742
SEST,2010-04-01,145.0,23.203333333333333
SEST,2010-05-01,163.79999999999998,17.967741935483872
SEST,2010-06-01,42.0,19.083333333333332
SEST,2010-07-01,135.0,16.79032258064516
SEST,2010-08-01,4.0,19.09032258064516
SEST,2010-09-01,99.10000000000001,21.09
SEST,2010-10-01,321.4,21.31935483870968
SEST,2010-11-01,91.0,23.966666666666665
SEST,2010-12-01,187.1,26.36774193548387
SEST,2011-01-01,41.2,28.53548387096774
SEST,2011-02-01,356.2,26.650000000000002
SEST,2011-03-01,97.19999999999999,26.835483870967742
SEST,2011-04-01,104.9,24.896666666666665
SEST,2011-05-01,26.5,20.83225806451613
SEST,2011-06-01,101.1,18.563333333333333
SEST,2011-07-01,131.6,19.225806451612904
SEST,2011-08-01,67.10000000000001,19.990322580645163
SEST,2011-09-01,148.5,22.529999999999998
SEST,2011-10-01,211.2,25.154838709677417
SEST,2011-11-01,251.2,25.973333333333336
SEST,2011-12-01,48.199999999999996,27.22258064516129
SEST,2012-01-01,157.4,27.845161290322583
SEST,2012-02-01,131.5,28.024137931034485
SEST,2012-03-01,137.1,25.503225806451614
SEST,2012-04-01,246.7,22.896666666666665
SEST,2012-05-01,189.7,20.448387096774194
SEST,2012-06-01,150.0,18.696666666666665
SEST,2012-07-01,77.9,16.5
SEST,2012-08-01,2.6,21.9
SEST,2012-09-01,16.8,24.05666666666667
SEST,2012-10-01,260.2,25.106451612903225
SEST,2012-11-01,151.8,26.653333333333332
SEST,2012-12-01,192.10000000000002,29.25483870967742
SEST,2013-01-01,35.2,28.164516129032258
SEST,2013-02-01,137.3,26.825
SEST,2013-03-01,43.7,24.80806451612903
SEST,2013-04-01,145.7,23.146666666666665
SEST,2013-05-01,216.70000000000002,19.706451612903226
SEST,2013-06-01,187.8,18.563333333333333
SEST,2013-07-01,3.8,18.261290322580646
SEST,2013-08-01,12.0,16.693548387096776
SEST,2013-09-01,74.89999999999999,21.4
SEST,2013-10-01,136.6,24.05806451612903
SEST,2013-11-01,143.9,26.25
SEST,2013-12-01,13.399999999999999,28.68064516129032
SEST,2014-01-01,77.1,28.470967741935485
SEST,2014-02-01,75.4,28.635714285714283
SEST,2014-03-01,214.0,26.480645161290322
SEST,2014-04-01,237.0,23.28666666666667
SEST,2014-05-01,166.5,20.506451612903227
SEST,2014-06-01,306.0,18.513333333333332
SEST,2014-07-01,139.9,18.38064516129032
SEST,2014-08-01,3.3,21.851612903225806
SEST,2014-09-01,203.9,23.740000000000002
SEST,2014-10-01,38.199999999999996,27.080645161290324
SEST,2014-11-01,284.5,25.63
SEST,2014-12-01,138.0,26.56451612903226
SEST,2015-01-01,72.0,28.26451612903226
SEST,2015-02-01,154.9,27.789285714285715
SEST,2015-03-01,45.5,26.774193548387096
SEST,2015-04-01,359.7,25.37
SEST,2015-05-01,351.4,20.712903225806453
SEST,2015-06-01,128.6,20.826666666666664
SEST,2015-07-01,198.1,17.648387096774194
SEST,2015-08-01,56.4,23.98709677419355
SEST,2015-09-01,116.3,23.896666666666665
SEST,2015-10-01,152.2,24.73225806451613
SEST,2015-11-01,344.9,25.029999999999998
SEST,2015-12-01,562.4,26.25483870967742
SEST,2016-01-01,284.3,28.14516129032258
SEST,2016-02-01,346.9,28.03793103448276
SEST,2016-03-01,73.2,25.73225806451613
SEST,2016-04-01,235.1,25.423333333333336
SEST,2016-05-01,147.6,17.641935483870967
SEST,2016-06-01,5.8,14.933333333333334
SEST,2016-07-01,12.9,18.493548387096773
SEST,2016-08-01,196.5,20.116129032258065
SEST,2016-09-01,154.79999999999998,19.88
SEST,2016-10-01,196.0,23.838709677419356
SEST,2016-11-01,106.5,24.740000000000002
SEST,2016-12-01,257.6,26.403225806451612
SEST,2017-01-01,128.0,27.29032258064516
SEST,2017-02-01,109.7,26.810714285714287
SEST,2017-03-01,136.0,26.003225806451614
SEST,2017-04-01,248.5,23.003333333333334
SEST,2017-05-01,243.9,21.135483870967743
SEST,2017-06-01,49.3,18.8
SEST,2017-07-01,5.2,19.9741935483871
SEST,2017-08-01,87.80000000000001,22.174193548387095
SEST,2017-09-01,20.8,24.616666666666667
SEST,2017-10-01,263.3,24.312903225806455
SEST,2017-11-01,151.1,24.8
SEST,2017-12-01,175.7,27.580645161290324
SEST,2018-01-01,297.8,25.896774193548385
SEST,2018-02-01,166.3,26.65357142857143
SEST,2018-03-01,232.4,25.461290322580645
SEST,2018-04-01,3.2,25.75
SEST,2018-05-01,150.0,21.364516129032257
SEST,2018-06-01,20.8,16.903333333333332
SEST,2018-07-01,4.4,17.751612903225805
SEST,2018-08-01,41.2,17.05806451612903
SEST,2018-09-01,191.5,21.60666666666667
SEST,2018-10-01,219.6,23.59032258064516
SEST,2018-11-01,137.1,26.759999999999998
SEST,2018-12-01,35.0,27.42258064516129
SEST,2019-01-01,101.1,28.932258064516127
SEST,2019-02-01,202.8,27.189285714285713
SEST,2019-03-01,172.6,25.23225806451613
SEST,2019-04-01,310.6,24.253333333333334
SEST,2019-05-01,277.4,20.54516129032258
SEST,2019-06-01,26.2,21.12
SEST,2019-07-01,35.6,16.94193548387097
SEST,2019-08-01,7.4,19.98709677419355
SEST,2019-09-01,3.5999999999999996,22.876666666666665
SEST,2019-10-01,57.0,25.570967741935487
SEST,2019-11-01,112.6,28.573333333333334
SEST,2019-12-01,245.6,26.200000000000003
SEST,2020-01-01,95.4,27.258064516129032
SEST,2020-02-01,21.8,26.63103448275862
SEST,2020-03-01,24.1,27.335483870967742
SEST,2020-04-01,19.1,22.453333333333333
SEST,2020-05-01,285.5,19.17096774193548
SEST,2020-06-01,85.5,20.34
SEST,2020-07-01,28.2,18.52258064516129
SEST,2020-08-01,80.7,20.529032258064515
SEST,2020-09-01,8.3,22.996666666666666
SEST,2020-10-01,74.1,26.261290322580646
SEST,2020-11-01,139.4,25.773333333333333
SEST,2020-12-01,406.8,26.938709677419357
SEST,2021-01-01,279.1,26.09032258064516
SEST,2021-02-01,47.6,25.77857142857143
SEST,2021-03-01,110.0,25.432258064516127
SEST,2021-04-01,124.1,23.029999999999998
SEST,2021-05-01,7.9,19.33225806451613
SEST,2021-06-01,215.4,17.113333333333333
SEST,2021-07-01,63.3,17.68064516129032
SEST,2021-08-01,9.1,21.003225806451614
SEST,2021-09-01,40.8,24.828333333333333
SEST,2021-10-01,434.4,24.467741935483872
SEST,2021-11-01,197.1,26.456666666666667
SEST,2021-12-01,6.7,28.335483870967742
SEST,2022-01-01,89.1,29.44516129032258
SEST,2022-02-01,69.1,27.724999999999998
SEST,2022-03-01,199.6,26.206451612903226
SEST,2022-04-01,186.89999999999998,24.053333333333335
SEST,2022-05-01,274.5,17.87741935483871
SEST,2022-06-01,95.0,16.54
SEST,2022-07-01,16.9,22.04516129032258
SEST,2022-08-01,218.7,19.37741935483871
SEST,2022-09-01,226.79999999999998,18.71333333333333
SEST,2022-10-01,342.7,22.125806451612902
SEST,2022-11-01,163.3,24.023333333333333
SEST,2022-12-01,5.1,27.961290322580645
SEST,2023-01-01,125.3,27.712903225806453
SEST,2023-02-01,275.40000000000003,26.05
SEST,2023-03-01,243.6,26.4
SEST,2023-04-01,157.4,22.996666666666666
SEST,2023-05-01,71.5,20.39032258064516
SEST,2023-06-01,50.099999999999994,19.686666666666667
SEST,2023-07-01,66.9,20.932258064516127
SEST,2023-08-01,94.4,22.61935483870968
SEST,2023-09-01,105.3,24.970000000000002
SEST,2023-10-01,171.5,25.88064516129032
SEST,2023-11-01,404.6,26.603333333333335
SEST,2023-12-01,197.0,27.835483870967742
SGUA,2000-01-01,112.8,26.761290322580646
SGUA,2000-02-01,159.8,25.517241379310345
SGUA,2000-03-01,136.5,24.56451612903226
SGUA,2000-04-01,41.199999999999996,21.823333333333334
SGUA,2000-05-01,89.3,16.874193548387098
SGUA,2000-06-01,127.0,18.103333333333335
SGUA,2000-07-01,94.39999999999999,13.09032258064516
SGUA,2000-08-01,200.1,18.661290322580644
SGUA,2000-09-01,143.7,19.94333333333333
SGUA,2000-10-01,289.5,23.570967741935487
SGUA,2000-11-01,240.5,23.90666666666667
SGUA,2000-12-01,250.7,24.887096774193548
SGUA,2001-01-01,174.0,25.92258064516129
SGUA,2001-02-01,287.6,25.342857142857145
SGUA,2001-03-01,98.2,25.190322580645162
SGUA,2001-04-01,111.19999999999999,23.783333333333335
SGUA,2001-05-01,69.1,17.864516129032257
SGUA,2001-06-01,140.0,16.55
SGUA,2001-07-01,55.1,18.138709677419353
SGUA,2001-08-01,38.400000000000006,21.048387096774192
SGUA,2001-09-01,156.5,20.92
SGUA,2001-10-01,81.2,23.364516129032257
SGUA,2001-11-01,177.0,24.983333333333334
SGUA,2001-12-01,220.3,24.403225806451612
SGUA,2002-01-01,144.3,25.138709677419353
SGUA,2002-02-01,125.69999999999999,24.432142857142857
SGUA,2002-03-01,41.2,26.90967741935484
SGUA,2002-04-01,22.6,25.59333333333333
SGUA,2002-05-01,379.7,20.835483870967742
SGUA,2002-06-01,7.9,19.086666666666666
SGUA,2002-07-01,43.7,16.538709677419355
SGUA,2002-08-01,88.0,20.345161290322583
SGUA,2002-09-01,94.50000000000001,20.066666666666666
SGUA,2002-10-01,112.0,24.20967741935484
SGUA,2002-11-01,265.9,24.14333333333333
SGUA,2002-12-01,142.2,26.019354838709678
SGUA,2003-01-01,118.4,26.23225806451613
SGUA,2003-02-01,267.6,25.86785714285714
SGUA,2003-03-01,127.0,25.4
SGUA,2003-04-01,156.9,22.02
SGUA,2003-05-01,61.2,18.42258064516129
SGUA,2003-06-01,109.5,20.040000000000003
SGUA,2003-07-01,65.1,18.712903225806453
SGUA,2003-08-01,36.0,16.00967741935484
SGUA,2003-09-01,145.8,20.176666666666666
SGUA,2003-10-01,146.4,23.293548387096774
SGUA,2003-11-01,187.4,24.36
SGUA,2003-12-01,296.0,25.041935483870965
SGUA,2004-01-01,171.2,26.39032258064516
SGUA,2004-02-01,62.099999999999994,24.96896551724138
SGUA,2004-03-01,119.7,24.65806451612903
SGUA,2004-04-01,165.6,23.63
SGUA,2004-05-01,304.1,16.532258064516128
SGUA,2004-06-01,113.7,17.316666666666666
SGUA,2004-07-01,116.8,17.032258064516128
SGUA,2004-08-01,0.7,18.345161290322583
SGUA,2004-09-01,35.800000000000004,22.636666666666667
SGUA,2004-10-01,352.4,22.258064516129032
SGUA,2004-11-01,269.6,23.40666666666667
SGUA,2004-12-01,177.7,24.887096774193548
SGUA,2005-01-01,156.8,25.65806451612903
SGUA,2005-02-01,45.0,26.110714285714288
SGUA,2005-03-01,2.6,26.248387096774195
SGUA,2005-04-01,112.0,23.936666666666667
SGUA,2005-05-01,110.5,20.980645161290322
SGUA,2005-06-01,100.7,20.540000000000003
SGUA,2005-07-01,42.5,16.693548387096776
SGUA,2005-08-01,76.1,19.345161290322583
SGUA,2005-09-01,182.2,17.2
SGUA,2005-10-01,345.0,22.625806451612902
SGUA,2005-11-01,85.8,24.40666666666667
SGUA,2005-12-01,52.4,25.46451612903226
SGUA,2006-01-01,94.5,26.816129032258065
SGUA,2006-02-01,116.5,25.346428571428568
SGUA,2006-03-01,211.0,25.161290322580644
SGUA,2006-04-01,,22.043333333333333
SGUA,2006-05-01,,16.356451612903225
SGUA,2006-06-01,65.4,18.823333333333334
SGUA,2006-07-01,35.4,20.03548387096774
SGUA,2006-08-01,,18.69677419354839
SGUA,2006-09-01,,19.58833333333333
SGUA,2006-10-01,,24.519354838709678
SGUA,2006-11-01,,24.103333333333335
SGUA,2006-12-01,,26.95483870967742
SGUA,2007-01-01,368.8,25.677419354838708
SGUA,2007-02-01,166.9,25.767857142857142
SGUA,2007-03-01,98.0,25.506451612903227
SGUA,2007-04-01,,23.503333333333334
SGUA,2007-05-01,47.6,18.816129032258065
SGUA,2007-06-01,1.5,18.016666666666666
SGUA,2007-07-01,26.0,15.3
SGUA,2007-08-01,12.0,18.203225806451613
SGUA,2007-09-01,18.8,23.866666666666667
SGUA,2007-10-01,100.8,24.551612903225806
SGUA,2007-11-01,330.0,23.826666666666664
SGUA,2007-12-01,155.5,25.806451612903224
SGUA,2008-01-01,85.9,25.258064516129032
SGUA,2008-02-01,224.4,25.5
SGUA,2008-03-01,37.6,24.761290322580646
SGUA,2008-04-01,,21.779999999999998
SGUA,2008-05-01,,17.5
SGUA,2008-06-01,,15.323333333333332
SGUA,2008-07-01,,19.799999999999997
SGUA,2008-08-01,215.29999999999998,20.05483870967742
SGUA,2008-09-01,50.300000000000004,18.78666666666667
SGUA,2008-10-01,293.7,23.825806451612905
SGUA,2008-11-01,183.6,24.523333333333333
SGUA,2008-12-01,57.0,26.306451612903224
SGUA,2009-01-01,186.4,25.1
SGUA,2009-02-01,83.1,26.042857142857144
SGUA,2009-03-01,30.1,25.725806451612904
SGUA,2009-04-01,14.7,23.756666666666668
SGUA,2009-05-01,155.8,20.570967741935487
SGUA,2009-06-01,88.3,15.753333333333334
SGUA,2009-07-01,197.7,16.225806451612904
SGUA,2009-08-01,69.4,19.06451612903226
SGUA,2009-09-01,116.4,19.916666666666668
SGUA,2009-10-01,359.8,22.96451612903226
SGUA,2009-11-01,186.1,26.563333333333333
SGUA,2009-12-01,324.7,25.874193548387098
SGUA,2010-01-01,141.6,26.338709677419356
SGUA,2010-02-01,126.69999999999999,26.514285714285712
SGUA,2010-03-01,124.0,25.635483870967743
SGUA,2010-04-01,114.0,22.753333333333334
SGUA,2010-05-01,114.89999999999999,17.519354838709678
SGUA,2010-06-01,26.4,18.459999999999997
SGUA,2010-07-01,82.3,16.925806451612903
SGUA,2010-08-01,2.9,18.15806451612903
SGUA,2010-09-01,140.0,20.926666666666666
SGUA,2010-10-01,168.5,20.864516129032257
SGUA,2010-11-01,145.0,23.346666666666668
SGUA,2010-12-01,,24.67096774193548
SGUA,2011-01-01,161.1,26.919354838709676
SGUA,2011-02-01,269.0,26.142857142857142
SGUA,2011-03-01,90.4,26.235483870967744
SGUA,2011-04-01,80.8,23.636666666666667
SGUA,2011-05-01,1.0,20.248387096774195
SGUA,2011-06-01,97.0,17.993333333333332
SGUA,2011-07-01,207.5,18.64516129032258
SGUA,2011-08-01,133.3,19.725806451612904
SGUA,2011-09-01,47.2,21.903333333333332
SGUA,2011-10-01,242.9,24.177419354838708
SGUA,2011-11-01,217.9,24.763333333333332
SGUA,2011-12-01,70.0,25.783870967741933
SGUA,2012-01-01,111.2,26.27741935483871
SGUA,2012-02-01,172.8,26.658620689655173
SGUA,2012-03-01,54.2,24.429032258064513
SGUA,2012-04-01,238.0,22.0
SGUA,2012-05-01,113.0,19.17096774193548
SGUA,2012-06-01,120.0,17.61
SGUA,2012-07-01,43.699999999999996,17.280645161290323
SGUA,2012-08-01,3.0,20.990322580645163
SGUA,2012-09-01,35.0,22.56
SGUA,2012-10-01,219.8,24.48709677419355
SGUA,2012-11-01,101.1,25.82
SGUA,2012-12-01,143.5,26.838709677419356
SGUA,2013-01-01,75.9,25.69677419354839
SGUA,2013-02-01,305.6,25.164285714285715
SGUA,2013-03-01,142.39999999999998,24.13225806451613
SGUA,2013-04-01,137.2,21.441666666666666
SGUA,2013-05-01,241.20000000000002,19.383870967741935
SGUA,2013-06-01,371.7,18.046666666666667
SGUA,2013-07-01,13.3,16.951612903225808
SGUA,2013-08-01,6.0,16.970967741935485
SGUA,2013-09-01,99.5,20.6
SGUA,2013-10-01,199.20000000000002,22.86774193548387
SGUA,2013-11-01,149.9,25.37
SGUA,2013-12-01,98.3,26.73225806451613
SGUA,2014-01-01,170.5,26.40967741935484
SGUA,2014-02-01,52.1,26.780357142857145
SGUA,2014-03-01,154.2,24.203225806451613
SGUA,2014-04-01,266.1,22.654999999999998
SGUA,2014-05-01,156.7,19.061290322580643
SGUA,2014-06-01,157.9,19.529999999999998
SGUA,2014-07-01,172.5,17.570967741935487
SGUA,2014-08-01,24.0,20.774193548387096
SGUA,2014-09-01,252.9,22.94333333333333
SGUA,2014-10-01,47.7,25.225806451612904
SGUA,2014-11-01,136.3,24.476666666666667
SGUA,2014-12-01,96.7,25.712903225806453
SGUA,2015-01-01,107.19999999999999,26.43548387096774
SGUA,2015-02-01,164.9,25.575
SGUA,2015-03-01,110.3,25.07741935483871
SGUA,2015-04-01,108.89999999999999,22.603333333333335
SGUA,2015-05-01,253.1,19.216129032258067
SGUA,2015-06-01,76.1,19.040000000000003
SGUA,2015-07-01,380.0,17.741935483870968
SGUA,2015-08-01,51.49999999999999,21.906451612903226
SGUA,2015-09-01,174.2,22.66
SGUA,2015-10-01,129.3,24.60645161290323
SGUA,2015-11-01,329.4,24.023333333333333
SGUA,2015-12-01,588.9,24.806451612903224
SGUA,2016-01-01,136.6,26.48709677419355
SGUA,2016-02-01,189.1,26.20344827586207
SGUA,2016-03-01,127.60000000000001,23.812903225806455
SGUA,2016-04-01,88.2,24.543333333333333
SGUA,2016-05-01,329.2,17.6
SGUA,2016-06-01,196.2,15.185
SGUA,2016-07-01,52.1,17.92258064516129
SGUA,2016-08-01,270.1,18.73548387096774
SGUA,2016-09-01,37.5,19.470000000000002
SGUA,2016-10-01,287.0,22.51290322580645
SGUA,2016-11-01,81.7,23.8
SGUA,2016-12-01,234.3,24.861290322580647
SGUA,2017-01-01,100.4,25.91290322580645
SGUA,2017-02-01,164.3,26.178571428571427
SGUA,2017-03-01,171.8,24.95483870967742
SGUA,2017-04-01,267.7,21.35666666666667
SGUA,2017-05-01,256.0,20.63225806451613
SGUA,2017-06-01,57.5,18.116666666666667
SGUA,2017-07-01,0.0,17.68064516129032
SGUA,2017-08-01,95.8,20.38064516129032
SGUA,2017-09-01,12.8,24.376666666666665
SGUA,2017-10-01,347.40000000000003,22.69677419354839
SGUA,2017-11-01,196.8,22.84333333333333
SGUA,2017-12-01,355.4,25.580645161290324
SGUA,2018-01-01,155.3,25.203225806451613
SGUA,2018-02-01,139.3,24.932142857142857
SGUA,2018-03-01,205.4,25.37741935483871
SGUA,2018-04-01,3.2,24.17
SGUA,2018-05-01,100.5,20.55806451612903
SGUA,2018-06-01,50.5,16.983333333333334
SGUA,2018-07-01,6.0,18.83225806451613
SGUA,2018-08-01,109.3,16.6
SGUA,2018-09-01,173.5,20.763333333333332
SGUA,2018-10-01,287.2,22.758064516129032
SGUA,2018-11-01,121.10000000000001,24.776666666666664
SGUA,2018-12-01,19.8,25.799999999999997
SGUA,2019-01-01,194.5,28.370967741935484
SGUA,2019-02-01,129.3,26.675
SGUA,2019-03-01,211.3,25.516129032258064
SGUA,2019-04-01,96.8,24.14333333333333
SGUA,2019-05-01,287.6,22.067741935483873
SGUA,2019-06-01,9.3,20.016666666666666
SGUA,2019-07-01,27.5,17.074193548387097
SGUA,2019-08-01,3.2,19.480645161290322
SGUA,2019-09-01,13.2,23.413333333333334
SGUA,2019-10-01,95.7,26.0258064516129
SGUA,2019-11-01,187.1,26.413333333333334
SGUA,2019-12-01,679.1,24.79032258064516
SGUA,2020-01-01,155.9,26.229032258064517
SGUA,2020-02-01,65.7,25.906896551724138
SGUA,2020-03-01,58.5,25.567741935483873
SGUA,2020-04-01,34.5,21.6
SGUA,2020-05-01,92.0,17.65806451612903
SGUA,2020-06-01,64.5,19.336666666666666
SGUA,2020-07-01,25.0,17.635483870967743
SGUA,2020-08-01,140.6,19.174193548387095
SGUA,2020-09-01,7.2,24.433333333333334
SGUA,2020-10-01,80.7,25.996774193548386
SGUA,2020-11-01,60.1,25.436666666666667
SGUA,2020-12-01,433.3,25.56451612903226
SGUA,2021-01-01,323.5,25.10967741935484
SGUA,2021-02-01,56.5,25.014285714285712
SGUA,2021-03-01,190.0,25.37741935483871
SGUA,2021-04-01,18.5,22.863333333333333
SGUA,2021-05-01,40.5,19.506451612903227
SGUA,2021-06-01,101.7,16.74
SGUA,2021-07-01,29.3,16.287096774193547
SGUA,2021-08-01,8.5,21.211290322580645
SGUA,2021-09-01,6.7,25.101666666666667
SGUA,2021-10-01,495.8,23.698387096774194
SGUA,2021-11-01,22.5,26.743333333333332
SGUA,2021-12-01,12.0,28.475806451612904
SGUA,2022-01-01,183.1,28.761290322580646
SGUA,2022-02-01,90.1,28.146428571428572
SGUA,2022-03-01,274.5,25.509677419354837
SGUA,2022-04-01,246.0,23.66
SGUA,2022-05-01,151.2,17.549999999999997
SGUA,2022-06-01,135.4,16.779999999999998
SGUA,2022-07-01,13.5,20.238709677419354
SGUA,2022-08-01,119.60000000000001,18.570967741935487
SGUA,2022-09-01,274.3,18.48
SGUA,2022-10-01,312.5,21.66774193548387
SGUA,2022-11-01,85.4,22.62
SGUA,2022-12-01,103.19999999999999,26.17096774193548
SGUA,2023-01-01,121.0,25.683870967741935
SGUA,2023-02-01,391.0,24.189285714285713
SGUA,2023-03-01,90.2,25.33225806451613
SGUA,2023-04-01,146.3,22.683333333333334
SGUA,2023-05-01,45.6,20.15806451612903
SGUA,2023-06-01,58.8,17.603333333333335
SGUA,2023-07-01,49.8,18.86774193548387
SGUA,2023-08-01,98.3,21.029032258064515
SGUA,2023-09-01,84.3,23.756666666666668
SGUA,2023-10-01,242.3,25.06451612903226
SGUA,2023-11-01,299.3,25.433333333333334
SGUA,2023-12-01,66.10000000000001,27.306451612903224
SJBA,2000-01-01,182.8,26.4
SJBA,2000-02-01,150.4,25.617241379310343
SJBA,2000-03-01,113.1,24.187096774193545
SJBA,2000-04-01,225.0,22.076666666666664
SJBA,2000-05-01,153.7,17.68064516129032
SJBA,2000-06-01,126.0,17.65
SJBA,2000-07-01,17.9,12.503225806451614
SJBA,2000-08-01,77.7,17.925806451612903
SJBA,2000-09-01,76.0,19.52
SJBA,2000-10-01,303.6,22.60967741935484
SJBA,2000-11-01,158.5,22.563333333333333
SJBA,2000-12-01,163.4,25.129032258064516
SJBA,2001-01-01,314.0,25.551612903225806
SJBA,2001-02-01,100.0,26.303571428571427
SJBA,2001-03-01,135.4,25.23225806451613
SJBA,2001-04-01,132.5,22.540000000000003
SJBA,2001-05-01,34.3,16.690322580645162
SJBA,2001-06-01,92.7,16.823333333333334
SJBA,2001-07-01,54.800000000000004,17.64516129032258
SJBA,2001-08-01,117.5,20.76774193548387
SJBA,2001-09-01,185.3,18.703333333333333
SJBA,2001-10-01,121.9,22.580645161290324
SJBA,2001-11-01,157.2,24.296666666666667
SJBA,2001-12-01,75.2,25.0258064516129
SJBA,2002-01-01,143.5,25.55483870967742
SJBA,2002-02-01,34.6,24.985714285714288
SJBA,2002-03-01,272.0,25.967741935483872
SJBA,2002-04-01,314.2,22.290000000000003
SJBA,2002-05-01,150.7,20.10967741935484
SJBA,2002-06-01,89.89999999999999,15.68
SJBA,2002-07-01,129.7,15.080645161290322
SJBA,2002-08-01,152.4,19.051612903225806
SJBA,2002-09-01,163.1,19.240000000000002
SJBA,2002-10-01,253.7,22.761290322580646
SJBA,2002-11-01,226.4,24.040000000000003
SJBA,2002-12-01,250.9,25.154838709677417
SJBA,2003-01-01,175.9,26.654838709677417
SJBA,2003-02-01,122.5,25.785714285714285
SJBA,2003-03-01,71.6,24.129032258064516
SJBA,2003-04-01,124.3,21.916666666666668
SJBA,2003-05-01,3.4,18.929032258064513
SJBA,2003-06-01,137.0,20.05
SJBA,2003-07-01,12.5,16.364516129032257
SJBA,2003-08-01,67.3,16.383870967741935
SJBA,2003-09-01,78.8,20.55666666666667
SJBA,2003-10-01,194.4,23.15806451612903
SJBA,2003-11-01,271.9,23.33
SJBA,2003-12-01,206.1,23.996774193548386
SJBA,2004-01-01,37.9,26.796774193548387
SJBA,2004-02-01,73.6,25.148275862068964
SJBA,2004-03-01,77.0,25.248387096774195
SJBA,2004-04-01,169.7,23.209999999999997
SJBA,2004-05-01,42.9,15.474193548387097
SJBA,2004-06-01,118.0,17.621666666666666
SJBA,2004-07-01,82.0,16.04193548387097
SJBA,2004-08-01,19.2,17.322580645161292
SJBA,2004-09-01,70.3,20.903333333333332
SJBA,2004-10-01,,22.208064516129035
SJBA,2004-11-01,429.0,22.78166666666667
SJBA,2004-12-01,174.0,25.532258064516128
SJBA,2005-01-01,,26.219354838709677
SJBA,2005-02-01,,25.87142857142857
SJBA,2005-03-01,72.2,25.333870967741937
SJBA,2005-04-01,,22.101666666666667
SJBA,2005-05-01,213.79999999999998,19.942741935483873
SJBA,2005-06-01,,19.602500000000003
SJBA,2005-07-01,31.5,15.980645161290322
SJBA,2005-08-01,15.6,18.864516129032257
SJBA,2005-09-01,92.4,16.863333333333333
SJBA,2005-10-01,121.39999999999999,20.396774193548385
SJBA,2005-11-01,,25.008333333333333
SJBA,2005-12-01,,25.520967741935483
SJBA,2006-01-01,,26.016129032258064
SJBA,2006-02-01,91.1,25.8125
SJBA,2006-03-01,168.2,24.80322580645161
SJBA,2006-04-01,49.0,21.65666666666667
SJBA,2006-05-01,33.0,16.675806451612903
SJBA,2006-06-01,92.1,18.711111111111112
SJBA,2006-07-01,90.0,20.448924731182796
SJBA,2006-08-01,109.2,18.874193548387098
SJBA,2006-09-01,87.0,19.81833333333333
SJBA,2006-10-01,,24.259677419354837
SJBA,2006-11-01,195.0,23.511666666666667
SJBA,2006-12-01,,27.19516129032258
SJBA,2007-01-01,399.0,26.19516129032258
SJBA,2007-02-01,,26.337500000000002
SJBA,2007-03-01,112.2,25.396774193548385
SJBA,2007-04-01,,22.871666666666666
SJBA,2007-05-01,210.2,15.51774193548387
SJBA,2007-06-01,13.1,17.023333333333333
SJBA,2007-07-01,97.0,13.474193548387097
SJBA,2007-08-01,,16.058064516129033
SJBA,2007-09-01,103.4,21.716666666666665
SJBA,2007-10-01,184.7,23.206451612903226
SJBA,2007-11-01,208.0,21.58
SJBA,2007-12-01,,26.85
SJBA,2008-01-01,36.1,26.393548387096775
SJBA,2008-02-01,204.4,25.13448275862069
SJBA,2008-03-01,120.4,24.30322580645161
SJBA,2008-04-01,206.4,20.366666666666667
SJBA,2008-05-01,89.6,17.809677419354838
SJBA,2008-06-01,103.0,14.333333333333334
SJBA,2008-07-01,60.0,19.661290322580644
SJBA,2008-08-01,35.6,18.166129032258063
SJBA,2008-09-01,122.0,17.646666666666665
SJBA,2008-10-01,262.1,20.595161290322583
SJBA,2008-11-01,88.5,24.759999999999998
SJBA,2008-12-01,112.0,25.370967741935484
SJBA,2009-01-01,214.1,24.125806451612902
SJBA,2009-02-01,245.6,24.978571428571428
SJBA,2009-03-01,19.3,25.38064516129032
SJBA,2009-04-01,23.599999999999998,23.453333333333333
SJBA,2009-05-01,196.6,19.870967741935484
SJBA,2009-06-01,43.8,14.453333333333335
SJBA,2009-07-01,133.0,13.666129032258064
SJBA,2009-08-01,170.0,18.54032258064516
SJBA,2009-09-01,111.6,18.783333333333335
SJBA,2009-10-01,179.3,22.287096774193547
SJBA,2009-11-01,348.8,25.776666666666664
SJBA,2009-12-01,240.6,25.641935483870967
SJBA,2010-01-01,88.8,26.403225806451612
SJBA,2010-02-01,129.4,27.532142857142855
SJBA,2010-03-01,320.8,25.532258064516128
SJBA,2010-04-01,137.8,21.176666666666666
SJBA,2010-05-01,223.8,16.33225806451613
SJBA,2010-06-01,67.1,16.5
SJBA,2010-07-01,169.0,14.387096774193548
SJBA,2010-08-01,24.1,16.84193548387097
SJBA,2010-09-01,197.0,19.273333333333333
SJBA,2010-10-01,163.9,20.561290322580643
SJBA,2010-11-01,39.7,22.626666666666665
SJBA,2010-12-01,393.0,24.845161290322583
SJBA,2011-01-01,30.8,26.83225806451613
SJBA,2011-02-01,171.2,24.782142857142855
SJBA,2011-03-01,24.0,24.35967741935484
SJBA,2011-04-01,,22.7
SJBA,2011-05-01,71.60000000000001,18.07741935483871
SJBA,2011-06-01,121.7,15.906666666666666
SJBA,2011-07-01,106.2,16.04516129032258
SJBA,2011-08-01,14.4,18.603225806451615
SJBA,2011-09-01,142.6,21.39
SJBA,2011-10-01,291.5,22.83225806451613
SJBA,2011-11-01,165.7,24.94
SJBA,2011-12-01,89.4,25.529032258064515
SJBA,2012-01-01,41.9,27.270967741935483
SJBA,2012-02-01,80.2,28.379310344827587
SJBA,2012-03-01,39.0,24.793548387096774
SJBA,2012-04-01,318.40000000000003,21.163333333333334
SJBA,2012-05-01,81.8,20.219354838709677
SJBA,2012-06-01,32.2,17.273333333333333
SJBA,2012-07-01,85.7,14.709677419354838
SJBA,2012-08-01,105.8,19.73548387096774
SJBA,2012-09-01,21.0,21.353333333333335
SJBA,2012-10-01,282.3,23.038709677419355
SJBA,2012-11-01,147.7,24.64
SJBA,2012-12-01,148.7,26.870967741935484
SJBA,2013-01-01,91.1,26.419354838709676
SJBA,2013-02-01,64.7,25.639285714285712
SJBA,2013-03-01,127.1,22.316129032258065
SJBA,2013-04-01,233.6,21.4
SJBA,2013-05-01,114.1,17.580645161290324
SJBA,2013-06-01,103.1,16.553333333333335
SJBA,2013-07-01,47.3,16.190322580645162
SJBA,2013-08-01,69.89999999999999,14.899999999999999
SJBA,2013-09-01,45.6,19.17
SJBA,2013-10-01,120.8,22.61935483870968
SJBA,2013-11-01,119.9,24.36
SJBA,2013-12-01,56.0,27.29032258064516
SJBA,2014-01-01,78.7,27.69677419354839
SJBA,2014-02-01,118.5,27.42142857142857
SJBA,2014-03-01,95.69999999999999,23.95483870967742
SJBA,2014-04-01,270.1,22.173333333333336
SJBA,2014-05-01,134.6,19.061290322580643
SJBA,2014-06-01,222.1,16.726666666666667
SJBA,2014-07-01,108.6,17.70967741935484
SJBA,2014-08-01,34.3,20.03548387096774
SJBA,2014-09-01,226.2,21.45
SJBA,2014-10-01,55.0,24.761290322580646
SJBA,2014-11-01,161.6,24.48
SJBA,2014-12-01,186.0,25.103225806451615
SJBA,2015-01-01,159.6,25.570967741935487
SJBA,2015-02-01,162.0,26.428571428571427
SJBA,2015-03-01,107.8,25.27741935483871
SJBA,2015-04-01,249.3,22.413333333333334
SJBA,2015-05-01,261.1,19.216129032258067
SJBA,2015-06-01,,18.956666666666667
SJBA,2015-07-01,61.900000000000006,16.83225806451613
SJBA,2015-08-01,36.7,21.54516129032258
SJBA,2015-09-01,37.0,20.573333333333334
SJBA,2015-10-01,137.9,22.406451612903226
SJBA,2015-11-01,275.1,23.14
SJBA,2015-12-01,282.2,24.93548387096774
SJBA,2016-01-01,212.3,27.84193548387097
SJBA,2016-02-01,177.1,27.020689655172415
SJBA,2016-03-01,212.5,23.216129032258067
SJBA,2016-04-01,142.4,23.153333333333332
SJBA,2016-05-01,113.60000000000001,16.45483870967742
SJBA,2016-06-01,18.0,13.379999999999999
SJBA,2016-07-01,43.099999999999994,16.567741935483873
SJBA,2016-08-01,94.0,18.51290322580645
SJBA,2016-09-01,52.5,18.323333333333334
SJBA,2016-10-01,205.9,21.55806451612903
SJBA,2016-11-01,202.2,22.816666666666666
SJBA,2016-12-01,223.8,25.758064516129032
SJBA,2017-01-01,91.2,27.596774193548388
SJBA,2017-02-01,171.6,26.05
SJBA,2017-03-01,140.4,24.635483870967743
SJBA,2017-04-01,462.90000000000003,20.616666666666667
SJBA,2017-05-01,184.0,19.425806451612903
SJBA,2017-06-01,94.0,16.863333333333333
SJBA,2017-07-01,0.0,18.822580645161292
SJBA,2017-08-01,129.3,19.593548387096774
SJBA,2017-09-01,57.8,21.793333333333333
SJBA,2017-10-01,298.2,21.448387096774194
SJBA,2017-11-01,155.0,22.43
SJBA,2017-12-01,73.5,26.774193548387096
SJBA,2018-01-01,288.1,25.9741935483871
SJBA,2018-02-01,67.6,25.864285714285717
SJBA,2018-03-01,172.9,24.35483870967742
SJBA,2018-04-01,0.0,24.696666666666665
SJBA,2018-05-01,222.3,19.799999999999997
SJBA,2018-06-01,46.3,14.763333333333332
SJBA,2018-07-01,21.4,15.332258064516129
SJBA,2018-08-01,36.0,15.2
SJBA,2018-09-01,197.7,20.946666666666665
SJBA,2018-10-01,272.8,21.809677419354838
SJBA,2018-11-01,224.2,24.013333333333332
SJBA,2018-12-01,126.4,25.55483870967742
SJBA,2019-01-01,62.1,27.53548387096774
SJBA,2019-02-01,78.0,25.614285714285717
SJBA,2019-03-01,95.6,23.393548387096775
SJBA,2019-04-01,258.5,22.14
SJBA,2019-05-01,460.7,19.419354838709676
SJBA,2019-06-01,11.1,19.246666666666666
SJBA,2019-07-01,85.69999999999999,14.948387096774193
SJBA,2019-08-01,61.2,17.138709677419353
SJBA,2019-09-01,1.0,20.27
SJBA,2019-10-01,153.4,23.016129032258064
SJBA,2019-11-01,199.2,25.696666666666665
SJBA,2019-12-01,124.8,25.625806451612902
SJBA,2020-01-01,181.8,26.787096774193547
SJBA,2020-02-01,82.1,25.56551724137931
SJBA,2020-03-01,40.0,26.64516129032258
SJBA,2020-04-01,54.800000000000004,21.483333333333334
SJBA,2020-05-01,94.6,17.335483870967742
SJBA,2020-06-01,129.1,17.94
SJBA,2020-07-01,68.2,15.529032258064515
SJBA,2020-08-01,27.1,18.72258064516129
SJBA,2020-09-01,39.0,20.4
SJBA,2020-10-01,69.4,23.916129032258063
SJBA,2020-11-01,104.9,24.69
SJBA,2020-12-01,152.1,25.067741935483873
SJBA,2021-01-01,173.8,25.929032258064513
SJBA,2021-02-01,65.19999999999999,25.303571428571427
SJBA,2021-03-01,217.9,23.970967741935485
SJBA,2021-04-01,73.3,21.35666666666667
SJBA,2021-05-01,69.3,17.403225806451612
SJBA,2021-06-01,70.1,15.31
SJBA,2021-07-01,14.899999999999999,16.106451612903225
SJBA,2021-08-01,18.8,19.129032258064516
SJBA,2021-09-01,87.0,21.64333333333333
SJBA,2021-10-01,134.4,21.35967741935484
SJBA,2021-11-01,183.0,24.246666666666666
SJBA,2021-12-01,14.6,26.72741935483871
SJBA,2022-01-01,14.8,30.190322580645162
SJBA,2022-02-01,155.3,27.92142857142857
SJBA,2022-03-01,254.3,23.816129032258065
SJBA,2022-04-01,342.1,20.846666666666668
SJBA,2022-05-01,122.50000000000001,16.22741935483871
SJBA,2022-06-01,75.39999999999999,14.373333333333333
SJBA,2022-07-01,20.400000000000002,19.583870967741937
SJBA,2022-08-01,19.2,17.40967741935484
SJBA,2022-09-01,121.2,17.43
SJBA,2022-10-01,270.3,20.183870967741935
SJBA,2022-11-01,92.0,22.19333333333333
SJBA,2022-12-01,58.1,26.351612903225806
SJBA,2023-01-01,47.599999999999994,27.848387096774193
SJBA,2023-02-01,19.700000000000003,25.960714285714285
SJBA,2023-03-01,163.2,26.106451612903225
SJBA,2023-04-01,102.4,20.990000000000002
SJBA,2023-05-01,193.2,18.490322580645163
SJBA,2023-06-01,14.799999999999999,17.973333333333336
SJBA,2023-07-01,67.2,17.816129032258065
SJBA,2023-08-01,127.80000000000001,20.009677419354837
SJBA,2023-09-01,218.1,21.68
SJBA,2023-10-01,249.29999999999998,22.0
SJBA,2023-11-01,443.70000000000005,23.290000000000003
SJBA,2023-12-01,343.3,24.90967741935484
SPED,2000-01-01,76.1,29.190322580645162
SPED,2000-02-01,125.1,27.658620689655173
SPED,2000-03-01,28.3,26.161290322580644
SPED,2000-04-01,83.0,23.81
SPED,2000-05-01,248.79999999999998,18.664516129032258
SPED,2000-06-01,129.5,19.513333333333332
SPED,2000-07-01,25.599999999999998,13.27741935483871
SPED,2000-08-01,93.8,19.654838709677417
SPED,2000-09-01,91.3,20.506666666666668
SPED,2000-10-01,160.2,24.580645161290324
SPED,2000-11-01,170.8,24.15
SPED,2000-12-01,151.4,26.06451612903226
SPED,2001-01-01,123.2,27.509677419354837
SPED,2001-02-01,327.7,26.417857142857144
SPED,2001-03-01,21.3,26.23548387096774
SPED,2001-04-01,210.4,23.88
SPED,2001-05-01,29.4,18.306451612903224
SPED,2001-06-01,10.3,17.316666666666666
SPED,2001-07-01,56.9,19.032258064516128
SPED,2001-08-01,24.699999999999996,22.003225806451614
SPED,2001-09-01,147.7,21.11
SPED,2001-10-01,45.7,24.083870967741937
SPED,2001-11-01,208.6,25.546666666666667
SPED,2001-12-01,79.3,24.73548387096774
SPED,2002-01-01,32.2,26.72258064516129
SPED,2002-02-01,202.4,25.317857142857143
SPED,2002-03-01,115.4,27.70967741935484
SPED,2002-04-01,33.0,24.63
SPED,2002-05-01,196.29999999999998,21.751612903225805
SPED,2002-06-01,67.8,18.14333333333333
SPED,2002-07-01,14.299999999999999,16.34516129032258
SPED,2002-08-01,32.7,21.258064516129032
SPED,2002-09-01,27.6,21.936666666666667
SPED,2002-10-01,114.8,26.719354838709677
SPED,2002-11-01,186.7,25.523333333333333
SPED,2002-12-01,129.0,27.41290322580645
SPED,2003-01-01,160.4,27.174193548387095
SPED,2003-02-01,77.5,26.05
SPED,2003-03-01,128.4,25.448387096774194
SPED,2003-04-01,55.400000000000006,22.59
SPED,2003-05-01,2.6,19.36774193548387
SPED,2003-06-01,45.5,21.14
SPED,2003-07-01,72.0,18.212903225806453
SPED,2003-08-01,35.4,16.60967741935484
SPED,2003-09-01,60.0,21.623333333333335
SPED,2003-10-01,312.4,24.306451612903224
SPED,2003-11-01,180.29999999999998,24.923333333333336
SPED,2003-12-01,586.0,25.990322580645163
SPED,2004-01-01,43.0,27.312903225806455
SPED,2004-02-01,69.9,26.13448275862069
SPED,2004-03-01,100.60000000000001,25.161290322580644
SPED,2004-04-01,308.8,24.326666666666664
SPED,2004-05-01,95.0,16.361290322580643
SPED,2004-06-01,181.5,18.506666666666668
SPED,2004-07-01,105.4,17.612903225806452
SPED,2004-08-01,5.6,18.364516129032257
SPED,2004-09-01,8.8,21.736666666666668
SPED,2004-10-01,151.5,23.44193548387097
SPED,2004-11-01,348.0,24.009999999999998
SPED,2004-12-01,107.0,25.79032258064516
SPED,2005-01-01,116.0,26.725806451612904
SPED,2005-02-01,2.1,26.11785714285714
SPED,2005-03-01,24.0,26.322580645161292
SPED,2005-04-01,192.3,23.351666666666667
SPED,2005-05-01,169.0,21.12258064516129
SPED,2005-06-01,107.0,20.673333333333336
SPED,2005-07-01,18.0,16.66774193548387
SPED,2005-08-01,31.0,20.67096774193548
SPED,2005-09-01,89.0,17.743333333333332
SPED,2005-10-01,302.0,23.0258064516129
SPED,2005-11-01,165.0,24.82
SPED,2005-12-01,162.0,26.016129032258064
SPED,2006-01-01,134.4,27.687096774193545
SPED,2006-02-01,232.0,26.485714285714288
SPED,2006-03-01,253.2,25.938709677419357
SPED,2006-04-01,148.0,22.753333333333334
SPED,2006-05-01,89.2,16.56451612903226
SPED,2006-06-01,95.7,19.783333333333335
SPED,2006-07-01,49.7,20.11935483870968
SPED,2006-08-01,105.0,20.083870967741937
SPED,2006-09-01,,22.023333333333333
SPED,2006-10-01,,26.24516129032258
SPED,2006-11-01,,25.336666666666666
SPED,2006-12-01,,28.27741935483871
SPED,2007-01-01,,28.164516129032258
SPED,2007-02-01,,27.228571428571428
SPED,2007-03-01,,27.23548387096774
SPED,2007-04-01,,24.603333333333335
SPED,2007-05-01,167.3,14.754838709677419
SPED,2007-06-01,0.0,15.5
SPED,2007-07-01,58.3,11.974193548387097
SPED,2007-08-01,7.0,13.72258064516129
SPED,2007-09-01,29.0,20.290000000000003
SPED,2007-10-01,78.0,23.18064516129032
SPED,2007-11-01,375.0,21.220000000000002
SPED,2007-12-01,184.0,24.29032258064516
SPED,2008-01-01,178.9,24.770967741935483
SPED,2008-02-01,434.0,23.189655172413794
SPED,2008-03-01,111.0,22.458064516129035
SPED,2008-04-01,163.0,19.15
SPED,2008-05-01,49.0,15.538709677419355
SPED,2008-06-01,56.3,13.54
SPED,2008-07-01,64.5,16.967741935483872
SPED,2008-08-01,59.4,17.22258064516129
SPED,2008-09-01,64.5,15.370000000000001
SPED,2008-10-01,161.7,21.529032258064515
SPED,2008-11-01,249.20000000000002,22.783333333333335
SPED,2008-12-01,40.5,23.825806451612905
SPED,2009-01-01,206.7,23.20967741935484
SPED,2009-02-01,51.2,24.364285714285717
SPED,2009-03-01,50.2,23.416129032258063
SPED,2009-04-01,37.0,23.78666666666667
SPED,2009-05-01,228.20000000000002,20.90967741935484
SPED,2009-06-01,105.3,15.99
SPED,2009-07-01,113.7,16.733870967741936
SPED,2009-08-01,93.0,19.57741935483871
SPED,2009-09-01,171.6,20.35666666666667
SPED,2009-10-01,95.5,23.961290322580645
SPED,2009-11-01,8.2,28.990000000000002
SPED,2009-12-01,238.2,27.051612903225806
SPED,2010-01-01,236.6,27.37741935483871
SPED,2010-02-01,169.5,27.87142857142857
SPED,2010-03-01,169.4,26.048387096774192
SPED,2010-04-01,101.1,22.540000000000003
SPED,2010-05-01,142.6,17.47741935483871
SPED,2010-06-01,22.0,19.39333333333333
SPED,2010-07-01,66.0,16.948387096774194
SPED,2010-08-01,8.2,18.383870967741935
SPED,2010-09-01,180.9,21.163333333333334
SPED,2010-10-01,304.1,21.258064516129032
SPED,2010-11-01,159.8,23.14
SPED,2010-12-01,,26.99516129032258
SPED,2011-01-01,132.0,28.883870967741935
SPED,2011-02-01,270.6,27.160714285714285
SPED,2011-03-01,92.10000000000001,26.93548387096774
SPED,2011-04-01,99.5,25.16
SPED,2011-05-01,0.5,20.60967741935484
SPED,2011-06-01,93.0,18.9
SPED,2011-07-01,161.0,19.10967741935484
SPED,2011-08-01,24.0,20.43548387096774
SPED,2011-09-01,46.4,22.753333333333334
SPED,2011-10-01,67.3,25.370967741935484
SPED,2011-11-01,168.39999999999998,26.176666666666666
SPED,2011-12-01,66.10000000000001,27.32903225806452
SPED,2012-01-01,46.5,27.33225806451613
SPED,2012-02-01,192.5,27.482758620689655
SPED,2012-03-01,112.30000000000001,24.25483870967742
SPED,2012-04-01,177.4,22.31
SPED,2012-05-01,69.3,20.596774193548388
SPED,2012-06-01,63.6,18.113333333333333
SPED,2012-07-01,48.4,16.232258064516127
SPED,2012-08-01,13.2,21.458064516129035
SPED,2012-09-01,18.4,22.95
SPED,2012-10-01,298.4,25.654838709677417
SPED,2012-11-01,154.7,25.743333333333332
SPED,2012-12-01,68.6,28.53548387096774
SPED,2013-01-01,33.5,27.85483870967742
SPED,2013-02-01,47.5,27.103571428571428
SPED,2013-03-01,24.9,24.938709677419357
SPED,2013-04-01,141.5,22.413333333333334
SPED,2013-05-01,224.6,20.280645161290323
SPED,2013-06-01,183.6,18.626666666666665
SPED,2013-07-01,5.0,17.97741935483871
SPED,2013-08-01,34.2,16.496774193548386
SPED,2013-09-01,39.6,20.91
SPED,2013-10-01,290.2,23.23548387096774
SPED,2013-11-01,264.5,25.623333333333335
SPED,2013-12-01,131.5,27.896774193548385
SPED,2014-01-01,105.39999999999999,27.4741935483871
SPED,2014-02-01,45.7,27.432142857142857
SPED,2014-03-01,109.2,24.661290322580644
SPED,2014-04-01,353.4,23.533333333333335
SPED,2014-05-01,137.3,19.783870967741933
SPED,2014-06-01,237.4,18.82
SPED,2014-07-01,116.3,18.780645161290323
SPED,2014-08-01,0.0,21.193548387096776
SPED,2014-09-01,258.4,24.09333333333333
SPED,2014-10-01,83.89999999999999,26.606451612903225
SPED,2014-11-01,200.20000000000002,25.116666666666667
SPED,2014-12-01,135.79999999999998,26.85483870967742
SPED,2015-01-01,115.5,27.93548387096774
SPED,2015-02-01,129.9,26.900000000000002
SPED,2015-03-01,16.2,26.019354838709678
SPED,2015-04-01,245.7,24.323333333333334
SPED,2015-05-01,273.79999999999995,20.296774193548387
SPED,2015-06-01,69.8,20.596666666666668
SPED,2015-07-01,230.8,18.874193548387098
SPED,2015-08-01,17.2,23.106451612903225
SPED,2015-09-01,98.1,22.90666666666667
SPED,2015-10-01,171.70000000000002,24.467741935483872
SPED,2015-11-01,419.5,25.123333333333335
SPED,2015-12-01,277.5,27.741935483870968
SPED,2016-01-01,199.99999999999997,28.456451612903226
SPED,2016-02-01,155.2,27.93448275862069
SPED,2016-03-01,72.3,24.403225806451612
SPED,2016-04-01,111.0,24.85666666666667
SPED,2016-05-01,247.6,18.29032258064516
SPED,2016-06-01,0.0,14.723333333333333
SPED,2016-07-01,10.7,17.903225806451612
SPED,2016-08-01,56.0,19.780645161290323
SPED,2016-09-01,97.8,19.273333333333333
SPED,2016-10-01,137.8,24.10967741935484
SPED,2016-11-01,137.8,24.563333333333333
SPED,2016-12-01,311.7,26.348387096774193
SPED,2017-01-01,34.0,28.306451612903224
SPED,2017-02-01,245.29999999999998,27.025000000000002
SPED,2017-03-01,136.6,26.05483870967742
SPED,2017-04-01,111.7,22.476666666666667
SPED,2017-05-01,148.3,21.387096774193548
SPED,2017-06-01,45.300000000000004,18.325
SPED,2017-07-01,1.5,18.706451612903226
SPED,2017-08-01,13.0,22.112903225806452
SPED,2017-09-01,25.2,23.459999999999997
SPED,2017-10-01,114.5,24.112903225806452
SPED,2017-11-01,164.89999999999998,24.203333333333333
SPED,2017-12-01,142.9,27.306451612903224
SPED,2018-01-01,221.29999999999998,26.561290322580643
SPED,2018-02-01,192.5,25.875
SPED,2018-03-01,130.0,25.25483870967742
SPED,2018-04-01,0.0,25.27
SPED,2018-05-01,99.0,20.741935483870968
SPED,2018-06-01,65.89999999999999,16.656666666666666
SPED,2018-07-01,2.6,17.37741935483871
SPED,2018-08-01,24.5,16.95483870967742
SPED,2018-09-01,191.79999999999998,22.48
SPED,2018-10-01,211.8,23.738709677419354
SPED,2018-11-01,199.2,25.586666666666666
SPED,2018-12-01,26.2,27.432258064516127
SPED,2019-01-01,131.8,28.6
SPED,2019-02-01,294.2,27.52857142857143
SPED,2019-03-01,171.5,25.070967741935487
SPED,2019-04-01,240.0,24.09333333333333
SPED,2019-05-01,253.3,21.280645161290323
SPED,2019-06-01,8.8,21.566666666666666
SPED,2019-07-01,79.69999999999999,17.6
SPED,2019-08-01,12.5,19.82903225806452
SPED,2019-09-01,6.1,22.7
SPED,2019-10-01,51.4,25.661290322580644
SPED,2019-11-01,139.3,27.88
SPED,2019-12-01,292.8,25.76451612903226
SPED,2020-01-01,208.8,27.322580645161292
SPED,2020-02-01,41.5,26.782758620689656
SPED,2020-03-01,33.2,26.603225806451615
SPED,2020-04-01,88.2,21.803333333333335
SPED,2020-05-01,144.3,18.541935483870965
SPED,2020-06-01,57.5,20.363333333333333
SPED,2020-07-01,23.6,18.177419354838708
SPED,2020-08-01,83.9,20.038709677419355
SPED,2020-09-01,15.6,22.816666666666666
SPED,2020-10-01,107.2,26.048387096774192
SPED,2020-11-01,159.8,24.73
SPED,2020-12-01,229.9,26.225806451612904
SPED,2021-01-01,338.0,26.23225806451613
SPED,2021-02-01,45.1,25.389285714285712
SPED,2021-03-01,89.7,24.825806451612905
SPED,2021-04-01,103.3,22.71333333333333
SPED,2021-05-01,24.2,19.529032258064515
SPED,2021-06-01,80.5,17.18
SPED,2021-07-01,15.0,17.009677419354837
SPED,2021-08-01,0.0,20.325806451612905
SPED,2021-09-01,20.8,25.211666666666666
SPED,2021-10-01,186.6,24.30322580645161
SPED,2021-11-01,78.0,25.823333333333334
SPED,2021-12-01,9.0,28.111290322580647
SPED,2022-01-01,67.6,29.95483870967742
SPED,2022-02-01,181.29999999999998,27.682142857142857
SPED,2022-03-01,183.8,25.55483870967742
SPED,2022-04-01,73.80000000000001,23.90666666666667
SPED,2022-05-01,124.0,17.7241935483871
SPED,2022-06-01,121.3,15.94
SPED,2022-07-01,3.0,21.345161290322583
SPED,2022-08-01,61.599999999999994,18.858064516129033
SPED,2022-09-01,132.7,18.486666666666668
SPED,2022-10-01,326.2,21.416129032258063
SPED,2022-11-01,158.0,22.84333333333333
SPED,2022-12-01,47.0,27.177419354838708
SPED,2023-01-01,170.0,26.94193548387097
SPED,2023-02-01,208.0,25.146428571428572
SPED,2023-03-01,253.5,25.748387096774195
SPED,2023-04-01,130.0,22.263333333333332
SPED,2023-05-01,17.0,20.13225806451613
SPED,2023-06-01,34.0,18.7
SPED,2023-07-01,35.0,20.470967741935485
SPED,2023-08-01,21.0,22.370967741935484
SPED,2023-09-01,48.0,25.32
SPED,2023-10-01,78.6,26.52258064516129
SPED,2023-11-01,295.7,27.39
SPED,2023-12-01,298.2,27.838709677419356
VILL,2000-01-01,81.9,27.293548387096774
VILL,2000-02-01,62.6,26.351724137931036
VILL,2000-03-01,60.9,25.17096774193548
VILL,2000-04-01,108.2,22.926666666666666
VILL,2000-05-01,202.0,17.570967741935487
VILL,2000-06-01,182.2,18.386666666666667
VILL,2000-07-01,42.599999999999994,12.77741935483871
VILL,2000-08-01,87.4,19.177419354838708
VILL,2000-09-01,64.1,19.783333333333335
VILL,2000-10-01,264.0,23.770967741935483
VILL,2000-11-01,147.6,23.41
VILL,2000-12-01,145.9,25.4741935483871
VILL,2001-01-01,224.4,26.63225806451613
VILL,2001-02-01,292.3,26.00357142857143
VILL,2001-03-01,167.9,25.55806451612903
VILL,2001-04-01,226.2,23.353333333333335
VILL,2001-05-01,34.3,17.177419354838708
VILL,2001-06-01,144.6,17.196666666666665
VILL,2001-07-01,57.5,18.299999999999997
VILL,2001-08-01,58.900000000000006,21.55483870967742
VILL,2001-09-01,167.5,19.886666666666667
VILL,2001-10-01,62.599999999999994,23.038709677419355
VILL,2001-11-01,175.5,24.776666666666664
VILL,2001-12-01,186.5,24.67096774193548
VILL,2002-01-01,303.5,25.583870967741937
VILL,2002-02-01,139.0,24.95
VILL,2002-03-01,134.9,26.91290322580645
VILL,2002-04-01,141.39999999999998,23.633333333333333
VILL,2002-05-01,339.8,20.60967741935484
VILL,2002-06-01,159.2,17.053333333333335
VILL,2002-07-01,73.8,15.938709677419356
VILL,2002-08-01,126.8,20.325806451612905
VILL,2002-09-01,137.1,19.696666666666665
VILL,2002-10-01,200.6,23.951612903225808
VILL,2002-11-01,340.3,24.296666666666667
VILL,2002-12-01,135.3,26.299999999999997
VILL,2003-01-01,270.7,26.69677419354839
VILL,2003-02-01,190.7,25.47142857142857
VILL,2003-03-01,65.3,24.848387096774193
VILL,2003-04-01,179.2,21.75
VILL,2003-05-01,11.2,18.82903225806452
VILL,2003-06-01,100.8,20.12
VILL,2003-07-01,9.0,16.958064516129035
VILL,2003-08-01,56.699999999999996,16.106451612903225
VILL,2003-09-01,71.4,20.85
VILL,2003-10-01,271.0,23.26451612903226
VILL,2003-11-01,230.3,23.64333333333333
VILL,2003-12-01,321.4,24.738709677419354
VILL,2004-01-01,133.6,26.729032258064517
VILL,2004-02-01,152.20000000000002,25.155172413793103
VILL,2004-03-01,82.2,24.700000000000003
VILL,2004-04-01,177.1,23.773333333333333
VILL,2004-05-01,148.0,15.922580645161291
VILL,2004-06-01,112.19999999999999,18.34333333333333
VILL,2004-07-01,142.60000000000002,16.751612903225805
VILL,2004-08-01,18.099999999999998,17.916129032258063
VILL,2004-09-01,57.1,21.03666666666667
VILL,2004-10-01,150.1,22.458064516129035
VILL,2004-11-01,313.7,23.2
VILL,2004-12-01,107.0,25.19677419354839
VILL,2005-01-01,92.3,26.58709677419355
VILL,2005-02-01,54.9,26.082142857142856
VILL,2005-03-01,89.1,25.606451612903225
VILL,2005-04-01,125.0,22.126666666666665
VILL,2005-05-01,,20.44516129032258
VILL,2005-06-01,71.8,20.436666666666667
VILL,2005-07-01,7.9,16.503225806451614
VILL,2005-08-01,34.9,19.929032258064513
VILL,2005-09-01,123.0,16.55
VILL,2005-10-01,285.8,21.751612903225805
VILL,2005-11-01,48.3,24.58
VILL,2005-12-01,79.6,25.83225806451613
VILL,2006-01-01,151.4,27.64516129032258
VILL,2006-02-01,122.6,26.039285714285715
VILL,2006-03-01,231.1,25.403225806451612
VILL,2006-04-01,103.60000000000001,21.976666666666667
VILL,2006-05-01,28.0,17.029032258064515
VILL,2006-06-01,102.6,19.709999999999997
VILL,2006-07-01,55.8,20.0258064516129
VILL,2006-08-01,149.0,19.093548387096774
VILL,2006-09-01,196.6,19.773333333333333
VILL,2006-10-01,179.7,24.451612903225808
VILL,2006-11-01,164.3,23.75
VILL,2006-12-01,187.29999999999998,27.06451612903226
VILL,2007-01-01,166.70000000000002,26.712903225806453
VILL,2007-02-01,53.5,26.349999999999998
VILL,2007-03-01,121.0,26.26451612903226
VILL,2007-04-01,188.3,23.83
VILL,2007-05-01,263.7,16.309677419354838
VILL,2007-06-01,3.6,17.55666666666667
VILL,2007-07-01,99.0,14.635483870967741
VILL,2007-08-01,19.5,16.370967741935484
VILL,2007-09-01,40.0,23.32
VILL,2007-10-01,294.6,24.26451612903226
VILL,2007-11-01,216.9,22.77
VILL,2007-12-01,206.0,25.983870967741936
VILL,2008-01-01,73.3,26.4
VILL,2008-02-01,127.2,25.913793103448278
VILL,2008-03-01,149.4,25.067741935483873
VILL,2008-04-01,133.2,21.05666666666667
VILL,2008-05-01,43.0,17.83225806451613
VILL,2008-06-01,90.5,15.416666666666666
VILL,2008-07-01,50.1,20.938709677419357
VILL,2008-08-01,58.9,18.74516129032258
VILL,2008-09-01,62.599999999999994,18.266666666666666
VILL,2008-10-01,170.3,23.335483870967742
VILL,2008-11-01,101.9,25.17
VILL,2008-12-01,69.2,26.9741935483871
VILL,2009-01-01,174.0,25.200000000000003
VILL,2009-02-01,121.89999999999999,26.064285714285713
VILL,2009-03-01,62.300000000000004,25.87741935483871
VILL,2009-04-01,38.7,23.506666666666668
VILL,2009-05-01,295.3,20.116129032258065
VILL,2009-06-01,113.80000000000001,15.136666666666667
VILL,2009-07-01,181.0,14.451612903225806
VILL,2009-08-01,99.5,19.251612903225805
VILL,2009-09-01,173.8,19.21333333333333
VILL,2009-10-01,176.9,23.0
VILL,2009-11-01,220.6,26.98
VILL,2009-12-01,183.6,26.258064516129032
VILL,2010-01-01,140.6,26.87741935483871
VILL,2010-02-01,263.8,27.489285714285717
VILL,2010-03-01,232.9,25.583870967741937
VILL,2010-04-01,127.80000000000001,22.033333333333335
VILL,2010-05-01,287.7,17.52258064516129
VILL,2010-06-01,19.8,18.566666666666666
VILL,2010-07-01,134.79999999999998,16.338709677419356
VILL,2010-08-01,7.0,18.148387096774194
VILL,2010-09-01,99.3,20.096666666666668
VILL,2010-10-01,214.0,20.835483870967742
VILL,2010-11-01,63.099999999999994,22.970000000000002
VILL,2010-12-01,320.2,25.687096774193545
VILL,2011-01-01,139.4,27.383870967741935
VILL,2011-02-01,265.7,25.87142857142857
VILL,2011-03-01,147.9,25.741935483870968
VILL,2011-04-01,152.70000000000002,23.083333333333332
VILL,2011-05-01,77.0,19.561290322580643
VILL,2011-06-01,69.4,17.403333333333332
VILL,2011-07-01,138.89999999999998,17.338709677419356
VILL,2011-08-01,42.5,18.693548387096776
VILL,2011-09-01,75.3,21.10666666666667
VILL,2011-10-01,300.8,23.338709677419356
VILL,2011-11-01,224.79999999999998,24.5
VILL,2011-12-01,29.400000000000002,26.13225806451613
VILL,2012-01-01,36.2,27.5258064516129
VILL,2012-02-01,44.300000000000004,27.979310344827585
VILL,2012-03-01,86.6,24.812903225806455
VILL,2012-04-01,267.9,21.403333333333332
VILL,2012-05-01,133.5,19.94516129032258
VILL,2012-06-01,69.60000000000001,17.703333333333333
VILL,2012-07-01,134.3,15.432258064516128
VILL,2012-08-01,15.2,21.4
VILL,2012-09-01,36.7,22.363333333333333
VILL,2012-10-01,318.09999999999997,24.75483870967742
VILL,2012-11-01,156.5,25.423333333333336
VILL,2012-12-01,109.0,27.81935483870968
VILL,2013-01-01,56.4,26.583870967741937
VILL,2013-02-01,198.8,25.942857142857143
VILL,2013-03-01,223.2,23.580645161290324
VILL,2013-04-01,147.3,21.923333333333336
VILL,2013-05-01,419.2,18.938709677419357
VILL,2013-06-01,125.39999999999999,17.41
VILL,2013-07-01,48.3,17.270967741935483
VILL,2013-08-01,74.1,15.96774193548387
VILL,2013-09-01,129.70000000000002,19.6
VILL,2013-10-01,154.1,22.638709677419353
VILL,2013-11-01,110.2,24.723333333333336
VILL,2013-12-01,95.0,27.419354838709676
VILL,2014-01-01,79.3,27.6
VILL,2014-02-01,32.9,27.853571428571428
VILL,2014-03-01,222.5,24.47741935483871
VILL,2014-04-01,453.59999999999997,22.220000000000002
VILL,2014-05-01,248.4,19.18064516129032
VILL,2014-06-01,277.6,17.513333333333332
VILL,2014-07-01,235.2,18.316129032258065
VILL,2014-08-01,18.4,20.335483870967742
VILL,2014-09-01,202.2,22.896666666666665
VILL,2014-10-01,75.2,25.79032258064516
VILL,2014-11-01,290.2,24.48
VILL,2014-12-01,193.2,25.616129032258065
VILL,2015-01-01,254.4,26.938709677419357
VILL,2015-02-01,131.9,26.385714285714283
VILL,2015-03-01,149.9,25.39032258064516
VILL,2015-04-01,147.2,22.883333333333333
VILL,2015-05-01,434.8,19.63225806451613
VILL,2015-06-01,132.70000000000002,19.596666666666668
VILL,2015-07-01,185.4,17.56451612903226
VILL,2015-08-01,49.1,22.793548387096774
VILL,2015-09-01,21.7,21.89
VILL,2015-10-01,151.1,23.5
VILL,2015-11-01,210.2,24.136666666666667
VILL,2015-12-01,351.0,25.896774193548385
VILL,2016-01-01,243.7,27.606451612903225
VILL,2016-02-01,120.2,27.158620689655173
VILL,2016-03-01,132.6,23.529032258064515
VILL,2016-04-01,149.1,24.373333333333335
VILL,2016-05-01,116.6,16.858064516129033
VILL,2016-06-01,3.6,14.08
VILL,2016-07-01,34.5,17.93548387096774
VILL,2016-08-01,131.5,19.43548387096774
VILL,2016-09-01,43.4,18.983333333333334
VILL,2016-10-01,332.8,22.68064516129032
VILL,2016-11-01,253.39999999999998,23.346666666666668
VILL,2016-12-01,282.7,25.961290322580645
VILL,2017-01-01,125.7,27.270967741935483
VILL,2017-02-01,111.60000000000001,26.307142857142857
VILL,2017-03-01,172.4,25.345161290322583
VILL,2017-04-01,353.1,21.666666666666668
VILL,2017-05-01,187.7,20.187096774193545
VILL,2017-06-01,71.1,18.13
VILL,2017-07-01,7.5,19.55806451612903
VILL,2017-08-01,98.10000000000001,20.929032258064513
VILL,2017-09-01,61.3,23.16
VILL,2017-10-01,342.4,22.751612903225805
VILL,2017-11-01,300.59999999999997,23.279999999999998
VILL,2017-12-01,244.60000000000002,26.970967741935485
VILL,2018-01-01,189.7,26.164516129032258
VILL,2018-02-01,123.0,25.989285714285717
VILL,2018-03-01,142.6,24.703225806451613
VILL,2018-04-01,0.0,25.266666666666666
VILL,2018-05-01,152.5,21.174193548387095
VILL,2018-06-01,21.1,15.973333333333333
VILL,2018-07-01,31.4,17.016129032258064
VILL,2018-08-01,43.4,16.24516129032258
VILL,2018-09-01,204.5,21.163333333333334
VILL,2018-10-01,247.8,22.712903225806453
VILL,2018-11-01,202.9,25.21333333333333
VILL,2018-12-01,55.9,26.70967741935484
VILL,2019-01-01,81.9,28.33225806451613
VILL,2019-02-01,108.5,26.396428571428572
VILL,2019-03-01,214.3,24.187096774193545
VILL,2019-04-01,126.7,22.959999999999997
VILL,2019-05-01,172.0,20.470967741935485
VILL,2019-06-01,1.3,20.43
VILL,2019-07-01,35.7,16.580645161290324
VILL,2019-08-01,28.200000000000003,18.66774193548387
VILL,2019-09-01,32.8,21.646666666666665
VILL,2019-10-01,90.6,24.73548387096774
VILL,2019-11-01,137.2,27.163333333333334
VILL,2019-12-01,142.9,25.674193548387095
VILL,2020-01-01,298.2,26.92258064516129
VILL,2020-02-01,67.3,26.279310344827586
VILL,2020-03-01,25.099999999999998,26.932258064516127
VILL,2020-04-01,91.0,21.773333333333333
VILL,2020-05-01,231.6,18.451612903225808
VILL,2020-06-01,96.0,19.633333333333333
VILL,2020-07-01,49.0,17.299999999999997
VILL,2020-08-01,22.299999999999997,20.041935483870965
VILL,2020-09-01,5.1,22.126666666666665
VILL,2020-10-01,65.3,25.32903225806452
VILL,2020-11-01,129.7,25.373333333333335
VILL,2020-12-01,177.4,26.06451612903226
VILL,2021-01-01,220.7,26.25483870967742
VILL,2021-02-01,50.9,25.464285714285715
VILL,2021-03-01,156.8,24.580645161290324
VILL,2021-04-01,80.5,22.566666666666666
VILL,2021-05-01,40.1,18.84193548387097
VILL,2021-06-01,56.4,16.91
VILL,2021-07-01,49.8,17.129032258064516
VILL,2021-08-01,2.5999999999999996,19.94193548387097
VILL,2021-09-01,79.0,23.240000000000002
VILL,2021-10-01,128.5,22.52741935483871
VILL,2021-11-01,147.3,24.983333333333334
VILL,2021-12-01,27.1,27.588709677419356
VILL,2022-01-01,71.5,29.061290322580643
VILL,2022-02-01,117.1,27.476785714285715
VILL,2022-03-01,375.8,24.270967741935483
VILL,2022-04-01,320.4,21.84
VILL,2022-05-01,149.6,16.60967741935484
VILL,2022-06-01,38.400000000000006,15.55
VILL,2022-07-01,25.700000000000003,20.751612903225805
VILL,2022-08-01,42.8,18.493548387096773
VILL,2022-09-01,125.0,18.296666666666667
VILL,2022-10-01,234.6,20.77741935483871
VILL,2022-11-01,,23.003333333333334
VILL,2022-12-01,,27.029032258064515
VILL,2023-01-01,,26.98709677419355
VILL,2023-02-01,,25.285714285714285
VILL,2023-03-01,116.1,26.05483870967742
VILL,2023-04-01,117.8,21.529999999999998
VILL,2023-05-01,91.10000000000001,19.690322580645162
VILL,2023-06-01,17.7,18.953333333333333
VILL,2023-07-01,65.2,19.606451612903225
VILL,2023-08-01,98.1,21.519354838709678
VILL,2023-09-01,176.8,23.833333333333332
VILL,2023-10-01,253.5,23.996774193548386
VILL,2023-11-01,400.9,25.48
VILL,2023-12-01,183.3,27.129032258064516
