estacion_id,fecha,lluvia_total,temp_media,pet,spei_3,spei_6,spei_12
CAAZ,2000-01-01,144.0000,27.2742,138.7870,,,
CAAZ,2000-02-01,97.6000,26.2655,105.0752,,,
CAAZ,2000-03-01,202.8000,25.2484,127.5153,-0.1725,,
CAAZ,2000-04-01,163.6000,22.5800,100.8036,0.1620,,
CAAZ,2000-05-01,185.8000,17.2161,55.7236,0.8838,,
CAAZ,2000-06-01,203.0000,18.2633,63.2521,1.1921,0.7756,
CAAZ,2000-07-01,41.6000,12.9935,27.5588,0.9605,0.8104,
CAAZ,2000-08-01,97.4000,18.6355,65.4128,0.4633,0.9641,
CAAZ,2000-09-01,176.4000,20.0033,69.2932,0.2872,1.0860,
CAAZ,2000-10-01,304.6000,23.6290,103.4282,1.2276,1.5967,
CAAZ,2000-11-01,111.0000,23.3233,89.9640,1.1767,1.1968,
CAAZ,2000-12-01,109.8000,25.7387,117.0466,0.6160,0.6260,0.9422
CAAZ,2001-01-01,149.8000,26.8645,133.5108,-0.4376,0.6351,0.9756
CAAZ,2001-02-01,169.4000,27.0107,108.9870,-0.1940,0.7484,1.1811
CAAZ,2001-03-01,129.6000,26.5419,144.9207,-0.2429,0.2484,0.9070
CAAZ,2001-04-01,142.6000,23.9167,116.7987,-0.1853,-0.5287,0.7953
CAAZ,2001-05-01,35.0000,17.1903,55.5099,-0.6992,-0.7252,0.3421
CAAZ,2001-06-01,117.7000,17.1933,54.1913,-0.1979,-0.3936,0.1135
CAAZ,2001-07-01,36.9000,18.5968,69.0259,-0.5610,-0.6189,-0.0246
CAAZ,2001-08-01,79.6000,21.6677,96.2344,-0.5359,-0.9924,-0.1699
CAAZ,2001-09-01,126.0000,20.1733,70.8113,-0.5901,-0.6499,-0.3248
CAAZ,2001-10-01,39.6000,23.2839,99.6031,-0.7765,-1.0689,-1.0999
CAAZ,2001-11-01,162.2000,25.2767,110.5395,-0.3323,-0.7148,-1.0093
CAAZ,2001-12-01,108.8000,25.2645,111.6035,-0.7067,-1.0395,-0.9962
CAAZ,2002-01-01,96.4000,25.7613,119.9166,-0.4677,-0.9965,-1.1139
CAAZ,2002-02-01,47.0000,25.3893,93.0089,-1.1378,-1.1442,-1.4278
CAAZ,2002-03-01,122.8000,27.0226,151.7366,-1.3356,-1.5856,-1.4679
CAAZ,2002-04-01,204.0000,23.8100,115.4693,-0.5434,-0.8242,-1.2831
CAAZ,2002-05-01,250.4000,21.0871,93.6706,0.6230,-0.3306,-0.7588
CAAZ,2002-06-01,134.4000,17.0900,53.3611,1.1626,0.0412,-0.7068
CAAZ,2002-07-01,121.4000,15.8194,45.6157,1.1026,0.4596,-0.3860
CAAZ,2002-08-01,157.6000,20.1645,80.0507,0.7153,0.9516,-0.1050
CAAZ,2002-09-01,192.8000,20.0333,69.5596,0.9250,1.5201,0.0985
CAAZ,2002-10-01,234.8000,23.6710,103.8989,1.1878,1.6720,0.6719
CAAZ,2002-11-01,245.4000,24.3067,99.9993,1.4957,1.6316,0.9548
CAAZ,2002-12-01,106.6000,26.0387,120.5721,0.8551,1.2858,0.9210
CAAZ,2003-01-01,188.6000,26.6387,130.6558,0.4824,1.2192,1.1675
CAAZ,2003-02-01,145.0000,25.9929,98.7767,-0.0704,1.1011,1.4473
CAAZ,2003-03-01,69.8000,25.7581,134.2115,-0.3766,0.3561,1.3396
CAAZ,2003-04-01,131.8000,22.4167,98.9468,-0.5364,-0.0625,1.1707
CAAZ,2003-05-01,11.6000,19.1613,73.2980,-1.2954,-1.0312,0.5114
CAAZ,2003-06-01,119.0000,20.5900,85.9875,-0.6049,-0.7999,0.3671
CAAZ,2003-07-01,27.4000,17.1258,55.8943,-1.0271,-1.2314,0.0544
CAAZ,2003-08-01,64.8000,16.5290,48.1126,-0.4942,-1.3851,-0.1275
CAAZ,2003-09-01,65.4000,20.9433,77.9404,-0.7963,-1.1173,-0.5322
CAAZ,2003-10-01,126.2000,23.5516,102.5626,-0.4522,-1.1642,-0.8506
CAAZ,2003-11-01,168.2000,23.3367,90.0957,-0.0762,-0.4848,-1.0498
CAAZ,2003-12-01,256.8000,24.3742,101.8070,0.8274,0.0609,-0.5488
CAAZ,2004-01-01,26.4000,26.6032,130.2106,0.1546,-0.2714,-1.0285
CAAZ,2004-02-01,106.6000,24.9517,92.1362,-0.2170,-0.2814,-1.1224
CAAZ,2004-03-01,66.6000,24.7968,121.7556,-1.7084,-0.4764,-1.0950
CAAZ,2004-04-01,161.4000,23.6967,114.0670,-0.5887,-0.3674,-1.0522
CAAZ,2004-05-01,100.6000,15.7419,44.3077,-0.3223,-0.4676,-0.7027
CAAZ,2004-06-01,133.2000,18.0000,60.9428,0.4105,-0.8609,-0.5861
CAAZ,2004-07-01,173.0000,16.7871,53.1069,0.7861,0.1582,-0.1440
CAAZ,2004-08-01,20.6000,18.0613,60.3748,0.2830,-0.0765,-0.3125
CAAZ,2004-09-01,87.9000,20.2300,71.3217,-0.0323,0.2325,-0.2257
CAAZ,2004-10-01,217.0000,21.8968,85.1063,0.0374,0.5819,0.0979
CAAZ,2004-11-01,379.2000,22.6700,83.6507,1.6893,1.4967,0.7513
CAAZ,2004-12-01,119.0000,25.0742,109.4631,1.6591,1.2663,0.3137
CAAZ,2005-01-01,76.0000,26.2194,125.4531,0.8219,0.6109,0.4770
CAAZ,2005-02-01,16.0000,25.8714,97.5993,-1.5181,0.4406,0.1886
CAAZ,2005-03-01,52.8000,25.5258,131.1341,-2.3008,0.0401,0.1192
CAAZ,2005-04-01,114.0000,22.1733,96.2195,-1.6885,-0.4706,0.0307
CAAZ,2005-05-01,200.8000,20.6548,88.8318,-0.3041,-1.3748,0.1974
CAAZ,2005-06-01,100.0000,20.2400,82.2939,0.2559,-1.3320,0.0341
CAAZ,2005-07-01,3.4000,15.9129,46.3097,-0.0906,-1.2979,-0.4517
CAAZ,2005-08-01,22.8000,19.4806,73.2811,-1.1627,-1.1381,-0.4836
CAAZ,2005-09-01,82.6000,16.7600,44.0497,-1.0103,-0.5678,-0.4182
CAAZ,2005-10-01,240.6000,21.4419,80.6523,0.2590,0.0712,-0.3346
CAAZ,2005-11-01,90.6000,24.1600,98.4614,0.4891,-0.4638,-1.2344
CAAZ,2005-12-01,90.2000,25.1000,109.7519,0.1729,-0.6382,-1.3202
CAAZ,2006-01-01,78.0000,26.8258,133.0187,-1.2132,-0.6958,-1.3366
CAAZ,2006-02-01,82.8000,25.8679,97.5648,-1.2655,-0.5272,-1.1394
CAAZ,2006-03-01,232.7000,24.8806,122.8130,-0.3744,-0.2015,-0.5817
CAAZ,2006-04-01,98.8000,22.0833,95.2225,-0.0206,-0.9351,-0.6239
CAAZ,2006-05-01,53.4000,16.4484,49.5796,0.0866,-0.8777,-0.9446
CAAZ,2006-06-01,96.8000,19.1667,71.5760,-0.4215,-0.6618,-0.9223
CAAZ,2006-07-01,19.2000,20.3161,86.5681,-0.8931,-0.7207,-0.9947
CAAZ,2006-08-01,133.0000,18.8806,67.6392,-0.4813,-0.3465,-0.6513
CAAZ,2006-09-01,191.8000,19.4333,64.3485,0.1329,-0.2669,-0.3870
CAAZ,2006-10-01,238.8000,24.0194,107.8600,1.1507,0.2866,-0.4733
CAAZ,2006-11-01,213.0000,23.8933,95.7022,1.3893,0.7490,-0.1001
CAAZ,2006-12-01,127.2000,26.9419,131.5745,0.7631,0.6309,-0.0548
CAAZ,2007-01-01,188.8000,26.3903,127.5586,0.4013,1.1321,0.2934
CAAZ,2007-02-01,102.0000,26.5607,104.3975,-0.2852,0.8718,0.3305
CAAZ,2007-03-01,180.6000,25.7548,134.1684,0.0176,0.5494,0.1402
CAAZ,2007-04-01,189.0000,23.5833,112.6752,0.1041,0.3246,0.3584
CAAZ,2007-05-01,238.0000,16.2290,47.9039,1.0993,0.6229,0.9195
CAAZ,2007-06-01,12.1000,17.2400,54.5687,0.6622,0.4682,0.7152
CAAZ,2007-07-01,98.0000,14.0323,33.5577,0.6011,0.4813,1.1134
CAAZ,2007-08-01,16.4000,15.7742,42.6847,-0.6610,0.3829,0.8363
CAAZ,2007-09-01,60.0000,22.4333,92.9393,-0.5980,0.0469,0.3535
CAAZ,2007-10-01,162.9000,23.8194,105.5750,-0.6450,-0.0357,0.1327
CAAZ,2007-11-01,229.6000,22.6067,83.0536,0.3839,-0.2285,0.2204
CAAZ,2007-12-01,150.9000,26.5452,126.6692,0.6834,0.0649,0.3062
CAAZ,2008-01-01,84.9000,26.3290,126.8014,0.1523,-0.4083,-0.0028
CAAZ,2008-02-01,277.8000,25.3931,96.3677,0.3452,0.4906,0.5486
CAAZ,2008-03-01,49.0000,24.8548,122.4871,-0.2146,0.3231,0.1885
CAAZ,2008-04-01,99.0000,20.8467,82.1573,0.1292,0.1522,0.0104
CAAZ,2008-05-01,50.1000,17.7355,60.1303,-1.0961,-0.5469,-0.5863
CAAZ,2008-06-01,69.1000,15.0033,38.2293,-0.3896,-0.5159,-0.3681
CAAZ,2008-07-01,40.3000,20.2677,86.0411,-0.8001,-0.5338,-0.6957
CAAZ,2008-08-01,74.0000,18.4484,63.7442,-0.6630,-1.3811,-0.5872
CAAZ,2008-09-01,102.8000,17.8933,52.0854,-0.5328,-0.7565,-0.3382
CAAZ,2008-10-01,160.8000,22.8387,94.7990,0.1416,-0.5236,-0.3124
CAAZ,2008-11-01,81.7000,24.9233,106.6255,-0.0610,-0.5934,-0.8221
CAAZ,2008-12-01,20.6000,26.9452,131.6148,-1.1201,-1.2944,-1.2221
CAAZ,2009-01-01,320.6000,25.1226,112.4495,-0.1774,-0.0839,-0.4811
CAAZ,2009-02-01,255.1000,25.5714,94.7272,0.8312,0.5501,-0.5438
CAAZ,2009-03-01,22.5000,25.4258,129.8226,0.8495,-0.1188,-0.6443
CAAZ,2009-04-01,34.4000,22.7733,103.0286,-0.7366,-0.7386,-0.8978
CAAZ,2009-05-01,239.7000,19.5806,77.4765,-0.7241,0.1099,-0.3862
CAAZ,2009-06-01,92.6000,14.3167,33.9074,0.2825,0.8065,-0.3033
CAAZ,2009-07-01,171.9000,13.4968,30.3753,1.3293,0.5402,0.2567
CAAZ,2009-08-01,100.4000,18.5645,64.7768,0.7227,0.0164,0.3328
CAAZ,2009-09-01,168.9000,18.6367,57.8075,0.9817,0.9122,0.5142
CAAZ,2009-10-01,248.6000,22.4677,90.9056,1.0592,1.7484,0.7904
CAAZ,2009-11-01,244.3000,26.4767,124.4808,1.4472,1.5978,1.2281
CAAZ,2009-12-01,263.1000,25.8419,118.2525,1.5958,1.9012,2.0071
CAAZ,2010-01-01,96.0000,26.6355,130.6153,0.6933,1.2692,1.2679
CAAZ,2010-02-01,237.6000,27.2750,111.7388,0.7240,1.5987,1.1632
CAAZ,2010-03-01,343.0000,25.0903,125.4810,1.0800,1.9720,2.1527
CAAZ,2010-04-01,59.3000,21.6067,90.0473,1.0983,1.2998,2.2688
CAAZ,2010-05-01,184.1000,16.8871,53.0369,1.1229,1.3414,2.1733
CAAZ,2010-06-01,52.4000,17.5033,56.7288,-0.0364,0.7721,1.9804
CAAZ,2010-07-01,151.2000,15.6000,44.0134,0.7130,1.3141,1.8755
CAAZ,2010-08-01,19.0000,17.1968,53.2482,-0.1991,0.6995,1.6624
CAAZ,2010-09-01,143.7000,19.3967,64.0380,0.2842,0.1305,1.5667
CAAZ,2010-10-01,169.2000,20.1258,68.5749,0.2481,0.6736,1.3933
CAAZ,2010-11-01,71.5000,22.2333,79.5863,0.3908,0.0971,1.0056
CAAZ,2010-12-01,367.9000,25.0871,109.6075,1.2763,1.1530,1.3494
CAAZ,2011-01-01,37.7000,27.4968,141.7060,0.2490,0.3151,1.1390
CAAZ,2011-02-01,192.6000,26.4643,103.4296,0.7611,0.8151,1.0279
CAAZ,2011-03-01,226.6000,26.3516,142.2744,-0.1938,0.8334,0.6259
CAAZ,2011-04-01,199.5000,23.2400,108.5220,0.8657,0.7955,0.9932
CAAZ,2011-05-01,61.0000,19.7968,79.6854,0.3063,0.7536,0.5416
CAAZ,2011-06-01,91.9000,17.4433,56.2321,0.0331,-0.1801,0.6620
CAAZ,2011-07-01,166.8000,17.3097,57.4440,0.1380,0.7169,0.6685
CAAZ,2011-08-01,40.1000,19.2387,70.9730,0.0687,0.2248,0.6787
CAAZ,2011-09-01,57.4000,21.5333,83.6875,-0.2992,-0.2575,0.3600
CAAZ,2011-10-01,249.7000,23.8419,105.8315,-0.0909,-0.0231,0.4899
CAAZ,2011-11-01,162.3000,25.2533,110.2784,0.3768,0.2795,0.6709
CAAZ,2011-12-01,86.0000,25.5645,115.0287,0.3620,0.0031,-0.1908
CAAZ,2012-01-01,51.8000,26.9032,134.0040,-1.0418,-0.8799,-0.1257
CAAZ,2012-02-01,43.7000,27.8517,122.0999,-2.1106,-1.1166,-0.6248
CAAZ,2012-03-01,45.6000,24.5742,118.9764,-2.5520,-1.3592,-1.0921
CAAZ,2012-04-01,303.1000,21.2467,86.2550,-0.2205,-0.9867,-0.7193
CAAZ,2012-05-01,36.6000,19.6452,78.1319,-0.0017,-1.4679,-0.7871
CAAZ,2012-06-01,67.8000,17.2667,54.7851,0.4768,-1.2475,-0.8543
CAAZ,2012-07-01,93.2000,15.0613,40.2253,-0.4734,-0.5823,-1.0212
CAAZ,2012-08-01,83.8000,20.8677,87.3958,-0.2368,-0.2387,-0.9405
CAAZ,2012-09-01,33.8000,21.7900,86.2659,-0.6529,-0.1454,-1.0179
CAAZ,2012-10-01,291.6000,24.2839,110.9281,0.1282,-0.3076,-0.9090
CAAZ,2012-11-01,187.4000,24.8300,105.6060,0.5904,0.2317,-0.8208
CAAZ,2012-12-01,169.6000,27.1839,134.6214,1.0260,0.3239,-0.6308
CAAZ,2013-01-01,74.5000,26.2226,125.4926,-0.2162,-0.1226,-0.5381
CAAZ,2013-02-01,54.7000,25.5000,94.0511,-1.0140,-0.2824,-0.4219
CAAZ,2013-03-01,159.9000,22.8516,98.7720,-0.8298,0.2141,-0.0206
CAAZ,2013-04-01,295.6000,21.2067,85.8397,0.7009,0.3363,-0.0418
CAAZ,2013-05-01,387.8000,18.3097,65.2424,2.2990,1.2827,1.0532
CAAZ,2013-06-01,200.9000,16.9767,52.4596,2.6304,1.6943,1.4639
CAAZ,2013-07-01,27.4000,16.9355,54.3173,1.6896,1.7793,1.2214
CAAZ,2013-08-01,121.2000,15.2323,39.0294,0.5576,2.1959,1.4818
CAAZ,2013-09-01,173.4000,18.8867,59.8142,0.3727,2.3701,1.9880
CAAZ,2013-10-01,69.8000,22.4387,90.6050,0.4056,1.5784,1.3741
CAAZ,2013-11-01,128.6000,24.5233,102.2980,0.0968,0.4417,1.2058
CAAZ,2013-12-01,38.9000,26.7742,129.4868,-1.2332,-0.6096,0.8260
CAAZ,2014-01-01,95.8000,27.1419,137.0700,-1.3909,-0.6776,0.8554
CAAZ,2014-02-01,31.4000,27.7786,117.0983,-2.3823,-1.5255,0.7156
CAAZ,2014-03-01,141.5000,23.8387,110.0694,-1.3130,-1.9820,0.6261
CAAZ,2014-04-01,371.7000,21.8567,92.7396,0.6660,-0.4444,0.8347
CAAZ,2014-05-01,184.6000,18.4742,66.7542,1.6213,-0.0334,0.2189
CAAZ,2014-06-01,208.9000,16.8867,51.7503,2.1434,0.9814,0.2450
CAAZ,2014-07-01,207.5000,17.1710,56.2725,1.6126,1.6921,0.7808
CAAZ,2014-08-01,37.0000,19.2613,71.1865,0.9134,1.8729,0.4305
CAAZ,2014-09-01,114.2000,21.8933,87.3174,0.2364,1.8570,0.1703
CAAZ,2014-10-01,75.6000,25.2194,122.2027,-1.0036,0.6430,0.0931
CAAZ,2014-11-01,329.2000,24.0067,96.8690,0.6039,1.0900,0.7120
CAAZ,2014-12-01,114.4000,25.4645,113.8800,0.4658,0.4721,0.9870
CAAZ,2015-01-01,224.1000,26.6677,131.0208,1.1609,0.2301,1.3942
CAAZ,2015-02-01,60.4000,26.3464,102.2541,-0.3020,0.1977,1.5274
CAAZ,2015-03-01,108.0000,25.1097,125.7290,-0.4159,0.0061,1.3780
CAAZ,2015-04-01,168.6000,22.0000,94.3050,-0.5361,0.5149,0.7587
CAAZ,2015-05-01,431.8000,19.4774,76.4348,1.5503,1.0016,1.4778
CAAZ,2015-06-01,103.8000,19.0300,70.2763,1.7709,1.1274,1.1028
CAAZ,2015-07-01,134.8000,16.7839,53.0808,1.8022,1.0843,0.8926
CAAZ,2015-08-01,43.0000,22.1516,101.8341,-0.2733,1.0195,0.8182
CAAZ,2015-09-01,29.3000,21.0967,79.4101,-0.8161,0.8944,0.5862
CAAZ,2015-10-01,204.4000,22.8452,94.8676,-0.6285,1.0304,1.0574
CAAZ,2015-11-01,212.2000,23.7067,93.7992,0.4209,0.0688,0.7133
CAAZ,2015-12-01,391.2000,25.4742,113.9908,1.9458,1.0561,1.5512
CAAZ,2016-01-01,209.5000,27.3065,139.2077,1.7824,1.0124,1.4819
CAAZ,2016-02-01,187.0000,27.0448,113.2449,1.5910,1.5064,1.8340
CAAZ,2016-03-01,116.2000,23.3839,104.7711,0.3000,1.7264,1.9230
CAAZ,2016-04-01,128.3000,23.8233,115.6350,-0.0255,1.3776,1.7350
CAAZ,2016-05-01,132.6000,16.3065,48.4913,0.0345,1.2506,0.9118
CAAZ,2016-06-01,10.8000,13.7167,30.3864,-0.1475,0.0620,0.7515
CAAZ,2016-07-01,42.7000,17.0032,54.8755,-0.2983,-0.3025,0.4688
CAAZ,2016-08-01,145.8000,18.2710,62.1860,-0.3014,-0.2580,0.8980
CAAZ,2016-09-01,35.5000,18.0867,53.5388,-0.2918,-0.3918,0.9950
CAAZ,2016-10-01,222.1000,21.9000,85.1384,0.5515,0.1574,1.0779
CAAZ,2016-11-01,236.6000,22.7833,84.7259,0.8968,0.4412,1.1793
CAAZ,2016-12-01,126.9000,25.4903,114.1758,1.0457,0.5730,0.3815
CAAZ,2017-01-01,113.6000,27.1968,137.7803,0.2169,0.5243,0.0982
CAAZ,2017-02-01,114.6000,26.0286,99.1246,-0.6059,0.2419,-0.0762
CAAZ,2017-03-01,163.5000,24.8871,122.8946,-0.4260,0.4855,0.0111
CAAZ,2017-04-01,272.9000,20.8067,81.7542,0.7800,0.7042,0.5465
CAAZ,2017-05-01,249.2000,19.5226,76.8895,1.5157,0.7852,0.8123
CAAZ,2017-06-01,86.8000,17.4700,56.4525,1.4703,0.8544,0.9631
CAAZ,2017-07-01,10.6000,18.1065,64.4607,0.2633,0.7376,0.8372
CAAZ,2017-08-01,105.0000,20.1419,79.8213,-0.6214,0.7759,0.6610
CAAZ,2017-09-01,48.4000,22.4767,93.3998,-1.1478,0.4308,0.5798
CAAZ,2017-10-01,427.3000,22.3710,89.9062,1.1216,1.0119,1.1851
CAAZ,2017-11-01,200.4000,22.8867,85.7134,1.5290,0.7879,1.0725
CAAZ,2017-12-01,219.1000,26.4968,126.0787,2.1080,1.0313,1.3158
CAAZ,2018-01-01,196.4000,25.5968,117.9653,0.9715,1.5232,1.6277
CAAZ,2018-02-01,110.0000,25.3500,92.6408,0.4794,1.4949,1.6334
CAAZ,2018-03-01,132.6000,24.6871,120.3813,0.0334,1.6999,1.5470
CAAZ,2018-04-01,0.0000,24.4667,123.8010,-1.3029,-0.1159,0.5939
CAAZ,2018-05-01,168.4000,20.6161,88.4061,-0.8462,-0.2707,0.3165
CAAZ,2018-06-01,24.5000,15.1100,38.9292,-1.0347,-0.7716,0.1822
CAAZ,2018-07-01,26.9000,16.5452,51.1689,-0.3669,-1.2852,0.2709
CAAZ,2018-08-01,57.4000,15.9871,44.1757,-0.8040,-1.3066,0.2350
CAAZ,2018-09-01,201.2000,20.8967,77.4965,0.0601,-0.7493,0.7423
CAAZ,2018-10-01,233.0000,22.0839,86.9810,0.9561,0.4477,0.1671
CAAZ,2018-11-01,223.6000,24.7833,105.0984,1.4455,0.6045,0.1785
CAAZ,2018-12-01,70.9000,26.1419,121.8000,0.6091,0.4561,-0.2518
CAAZ,2019-01-01,76.5000,27.8258,146.0890,-0.6456,0.2678,-0.6922
CAAZ,2019-02-01,58.2000,26.3250,102.0413,-1.8801,0.0241,-0.8737
CAAZ,2019-03-01,151.6000,23.7065,108.5123,-1.1231,-0.3339,-0.7822
CAAZ,2019-04-01,149.6000,22.3900,98.6456,-0.3116,-0.7792,-0.2625
CAAZ,2019-05-01,309.0000,20.0613,82.4405,1.1359,-0.2750,0.1756
CAAZ,2019-06-01,27.8000,19.8800,78.5974,0.6763,-0.2746,0.0667
CAAZ,2019-07-01,67.1000,15.8903,46.1416,0.5211,0.1234,0.2022
CAAZ,2019-08-01,38.6000,17.7903,58.0823,-0.9708,0.2270,0.1042
CAAZ,2019-09-01,13.1000,21.2867,81.2545,-1.0962,-0.2580,-0.4685
CAAZ,2019-10-01,43.6000,23.9290,106.8244,-1.7627,-0.7906,-1.0890
CAAZ,2019-11-01,66.4000,26.8367,128.8613,-2.1503,-2.3520,-1.6224
CAAZ,2019-12-01,95.8000,25.6871,116.4465,-1.7239,-2.1709,-1.5334
CAAZ,2020-01-01,218.8000,26.4645,128.4790,-0.5849,-1.7726,-1.0618
CAAZ,2020-02-01,35.4000,25.7966,100.3374,-0.6012,-2.0309,-1.1242
CAAZ,2020-03-01,39.7000,26.3452,142.1852,-1.1732,-2.2330,-1.5533
CAAZ,2020-04-01,61.6000,21.4033,87.8931,-2.1492,-2.0158,-1.7802
CAAZ,2020-05-01,112.9000,17.4065,57.3148,-1.1442,-1.3662,-2.2804
CAAZ,2020-06-01,133.8000,18.9500,69.5222,-0.0506,-0.9342,-1.9440
CAAZ,2020-07-01,89.1000,16.2484,48.8512,0.3253,-1.1856,-1.8875
CAAZ,2020-08-01,10.1000,19.6968,75.3812,-0.3798,-1.1874,-2.0216
CAAZ,2020-09-01,23.0000,21.4600,82.9596,-1.2325,-0.9732,-1.9977
CAAZ,2020-10-01,87.9000,24.4968,113.4357,-1.7619,-0.9694,-1.8873
CAAZ,2020-11-01,67.8000,24.8500,105.8239,-1.5343,-1.4497,-1.8157
CAAZ,2020-12-01,181.3000,25.9613,119.6562,-0.6451,-1.4637,-1.5740
CAAZ,2021-01-01,326.0000,25.9258,121.8876,0.6815,-0.6417,-1.2388
CAAZ,2021-02-01,61.9000,24.9821,89.2370,0.7357,-0.4640,-1.1278
CAAZ,2021-03-01,61.0000,24.3806,116.5915,0.1088,-0.4438,-0.9892
CAAZ,2021-04-01,123.1000,22.2467,97.0365,-1.0248,-0.2095,-0.8341
CAAZ,2021-05-01,37.5000,17.9968,62.4251,-1.0075,-0.1511,-1.0724
CAAZ,2021-06-01,37.7000,16.3700,47.7918,-0.6920,-0.4764,-1.2920
CAAZ,2021-07-01,43.1000,16.1452,48.0604,-0.9047,-1.5168,-1.4253
CAAZ,2021-08-01,12.2000,19.8452,76.8440,-1.1926,-1.7199,-1.4234
CAAZ,2021-09-01,85.5000,22.9933,98.9969,-1.2182,-1.4911,-1.2864
CAAZ,2021-10-01,127.6000,22.8419,94.8333,-0.9427,-1.4554,-1.1143
CAAZ,2021-11-01,141.3000,25.3767,111.6629,-0.3196,-1.1713,-0.9142
CAAZ,2021-12-01,25.7000,26.7032,128.6097,-0.9084,-1.6619,-1.4002
CAAZ,2022-01-01,105.0000,29.6613,172.0528,-1.6731,-2.0112,-2.1956
CAAZ,2022-02-01,82.0000,27.9321,118.7632,-2.2746,-1.8521,-2.2231
CAAZ,2022-03-01,270.2000,24.2968,115.5671,-0.3078,-0.9646,-1.6072
CAAZ,2022-04-01,206.3000,22.1800,96.2936,0.6823,-0.5916,-1.3602
CAAZ,2022-05-01,143.6000,16.4661,49.7166,1.3115,-0.2952,-1.0094
CAAZ,2022-06-01,43.4000,15.2833,40.0831,0.5759,0.1708,-0.9697
CAAZ,2022-07-01,41.2000,20.5452,89.0893,-0.3171,0.2519,-1.0967
CAAZ,2022-08-01,48.0000,17.6516,56.9296,-1.0006,0.3683,-0.9319
CAAZ,2022-09-01,132.7000,18.0133,52.9846,-0.4834,0.0510,-0.6555
CAAZ,2022-10-01,259.0000,20.2323,69.5076,0.8450,0.3873,-0.1889
CAAZ,2022-11-01,82.9000,22.8200,85.0755,0.8783,-0.0210,-0.2838
CAAZ,2022-12-01,80.7000,26.9323,131.4535,0.1954,-0.2606,-0.1281
CAAZ,2023-01-01,77.0000,27.1548,137.2370,-1.4511,-0.3165,-0.1078
CAAZ,2023-02-01,,,65.0868,-1.9854,-0.5756,-0.1923
CAAZ,2023-03-01,,25.7806,134.5130,-2.8366,-1.6601,-1.0513
CAAZ,2023-04-01,132.6000,20.8467,82.1573,-1.7480,-2.4699,-1.2273
CAAZ,2023-05-01,130.6000,18.7935,69.7493,-0.7886,-2.0902,-1.3247
CAAZ,2023-06-01,48.5000,18.0200,61.1163,-0.0207,-1.8709,-1.3717
CAAZ,2023-07-01,96.5000,18.4968,68.0794,-0.1507,-1.3874,-1.1465
CAAZ,2023-08-01,81.6000,20.4806,83.3040,-0.5401,-1.0615,-1.1252
CAAZ,2023-09-01,182.0000,22.9933,98.9969,0.0432,-0.0434,-1.1155
CAAZ,2023-10-01,365.6000,22.7871,94.2513,1.2846,0.8685,-0.8733
CAAZ,2023-11-01,378.2000,24.9467,106.8813,2.4232,1.6525,-0.0594
CAAZ,2023-12-01,363.8000,26.5129,126.2753,2.9893,2.5017,0.8063
CMEZA,2000-01-01,198.9000,25.0290,112.5873,,,
CMEZA,2000-02-01,120.3000,24.2103,86.8918,,,
CMEZA,2000-03-01,220.7000,22.7710,101.1787,0.2517,,
CMEZA,2000-04-01,192.7000,20.8267,86.5223,0.3504,,
CMEZA,2000-05-01,122.0000,16.0226,52.0717,0.5273,,
CMEZA,2000-06-01,162.0000,16.7033,55.9719,0.4626,0.4497,
CMEZA,2000-07-01,77.6000,11.4226,24.1076,0.2024,0.3248,
CMEZA,2000-08-01,50.3000,16.8194,55.8613,-0.1948,0.1744,
CMEZA,2000-09-01,126.9000,18.3767,60.6396,-0.4173,-0.0349,
CMEZA,2000-10-01,294.5000,22.4194,93.7945,0.3617,0.3336,
CMEZA,2000-11-01,195.4000,21.9200,80.0479,0.9255,0.5059,
CMEZA,2000-12-01,253.8000,24.5806,105.6076,1.2779,0.6631,0.7558
CMEZA,2001-01-01,254.3000,24.8742,110.9749,1.0334,0.9902,0.8991
CMEZA,2001-02-01,88.6000,24.8786,89.3768,0.5039,1.0074,0.8135
CMEZA,2001-03-01,100.9000,24.0774,115.1882,-0.3374,0.7151,0.4698
CMEZA,2001-04-01,216.7000,22.4133,102.6239,-0.5050,0.3909,0.4905
CMEZA,2001-05-01,87.9000,15.7323,49.9047,-0.2841,0.0922,0.4066
CMEZA,2001-06-01,70.4000,15.2800,45.5050,-0.0704,-0.4039,0.1896
CMEZA,2001-07-01,72.2000,15.9645,52.4946,-0.6017,-0.9292,0.0975
CMEZA,2001-08-01,75.7000,18.9968,74.1324,-0.8236,-0.9189,0.1170
CMEZA,2001-09-01,153.3000,18.0000,57.7895,-0.4025,-0.4514,0.1966
CMEZA,2001-10-01,62.9000,21.3129,83.3842,-0.6376,-1.0278,-0.4254
CMEZA,2001-11-01,259.9000,23.8133,97.0475,0.2449,-0.4918,-0.2877
CMEZA,2001-12-01,136.0000,24.2097,101.9397,-0.0733,-0.4537,-0.6226
CMEZA,2002-01-01,466.3000,24.2000,104.1082,1.6614,0.8728,0.0078
CMEZA,2002-02-01,68.3000,23.7464,80.2060,0.9345,0.8239,-0.0231
CMEZA,2002-03-01,271.4000,25.7452,134.5915,1.3725,0.9732,0.3867
CMEZA,2002-04-01,123.5000,22.5467,104.0486,-0.2476,1.1155,0.1324
CMEZA,2002-05-01,234.6000,19.3806,81.0378,0.5945,1.0826,0.4419
CMEZA,2002-06-01,149.9000,16.1067,51.4339,0.4110,1.3088,0.6332
CMEZA,2002-07-01,124.7000,14.7129,43.4205,0.7039,0.2830,0.7901
CMEZA,2002-08-01,142.7000,18.0677,65.9766,0.3374,0.6181,0.9778
CMEZA,2002-09-01,142.8000,17.7367,55.8433,0.2803,0.4310,0.9566
CMEZA,2002-10-01,261.7000,21.8484,88.3353,0.7211,0.9977,1.4243
CMEZA,2002-11-01,170.3000,22.8233,87.9262,0.7470,0.7395,1.2331
CMEZA,2002-12-01,154.2000,24.7613,107.4204,0.5600,0.5479,1.2636
CMEZA,2003-01-01,84.0000,25.5516,118.1272,-0.5283,0.1061,0.2599
CMEZA,2003-02-01,242.6000,24.6964,87.8631,-0.1218,0.4069,0.6962
CMEZA,2003-03-01,123.7000,23.4742,108.5910,-0.2956,0.1302,0.3798
CMEZA,2003-04-01,132.3000,20.7900,86.1686,0.1337,-0.3801,0.4502
CMEZA,2003-05-01,7.7000,17.2065,61.4561,-1.0716,-0.9587,-0.1130
CMEZA,2003-06-01,102.4000,18.8367,74.0135,-0.9850,-1.0397,-0.3125
CMEZA,2003-07-01,37.8000,15.8226,51.4161,-1.3890,-0.9494,-0.5908
CMEZA,2003-08-01,64.8000,14.3581,38.6711,-0.8566,-1.5317,-0.7434
CMEZA,2003-09-01,53.2000,19.2900,67.8770,-1.1357,-1.6722,-1.0592
CMEZA,2003-10-01,185.5000,22.4097,93.7004,-0.4804,-1.4576,-1.3226
CMEZA,2003-11-01,144.1000,22.4433,84.5607,-0.2903,-0.9469,-1.3981
CMEZA,2003-12-01,473.1000,23.2129,92.4484,1.5542,0.4816,-0.3635
CMEZA,2004-01-01,87.7000,25.3355,115.8176,1.0560,0.4268,-0.3461
CMEZA,2004-02-01,81.5000,23.5966,81.8569,0.7903,0.3259,-0.8083
CMEZA,2004-03-01,22.4000,24.2774,117.4246,-2.0357,0.0133,-1.1542
CMEZA,2004-04-01,177.8000,22.7000,105.7008,-1.2792,-0.0649,-1.0712
CMEZA,2004-05-01,108.8000,14.6710,42.4262,-0.8406,-0.0377,-0.6987
CMEZA,2004-06-01,81.9000,16.3833,53.5109,-0.1246,-1.5552,-0.6987
CMEZA,2004-07-01,95.0000,14.4806,41.8438,-0.2279,-1.1818,-0.4991
CMEZA,2004-08-01,20.0000,15.6065,46.9411,-0.7713,-1.3022,-0.6573
CMEZA,2004-09-01,83.9000,19.1767,66.9536,-0.8424,-0.8058,-0.5626
CMEZA,2004-10-01,186.1000,20.6258,77.2685,-0.5060,-0.6486,-0.5121
CMEZA,2004-11-01,197.0000,21.6550,77.8164,0.2803,-0.4273,-0.3378
CMEZA,2004-12-01,92.7000,23.9774,99.6809,0.1596,-0.5750,-1.5487
CMEZA,2005-01-01,101.6000,25.5532,118.1446,-0.5246,-0.8730,-1.5096
CMEZA,2005-02-01,7.4000,25.6304,95.7809,-1.9406,-1.1441,-1.8127
CMEZA,2005-03-01,54.0000,24.7806,123.1602,-2.4800,-1.5384,-1.7223
CMEZA,2005-04-01,269.1000,20.6033,84.3809,-0.9437,-1.1899,-1.3413
CMEZA,2005-05-01,187.8000,19.1516,78.8291,0.1774,-1.2360,-1.2023
CMEZA,2005-06-01,228.8000,18.7933,73.6183,1.2134,-0.5305,-0.8029
CMEZA,2005-07-01,16.9000,14.8194,44.1542,0.2400,-0.5755,-1.0537
CMEZA,2005-08-01,25.7000,17.7323,63.1639,-0.5551,-0.3637,-1.0872
CMEZA,2005-09-01,123.3000,15.3800,40.0911,-0.9997,0.2433,-0.8790
CMEZA,2005-10-01,139.5000,20.8613,79.3346,-0.4650,-0.2499,-1.0313
CMEZA,2005-11-01,116.5000,23.8733,97.6168,-0.1495,-0.6234,-1.3553
CMEZA,2005-12-01,87.9000,24.4774,104.5795,-0.7236,-1.3810,-1.3874
CMEZA,2006-01-01,143.7000,25.9323,122.2582,-0.9664,-1.1597,-1.2625
CMEZA,2006-02-01,54.5000,24.7964,88.6923,-1.3219,-1.1451,-1.0879
CMEZA,2006-03-01,147.7000,24.0323,114.6866,-0.9882,-1.3728,-0.7692
CMEZA,2006-04-01,94.2000,20.3967,82.4265,-1.0512,-1.5981,-1.3168
CMEZA,2006-05-01,51.6000,15.4677,47.9760,-0.8097,-1.6704,-1.6713
CMEZA,2006-06-01,77.6000,18.2000,68.3282,-0.9598,-1.5478,-2.1934
CMEZA,2006-07-01,27.7000,19.2677,81.2771,-1.4011,-1.9070,-2.2919
CMEZA,2006-08-01,138.8000,17.0113,57.3543,-0.8803,-1.3594,-1.8576
CMEZA,2006-09-01,126.0000,18.3350,60.3204,-0.5370,-1.2108,-1.9200
CMEZA,2006-10-01,220.0000,23.4645,104.2739,0.3688,-0.7535,-1.7243
CMEZA,2006-11-01,194.0000,23.1983,91.3209,0.4720,-0.3381,-1.4388
CMEZA,2006-12-01,279.0000,26.5790,126.6491,0.8740,0.2315,-0.8947
CMEZA,2007-01-01,265.7000,26.2468,125.7327,0.9815,0.9528,-0.5352
CMEZA,2007-02-01,138.6000,25.4143,93.9144,0.7209,0.8197,-0.3048
CMEZA,2007-03-01,101.7000,25.6952,133.9846,-0.2035,0.4563,-0.4950
CMEZA,2007-04-01,200.3000,22.7467,106.2066,-0.4616,0.3742,-0.2559
CMEZA,2007-05-01,243.0000,15.2677,46.5463,0.3463,0.7252,0.2780
CMEZA,2007-06-01,12.2000,16.4033,53.6629,0.3009,-0.0145,0.1409
CMEZA,2007-07-01,139.0000,12.9290,32.1525,0.3639,-0.1468,0.5671
CMEZA,2007-08-01,55.9000,15.4323,45.7322,-0.6438,-0.2866,0.3804
CMEZA,2007-09-01,48.0000,21.4267,86.6506,-0.6270,-0.3126,0.0994
CMEZA,2007-10-01,345.0000,22.5387,94.9593,0.1623,0.3050,0.4595
CMEZA,2007-11-01,357.9000,21.6433,77.7190,1.3909,0.6212,0.9130
CMEZA,2007-12-01,370.0000,25.2548,112.4633,2.4998,1.6761,1.1710
CMEZA,2008-01-01,112.0000,25.1806,114.1790,1.5684,1.3037,0.8205
CMEZA,2008-02-01,56.0000,24.7586,91.5347,0.1534,1.1436,0.6163
CMEZA,2008-03-01,46.5000,24.1323,115.7990,-1.9012,1.0348,0.5204
CMEZA,2008-04-01,339.6000,20.3100,81.6147,-0.1992,1.0631,0.9371
CMEZA,2008-05-01,52.0000,16.4065,55.0177,-0.0242,0.0015,0.4272
CMEZA,2008-06-01,109.6000,14.1167,37.8545,0.6734,-0.7641,0.7203
CMEZA,2008-07-01,27.6000,18.5710,74.6079,-0.9788,-0.9587,0.3194
CMEZA,2008-08-01,88.4000,17.5129,61.3625,-0.7888,-0.6882,0.3643
CMEZA,2008-09-01,98.0000,16.9233,50.0707,-0.9387,-0.2018,0.5910
CMEZA,2008-10-01,370.7000,21.0710,81.2005,0.8458,-0.0753,0.6924
CMEZA,2008-11-01,166.6000,23.6600,95.6012,1.0402,0.2156,0.1407
CMEZA,2008-12-01,37.9000,25.5419,115.4575,0.4665,-0.3805,-0.8287
CMEZA,2009-01-01,260.3000,24.0419,102.5344,-0.2098,0.4281,-0.3512
CMEZA,2009-02-01,126.7000,24.8893,89.4663,-0.3987,0.4667,-0.1432
CMEZA,2009-03-01,37.8000,25.0484,126.2755,-0.4614,-0.0622,-0.1975
CMEZA,2009-04-01,62.6000,22.5700,104.2990,-1.7899,-1.4855,-1.0986
CMEZA,2009-05-01,165.7000,18.3323,71.2108,-1.3657,-1.3768,-0.7938
CMEZA,2009-06-01,113.9000,13.1833,32.2897,-0.3030,-0.6734,-0.7636
CMEZA,2009-07-01,220.9000,12.4290,29.3359,0.8602,-0.5308,-0.0671
CMEZA,2009-08-01,135.3000,17.3065,59.6941,0.7748,-0.3715,0.0675
CMEZA,2009-09-01,215.0000,17.4267,53.6007,1.1271,0.6057,0.3739
CMEZA,2009-10-01,146.3000,21.4677,84.7991,0.5410,0.9827,-0.2537
CMEZA,2009-11-01,394.6000,24.8333,106.9854,1.4680,1.6531,0.3436
CMEZA,2009-12-01,169.9000,25.0000,109.8430,1.0434,1.5804,0.7020
CMEZA,2010-01-01,130.6000,25.4774,117.3315,0.8299,0.9585,0.3253
CMEZA,2010-02-01,126.6000,25.9821,98.8645,-0.4931,0.7850,0.2999
CMEZA,2010-03-01,255.4000,24.4290,119.1362,-0.0688,0.6927,0.8806
CMEZA,2010-04-01,208.5000,20.5133,83.5266,0.4955,0.9242,1.2875
CMEZA,2010-05-01,244.3000,16.1452,53.0024,1.2288,0.5708,1.5157
CMEZA,2010-06-01,77.5000,16.4733,54.1967,0.7327,0.4325,1.3790
CMEZA,2010-07-01,196.3000,14.7258,43.5090,0.8590,0.9475,1.2869
CMEZA,2010-08-01,11.8000,16.0742,50.2765,-0.2850,0.7064,1.0104
CMEZA,2010-09-01,259.7000,18.4367,61.1008,0.6090,0.9335,1.1015
CMEZA,2010-10-01,163.9000,19.5355,68.1044,0.3347,0.8278,1.1847
CMEZA,2010-11-01,93.1000,21.8700,79.6241,0.5853,0.1585,0.4966
CMEZA,2010-12-01,475.9000,23.7065,97.0819,1.3766,1.4552,1.2917
CMEZA,2011-01-01,63.4000,26.4387,127.8803,0.6785,0.6827,1.1043
CMEZA,2011-02-01,141.4000,25.2821,92.7832,0.8390,0.9994,1.1551
CMEZA,2011-03-01,66.4000,25.2839,129.0522,-1.6789,0.0176,0.6596
CMEZA,2011-04-01,142.8000,22.3633,102.0925,-0.9469,-0.2026,0.4408
CMEZA,2011-05-01,32.0000,18.5516,73.2072,-1.5638,-0.4263,-0.1942
CMEZA,2011-06-01,194.4000,15.5633,47.4905,-0.2362,-1.4408,0.1494
CMEZA,2011-07-01,284.6000,15.6097,49.8223,0.7369,-0.1515,0.3698
CMEZA,2011-08-01,62.5000,17.4806,61.1001,0.9290,-0.3433,0.4748
CMEZA,2011-09-01,68.0000,20.1600,75.2066,0.2000,-0.1185,-0.0824
CMEZA,2011-10-01,271.8000,22.7032,96.5783,-0.1109,0.4062,0.1371
CMEZA,2011-11-01,63.3000,24.0400,99.2083,-0.3158,0.4263,0.0014
CMEZA,2011-12-01,70.7000,26.0839,121.2321,-0.5650,-0.3523,-1.2886
CMEZA,2012-01-01,121.4000,25.9484,122.4350,-1.7475,-1.3760,-1.0838
CMEZA,2012-02-01,106.4000,27.0000,111.9627,-1.5196,-1.4081,-1.2584
CMEZA,2012-03-01,67.3000,23.8290,112.4448,-1.4804,-1.5849,-1.2015
CMEZA,2012-04-01,199.1000,20.2067,80.6527,-0.6909,-1.8565,-0.9542
CMEZA,2012-05-01,52.5000,18.4065,71.8825,-0.7755,-1.7766,-0.8862
CMEZA,2012-06-01,129.4000,15.8467,49.5245,-0.0599,-1.1703,-1.0970
CMEZA,2012-07-01,116.5000,14.1452,39.6249,-0.2864,-0.8270,-1.6186
CMEZA,2012-08-01,15.6000,19.2032,76.0187,-0.5207,-1.0674,-1.8334
CMEZA,2012-09-01,69.2000,20.5633,78.7506,-1.0754,-0.9107,-1.8417
CMEZA,2012-10-01,233.5000,22.4645,94.2342,-0.6815,-0.8203,-1.9699
CMEZA,2012-11-01,61.4000,24.1000,99.7848,-0.5500,-0.9027,-1.9788
CMEZA,2012-12-01,311.9000,24.6710,106.5118,0.5777,-0.3711,-1.1116
CMEZA,2013-01-01,110.6000,24.1806,103.9148,-0.0879,-0.6646,-1.0870
CMEZA,2013-02-01,125.2000,23.9464,81.7850,0.3326,-0.2336,-0.9326
CMEZA,2013-03-01,337.8000,21.5806,89.3077,0.5414,0.7604,-0.0663
CMEZA,2013-04-01,218.9000,20.3500,81.9888,1.1282,0.7518,-0.0148
CMEZA,2013-05-01,112.9000,17.2161,61.5365,1.1621,1.0758,0.1794
CMEZA,2013-06-01,120.7000,16.0233,50.8174,0.3458,0.5825,0.1522
CMEZA,2013-07-01,17.8000,14.9452,45.0304,-0.5342,0.4552,-0.1361
CMEZA,2013-08-01,145.0000,13.5774,33.9587,-0.1962,0.7075,0.3336
CMEZA,2013-09-01,128.2000,17.7833,56.1854,-0.1846,0.0350,0.5481
CMEZA,2013-10-01,168.0000,21.5871,85.8991,0.3801,-0.1837,0.3983
CMEZA,2013-11-01,156.1000,23.8300,97.2055,0.1185,-0.1533,0.6516
CMEZA,2013-12-01,73.1000,24.8290,108.1048,-0.4645,-0.5850,0.0112
CMEZA,2014-01-01,137.6000,25.4419,116.9519,-0.8338,-0.3855,0.0498
CMEZA,2014-02-01,93.5000,25.7857,97.1358,-1.2428,-0.8707,-0.0809
CMEZA,2014-03-01,237.8000,22.7903,101.3787,-0.1976,-0.5951,-0.4010
CMEZA,2014-04-01,349.7000,20.5367,83.7476,0.9979,0.1499,-0.0335
CMEZA,2014-05-01,169.7000,17.2032,61.4293,1.4685,0.3405,0.1234
CMEZA,2014-06-01,317.3000,15.9767,50.4740,1.9745,1.4329,0.6448
CMEZA,2014-07-01,194.3000,15.8710,51.7824,1.4966,1.8434,1.0700
CMEZA,2014-08-01,28.8000,18.5387,70.0435,0.8621,1.7184,0.6895
CMEZA,2014-09-01,316.0000,20.2267,75.7860,0.7415,2.0599,1.1089
CMEZA,2014-10-01,81.9000,24.3387,113.5278,-0.1220,1.0498,0.8275
CMEZA,2014-11-01,188.1000,23.2067,91.3972,0.5731,1.0085,0.9221
CMEZA,2014-12-01,454.1000,23.8935,98.8722,1.0916,1.3200,1.8435
CMEZA,2015-01-01,178.9000,24.8419,110.6407,1.5070,1.0590,1.9498
CMEZA,2015-02-01,110.7000,25.5214,94.8373,1.1731,1.2603,1.9931
CMEZA,2015-03-01,124.6000,24.3194,117.8966,-0.5530,0.4109,1.7018
CMEZA,2015-04-01,123.0000,21.2600,90.7647,-0.7701,0.6503,1.1526
CMEZA,2015-05-01,255.9000,18.6419,74.0383,0.1584,0.9611,1.3291
CMEZA,2015-06-01,131.9000,17.7100,64.1281,0.4613,-0.1292,0.8432
CMEZA,2015-07-01,217.9000,15.8129,51.3431,1.0738,0.2573,0.9034
CMEZA,2015-08-01,58.7000,20.9323,92.8867,0.0518,0.0624,0.9209
CMEZA,2015-09-01,99.7000,20.6067,79.1368,-0.2004,0.1168,0.3566
CMEZA,2015-10-01,178.1000,22.2935,92.5756,-0.6658,0.3230,0.6622
CMEZA,2015-11-01,401.0000,22.4467,84.5899,1.1010,0.8254,1.2077
CMEZA,2015-12-01,284.5000,23.8806,98.7482,1.7724,1.2463,0.7900
CMEZA,2016-01-01,92.5000,26.9161,133.3123,1.2658,0.4945,0.5101
CMEZA,2016-02-01,140.5000,26.1172,103.6373,-0.0447,0.7584,0.5647
CMEZA,2016-03-01,142.2000,22.7645,101.1121,-0.8803,0.8333,0.6533
CMEZA,2016-04-01,172.0000,23.3533,112.9076,-0.2882,0.7367,0.7220
CMEZA,2016-05-01,112.0000,16.0935,52.6093,-0.1641,-0.2558,0.4045
CMEZA,2016-06-01,30.1000,13.3633,33.3238,-0.4112,-1.0578,0.2149
CMEZA,2016-07-01,108.7000,15.9452,52.3468,-0.4269,-0.6367,-0.0884
CMEZA,2016-08-01,105.4000,17.5677,61.8101,-0.5184,-0.6083,0.1268
CMEZA,2016-09-01,28.7000,18.1867,59.1922,-0.6806,-0.9156,-0.0138
CMEZA,2016-10-01,248.8000,20.9871,80.4512,-0.0465,-0.4505,0.2131
CMEZA,2016-11-01,152.7000,22.3000,83.3107,0.0887,-0.4091,-0.4833
CMEZA,2016-12-01,167.1000,24.5774,105.5753,0.5446,-0.1452,-0.8579
CMEZA,2017-01-01,169.5000,25.5226,117.8155,-0.0404,-0.1640,-0.5773
CMEZA,2017-02-01,206.3000,24.9500,89.9744,0.2028,0.1245,-0.3439
CMEZA,2017-03-01,255.2000,23.9000,113.2248,0.5952,0.7765,-0.0572
CMEZA,2017-04-01,567.0000,20.1133,79.7894,2.3527,1.8821,1.0603
CMEZA,2017-05-01,372.0000,18.5516,73.2072,2.9663,2.6127,1.6281
CMEZA,2017-06-01,110.9000,16.3433,53.2077,2.6897,2.6009,1.7671
CMEZA,2017-07-01,22.1000,17.1000,61.5855,0.6281,2.3160,1.5474
CMEZA,2017-08-01,181.2000,18.6548,71.0676,-0.3370,2.2963,1.7005
CMEZA,2017-09-01,67.8000,22.2267,94.3576,-0.8366,1.7485,1.7095
CMEZA,2017-10-01,448.8000,20.8806,79.5058,1.2302,1.3480,2.1566
CMEZA,2017-11-01,263.1000,21.9267,80.1045,1.5292,0.9392,2.4004
CMEZA,2017-12-01,140.7000,25.6355,116.4429,1.7294,0.8181,2.3211
CMEZA,2018-01-01,196.9000,24.7323,109.5085,0.5226,1.2703,2.3971
CMEZA,2018-02-01,46.6000,25.0214,90.5743,-0.6913,0.7184,2.0511
CMEZA,2018-03-01,67.4000,24.2968,117.6423,-1.1669,0.6308,1.6189
CMEZA,2018-04-01,0.9000,24.3667,124.6245,-2.9138,-1.4001,0.0884
CMEZA,2018-05-01,163.0000,19.7129,84.3040,-1.8081,-1.8948,-0.5390
CMEZA,2018-06-01,,14.5100,40.3516,-1.7313,-2.2164,-0.8354
CMEZA,2018-07-01,17.7000,15.7581,50.9301,-1.0873,-2.8524,-0.8161
CMEZA,2018-08-01,55.4000,14.5452,39.8526,-1.5262,-2.5323,-1.1125
CMEZA,2018-09-01,140.6000,19.3167,68.0953,-0.7699,-1.9093,-0.8024
CMEZA,2018-10-01,306.7000,20.9452,80.0780,0.6173,-0.3440,-1.2532
CMEZA,2018-11-01,270.8000,23.6800,95.7891,1.3191,0.0434,-1.2793
CMEZA,2018-12-01,125.5000,24.8194,108.0069,1.0865,0.2687,-1.3014
CMEZA,2019-01-01,132.1000,26.7613,131.5365,0.0148,0.3980,-1.5917
CMEZA,2019-02-01,314.5000,24.2464,84.1865,0.2973,1.1828,-0.7107
CMEZA,2019-03-01,102.4000,22.5839,99.2568,0.2255,0.9359,-0.5505
CMEZA,2019-04-01,425.0000,21.5267,93.4331,1.6845,1.3072,0.7000
CMEZA,2019-05-01,413.8000,18.6258,73.8895,2.0985,1.8653,1.3423
CMEZA,2019-06-01,35.1000,18.2633,68.8822,1.9620,1.6948,1.3579
CMEZA,2019-07-01,83.9000,14.1032,39.3523,0.7834,1.8412,1.5402
CMEZA,2019-08-01,74.2000,16.1194,50.6054,-0.8979,1.1351,1.5589
CMEZA,2019-09-01,37.4000,20.4800,78.0107,-0.9414,0.9793,1.2930
CMEZA,2019-10-01,107.9000,23.7355,107.0943,-1.2306,-0.2839,0.7374
CMEZA,2019-11-01,254.0000,24.6133,104.7952,-0.4448,-1.0962,0.6716
CMEZA,2019-12-01,179.9000,24.1903,101.7504,0.1958,-0.6108,0.8255
CMEZA,2020-01-01,256.3000,25.4742,117.2969,0.8543,-0.2202,1.1668
CMEZA,2020-02-01,341.1000,24.2724,87.4105,1.3054,0.6698,1.2232
CMEZA,2020-03-01,123.4000,24.8226,123.6452,0.9703,0.8180,1.2151
CMEZA,2020-04-01,132.5000,19.8567,77.4426,0.5883,1.0138,0.5233
CMEZA,2020-05-01,235.0000,16.1129,52.7565,0.2407,1.1312,0.1024
CMEZA,2020-06-01,339.3000,17.2967,60.7027,1.4897,1.8169,0.9171
CMEZA,2020-07-01,118.1000,14.7097,43.3983,1.5684,1.6017,0.9918
CMEZA,2020-08-01,22.4000,17.5806,61.9157,0.6131,0.5605,0.8347
CMEZA,2020-09-01,28.6000,20.6933,79.9127,-1.2300,0.3677,0.8078
CMEZA,2020-10-01,68.8000,23.2677,102.2525,-2.0421,0.0243,0.7210
CMEZA,2020-11-01,56.0000,24.1367,100.1381,-2.0807,-0.9149,0.2142
CMEZA,2020-12-01,160.8000,24.7226,107.0305,-1.2829,-1.9554,0.1481
CMEZA,2021-01-01,314.2000,24.5452,107.5925,0.1351,-1.3301,0.3302
CMEZA,2021-02-01,31.6000,24.0286,82.4386,0.1006,-1.3820,-0.5242
CMEZA,2021-03-01,142.7000,23.4742,108.5910,-0.0019,-0.9974,-0.4231
CMEZA,2021-04-01,123.7000,20.5567,83.9373,-0.9703,-0.6804,-0.4680
CMEZA,2021-05-01,43.1000,16.5613,56.2322,-0.7336,-0.5494,-1.0645
CMEZA,2021-06-01,144.4000,14.5033,40.3085,-0.3236,-0.3406,-1.6405
CMEZA,2021-07-01,46.1000,14.0774,39.1852,-0.5117,-1.1986,-1.8772
CMEZA,2021-08-01,22.4000,18.4871,69.5910,-0.7148,-1.1822,-1.9045
CMEZA,2021-09-01,153.6000,21.0283,82.9521,-0.9233,-1.0193,-1.4826
CMEZA,2021-10-01,326.2000,20.7855,78.6661,0.4086,-0.1446,-0.5936
CMEZA,2021-11-01,133.9000,23.6667,95.6638,0.8095,0.0596,-0.3513
CMEZA,2021-12-01,6.1000,25.9548,119.8426,-0.0968,-0.8387,-0.8521
CMEZA,2022-01-01,83.7000,27.6903,142.3959,-2.1255,-1.1273,-1.7198
CMEZA,2022-02-01,51.6000,26.3250,101.9236,-2.9648,-1.1414,-1.7180
CMEZA,2022-03-01,425.2000,22.8355,101.8463,0.1253,-0.0746,-0.7770
CMEZA,2022-04-01,374.6000,19.8100,77.0202,1.7063,0.1231,-0.0256
CMEZA,2022-05-01,191.6000,15.4161,47.6047,2.4207,0.5280,0.4002
CMEZA,2022-06-01,57.4000,14.1933,38.3341,1.2628,1.0142,0.1725
CMEZA,2022-07-01,38.7000,18.6194,75.0606,-0.3462,1.0938,0.0541
CMEZA,2022-08-01,95.7000,16.2613,51.6472,-0.9464,1.4233,0.3017
CMEZA,2022-09-01,127.4000,16.8233,49.3857,-0.5832,0.5436,0.3214
CMEZA,2022-10-01,337.6000,19.5871,68.5234,0.9645,0.4363,0.3787
CMEZA,2022-11-01,87.5000,21.4333,75.9774,0.8194,-0.0785,0.3076
CMEZA,2022-12-01,19.8000,25.4677,114.6795,-0.0239,-0.5446,0.3579
CMEZA,2023-01-01,136.1000,25.6161,118.8217,-1.5855,-0.3223,0.5573
CMEZA,2023-02-01,49.9000,24.5107,86.3349,-1.9579,-0.6579,0.5932
CMEZA,2023-03-01,175.0000,24.8839,124.3560,-0.9162,-0.7748,-0.1425
CMEZA,2023-04-01,115.8000,19.9533,78.3218,-0.7893,-1.8306,-0.9127
CMEZA,2023-05-01,123.1000,17.8387,66.8336,-0.2474,-1.6165,-1.1908
CMEZA,2023-06-01,68.6000,16.7700,56.4926,-0.4653,-1.1249,-1.2133
CMEZA,2023-07-01,159.1000,16.8839,59.7913,-0.1202,-0.7655,-0.7862
CMEZA,2023-08-01,144.0000,18.7742,72.1290,-0.0368,-0.3116,-0.7015
CMEZA,2023-09-01,340.2000,21.9433,91.5852,1.0894,0.4658,-0.2012
CMEZA,2023-10-01,,21.4161,84.3260,0.2362,-0.0051,-1.2762
CMEZA,2023-11-01,,23.6333,95.3509,-0.6837,-0.6255,-1.6339
CMEZA,2023-12-01,262.4000,25.2323,112.2297,-1.3224,-0.0589,-0.8378
CONC,2000-01-01,58.4000,29.8806,184.6482,,,
CONC,2000-02-01,62.5000,28.0103,126.9482,,,
CONC,2000-03-01,126.8000,26.8258,149.8327,-1.6427,,
CONC,2000-04-01,28.6000,24.4300,119.2579,-1.3332,,
CONC,2000-05-01,98.6000,19.6065,68.4847,-0.6173,,
CONC,2000-06-01,160.6000,20.2467,73.5538,0.0830,-1.1222,
CONC,2000-07-01,11.5000,14.1548,26.3315,0.5083,-0.5816,
CONC,2000-08-01,57.0000,20.3161,72.9789,0.2545,-0.3574,
CONC,2000-09-01,29.1000,21.1200,72.4014,-0.5523,-0.4504,
CONC,2000-10-01,130.7000,26.3258,136.1500,-0.4889,-0.0665,
CONC,2000-11-01,211.0000,24.6200,100.2533,0.2869,0.2810,
CONC,2000-12-01,138.6000,26.8613,131.4393,0.5622,-0.0633,-0.9824
CONC,2001-01-01,100.7000,28.1258,154.1332,0.3008,-0.2349,-0.7363
CONC,2001-02-01,177.3000,26.5500,104.4682,0.0834,0.1548,-0.2716
CONC,2001-03-01,39.0000,26.7290,148.2253,-0.6608,-0.1327,-0.5634
CONC,2001-04-01,258.4000,24.4433,119.4522,0.5095,0.4847,0.2145
CONC,2001-05-01,18.6000,19.1000,63.3391,-0.1679,-0.1820,-0.0393
CONC,2001-06-01,10.2000,17.8133,50.1926,0.2430,-0.3952,-0.4696
CONC,2001-07-01,4.1000,20.8065,83.1324,-1.2154,-0.5134,-0.6869
CONC,2001-08-01,12.9000,24.0742,121.1129,-1.7677,-1.4039,-0.9987
CONC,2001-09-01,116.4000,23.0967,94.5611,-1.2286,-0.7492,-0.7785
CONC,2001-10-01,89.1000,25.1935,119.4086,-0.8532,-1.6058,-0.8626
CONC,2001-11-01,112.2000,26.1400,119.8806,-0.1750,-1.4098,-1.2627
CONC,2001-12-01,176.0000,25.2806,109.6772,0.0938,-0.8742,-1.0629
CONC,2002-01-01,36.6000,27.7581,148.1963,-0.4106,-1.0343,-1.2593
CONC,2002-02-01,142.4000,26.2679,101.1897,-0.1003,-0.3250,-1.3661
CONC,2002-03-01,143.1000,28.6903,183.1065,-0.8073,-0.6109,-1.1323
CONC,2002-04-01,98.3000,25.4600,134.9008,-0.2966,-0.6406,-1.7247
CONC,2002-05-01,245.2000,22.3903,101.7856,0.3139,0.0434,-1.0898
CONC,2002-06-01,36.8000,18.9167,60.0529,0.4066,-0.3551,-1.0332
CONC,2002-07-01,38.2000,17.1774,46.9177,0.5569,0.1010,-0.7955
CONC,2002-08-01,25.1000,22.3935,97.5865,-0.7645,-0.4046,-0.6747
CONC,2002-09-01,54.2000,23.1067,94.6833,-0.8901,-0.4068,-0.8854
CONC,2002-10-01,169.3000,27.5581,156.0672,-0.7307,-0.1813,-0.7382
CONC,2002-11-01,237.1000,26.2033,120.7496,0.4368,-0.3030,-0.3184
CONC,2002-12-01,100.0000,27.9613,148.1655,0.3948,-0.4166,-0.7059
CONC,2003-01-01,264.4000,27.8129,149.0718,0.9250,0.1343,0.0626
CONC,2003-02-01,359.7000,26.6714,105.9007,1.5611,1.4341,0.7843
CONC,2003-03-01,183.2000,26.0032,136.5334,1.9600,1.7518,1.0790
CONC,2003-04-01,51.1000,22.9867,99.4382,1.2522,1.5285,1.0391
CONC,2003-05-01,56.7000,19.9935,72.5997,-0.1838,1.0297,0.4976
CONC,2003-06-01,62.9000,21.3833,86.5773,-0.6474,1.1241,0.4962
CONC,2003-07-01,54.1000,18.6226,59.7090,-0.3598,0.6477,0.5067
CONC,2003-08-01,29.7000,17.6774,48.1798,-0.3766,-0.5326,0.6902
CONC,2003-09-01,100.9000,22.5467,87.9981,-0.1442,-0.6915,0.8716
CONC,2003-10-01,141.3000,24.9194,115.5717,0.0455,-0.3469,0.9141
CONC,2003-11-01,260.9000,26.1500,120.0176,0.9053,0.3379,0.9976
CONC,2003-12-01,198.2000,26.6194,127.9376,1.1812,0.7233,1.4006
CONC,2004-01-01,86.8000,28.4452,159.4156,0.6985,0.4502,0.7612
CONC,2004-02-01,117.0000,26.9276,112.8569,-0.0646,0.5433,-0.0861
CONC,2004-03-01,74.8000,25.9935,136.3818,-0.9527,0.2327,-0.4528
CONC,2004-04-01,313.1000,25.2000,130.8308,0.6274,0.8732,0.3289
CONC,2004-05-01,127.1000,17.0129,44.8419,1.0198,0.6388,0.6622
CONC,2004-06-01,173.7000,19.6300,67.0676,1.7758,0.7849,1.1052
CONC,2004-07-01,47.6000,18.2839,56.5260,0.9075,1.0351,1.0940
CONC,2004-08-01,1.2000,19.3645,63.2436,0.1365,0.7750,0.9458
CONC,2004-09-01,6.8000,23.1167,94.8057,-1.1769,0.6689,0.6028
CONC,2004-10-01,160.4000,24.7710,113.5299,-0.7553,0.1042,0.6746
CONC,2004-11-01,429.9000,24.6900,101.1064,1.4138,1.1066,1.3138
CONC,2004-12-01,112.1000,26.8613,131.4393,1.7132,0.6088,1.0088
CONC,2005-01-01,245.5000,27.2258,139.8756,1.9571,1.0626,1.6157
CONC,2005-02-01,29.7000,26.8036,107.4744,-0.0240,1.0017,1.3367
CONC,2005-03-01,6.5000,27.2387,156.8214,-0.8960,0.7560,1.0346
CONC,2005-04-01,197.5000,23.8433,110.9125,-1.0399,0.9133,0.7093
CONC,2005-05-01,83.6000,21.7774,93.6938,-0.5504,-0.5325,0.3957
CONC,2005-06-01,94.6000,21.2800,85.3346,0.4186,-0.4003,0.0653
CONC,2005-07-01,52.7000,17.5032,49.6239,-0.0618,-0.8848,0.1060
CONC,2005-08-01,28.0000,21.8194,90.3069,-0.3910,-0.8098,0.1051
CONC,2005-09-01,127.2000,18.6733,50.1368,0.0318,0.2190,0.6655
CONC,2005-10-01,174.0000,23.6774,99.2173,0.4392,0.1686,0.7603
CONC,2005-11-01,352.9000,25.2933,108.6605,1.8794,1.1938,0.4731
CONC,2005-12-01,92.6000,26.6419,128.2617,1.3945,1.0212,0.4177
CONC,2006-01-01,26.3000,28.5452,161.0941,0.3527,0.4694,-0.3974
CONC,2006-02-01,40.8000,28.3143,126.5831,-2.0526,0.3718,-0.4245
CONC,2006-03-01,133.1000,27.3065,157.9883,-1.9439,-0.0652,0.0004
CONC,2006-04-01,107.0000,23.9433,112.3066,-0.8481,-0.4255,-0.3110
CONC,2006-05-01,69.2000,18.0097,53.1477,-0.1625,-1.5520,-0.2224
CONC,2006-06-01,49.0000,20.8867,80.7129,-0.2051,-1.5310,-0.3612
CONC,2006-07-01,34.6000,21.3742,90.0876,-0.5322,-1.1217,-0.5595
CONC,2006-08-01,52.3000,21.0452,81.0764,-0.8480,-0.8404,-0.4460
CONC,2006-09-01,94.3000,22.3867,86.1474,-0.5659,-0.6819,-0.6792
CONC,2006-10-01,185.0000,26.2452,134.9090,0.1004,-0.4231,-0.7627
CONC,2006-11-01,176.1000,25.3367,109.2170,0.6289,-0.1927,-1.3619
CONC,2006-12-01,142.9000,28.2774,153.2213,0.5314,-0.0977,-1.2763
CONC,2007-01-01,384.0000,28.1645,154.7672,1.4055,1.0756,-0.0449
CONC,2007-02-01,125.2000,27.2286,112.6408,1.1558,1.2336,0.2887
CONC,2007-03-01,151.4000,27.2355,156.7660,1.1791,1.1823,0.3549
CONC,2007-04-01,204.0000,24.6033,121.8010,0.4384,1.3038,0.6521
CONC,2007-05-01,43.3000,17.8419,51.6839,0.3231,1.0162,0.5691
CONC,2007-06-01,0.0000,19.2667,63.4304,-0.0127,0.8076,0.4614
CONC,2007-07-01,7.9000,16.4226,41.0288,-0.7680,-0.3039,0.5373
CONC,2007-08-01,4.5000,18.3774,54.1005,-1.0759,-0.5905,0.4666
CONC,2007-09-01,4.7000,26.0600,135.5744,-1.6416,-1.2030,-0.0051
CONC,2007-10-01,82.7000,27.5774,156.3946,-2.0314,-2.0401,-0.4245
CONC,2007-11-01,258.9000,24.9067,103.7776,-0.3876,-1.1644,-0.1256
CONC,2007-12-01,135.7000,27.0290,133.9043,0.4047,-0.8417,-0.0845
CONC,2008-01-01,310.9000,27.3097,141.1655,1.5858,0.0856,-0.2861
CONC,2008-02-01,260.7000,26.4000,106.3850,1.5823,0.9244,0.1944
CONC,2008-03-01,103.9000,25.7935,133.2739,1.4452,1.3140,0.1130
CONC,2008-04-01,81.0000,22.9300,98.7084,0.5345,1.5220,-0.2257
CONC,2008-05-01,37.0000,19.5129,67.5141,-0.5761,0.8133,-0.3006
CONC,2008-06-01,73.2000,16.4767,39.7682,-0.1665,0.9381,0.0276
CONC,2008-07-01,32.5000,21.5903,92.8337,-0.4401,-0.0129,-0.0646
CONC,2008-08-01,45.6000,20.8935,79.3456,-0.4616,-0.8799,-0.0109
CONC,2008-09-01,39.1000,20.6667,67.8613,-0.8987,-0.8769,0.3355
CONC,2008-10-01,203.1000,25.3129,121.1049,0.0416,-0.4059,0.8643
CONC,2008-11-01,214.1000,26.1367,119.8350,0.7445,0.1475,0.6575
CONC,2008-12-01,137.7000,27.4290,139.9058,0.8783,-0.0068,0.6439
CONC,2009-01-01,246.1000,26.3000,126.1534,1.0634,0.7465,0.4748
CONC,2009-02-01,133.2000,27.3607,114.2802,0.6889,0.9548,0.0154
CONC,2009-03-01,51.3000,27.2613,157.2098,0.1208,0.6480,-0.2440
CONC,2009-04-01,3.2000,24.4567,119.6468,-1.5504,-0.1953,-0.5783
CONC,2009-05-01,148.5000,21.7419,93.2389,-1.2423,-0.3716,-0.2879
CONC,2009-06-01,47.2000,16.8833,42.7699,-0.4357,-0.3413,-0.3861
CONC,2009-07-01,82.0000,16.7935,43.8573,0.4841,-0.7225,-0.0525
CONC,2009-08-01,14.6000,20.3387,73.2213,-0.1743,-1.1017,-0.1368
CONC,2009-09-01,73.7000,21.4800,76.1473,-0.2174,-0.5997,-0.0476
CONC,2009-10-01,138.9000,25.1581,118.9074,-0.3331,0.0174,-0.2577
CONC,2009-11-01,80.3000,29.9667,180.2315,-0.6091,-0.6884,-0.9148
CONC,2009-12-01,267.3000,27.6484,143.2717,0.1852,-0.1392,-0.4878
CONC,2010-01-01,202.5000,27.9774,151.7189,0.3588,-0.0833,-0.7218
CONC,2010-02-01,187.5000,28.5571,129.8512,1.1605,0.4145,-0.5908
CONC,2010-03-01,207.9000,27.0548,153.6831,0.8212,0.6469,-0.0485
CONC,2010-04-01,37.7000,23.4933,106.1238,0.1815,0.2814,0.1143
CONC,2010-05-01,135.0000,18.2548,55.3363,0.3064,1.0084,0.1971
CONC,2010-06-01,12.0000,20.1933,72.9770,-0.3895,0.2585,-0.0247
CONC,2010-07-01,48.1000,17.8774,52.8578,0.0085,0.0200,-0.1701
CONC,2010-08-01,0.8000,19.4710,64.2869,-0.9464,-0.5253,-0.1866
CONC,2010-09-01,121.4000,22.0433,82.2640,-0.2565,-0.5958,-0.0457
CONC,2010-10-01,162.4000,22.3677,83.7206,0.2437,0.0673,0.1533
CONC,2010-11-01,180.2000,23.9767,92.6357,1.0316,0.1015,0.7899
CONC,2010-12-01,148.2000,27.7710,145.1758,0.8544,0.3731,0.3789
CONC,2011-01-01,120.6000,27.8516,149.6918,0.2841,0.2709,0.1079
CONC,2011-02-01,238.7000,26.6464,105.6047,0.5334,1.0646,0.3639
CONC,2011-03-01,166.5000,25.9839,136.2304,0.6765,1.0303,0.2826
CONC,2011-04-01,74.5000,24.0333,113.5713,0.6246,0.5617,0.3823
CONC,2011-05-01,59.0000,19.8065,70.5908,-0.2015,0.1465,0.0726
CONC,2011-06-01,39.2000,18.1833,53.3687,-0.4895,0.0725,0.2314
CONC,2011-07-01,67.5000,18.6645,60.1112,-0.1888,0.2289,0.2726
CONC,2011-08-01,28.5000,20.0355,70.0112,-0.3800,-0.5482,0.3472
CONC,2011-09-01,76.0000,21.8633,80.2753,-0.3158,-0.7112,0.1999
CONC,2011-10-01,101.1000,25.0871,117.9091,-0.4746,-0.6058,-0.1239
CONC,2011-11-01,195.3000,25.7100,114.0906,0.2764,-0.1807,-0.1454
CONC,2011-12-01,111.4000,26.8516,131.2981,0.1876,-0.2063,-0.2231
CONC,2012-01-01,150.3000,28.0355,152.6606,0.2698,-0.2501,-0.1325
CONC,2012-02-01,217.3000,27.7724,123.7569,0.3388,0.3365,-0.2665
CONC,2012-03-01,282.3000,25.3710,126.8626,1.2267,0.9820,0.1578
CONC,2012-04-01,201.5000,23.3167,103.7598,1.6723,1.4178,0.6222
CONC,2012-05-01,34.2000,20.8742,82.5667,1.0288,0.9233,0.4973
CONC,2012-06-01,100.0000,18.8867,59.7692,0.4396,1.1561,0.6821
CONC,2012-07-01,59.8000,17.0032,45.5119,-0.0382,1.2195,0.7055
CONC,2012-08-01,4.4000,22.3968,97.6285,-0.3179,0.4808,0.5298
CONC,2012-09-01,13.3000,24.0533,106.7377,-1.2855,-0.6143,0.2272
CONC,2012-10-01,161.7000,26.5323,139.3615,-1.2199,-0.9776,0.3600
CONC,2012-11-01,189.9000,26.4700,124.4543,-0.1101,-0.4354,0.3065
CONC,2012-12-01,81.3000,29.0161,165.4799,-0.0536,-1.0300,0.0884
CONC,2013-01-01,71.9000,28.2000,155.3499,-0.7482,-1.5315,-0.1864
CONC,2013-02-01,122.7000,28.2821,126.1547,-1.2749,-1.0696,-0.5149
CONC,2013-03-01,163.4000,25.6935,131.7377,-0.4257,-0.4690,-0.9335
CONC,2013-04-01,345.6000,23.0967,100.8652,1.3475,0.5000,-0.4363
CONC,2013-05-01,143.3000,20.8355,82.1106,1.6331,0.4825,-0.0652
CONC,2013-06-01,212.8000,19.1500,62.2909,2.1228,1.4011,0.3088
CONC,2013-07-01,1.2000,18.6323,59.8017,0.7730,1.4931,0.0616
CONC,2013-08-01,7.9000,17.4355,46.2384,0.2393,1.3637,0.2478
CONC,2013-09-01,31.5000,22.2300,84.3606,-1.1043,1.0423,0.3855
CONC,2013-10-01,257.5000,24.2516,106.5725,0.2742,0.6715,0.8223
CONC,2013-11-01,172.8000,26.3000,122.0840,0.7511,0.6291,0.7722
CONC,2013-12-01,164.7000,28.1903,151.8171,1.0755,0.0520,1.1023
CONC,2014-01-01,118.3000,27.5484,144.8802,0.1444,0.1898,1.2958
CONC,2014-02-01,65.7000,28.1179,123.9802,-0.5378,0.1043,1.1092
CONC,2014-03-01,146.6000,25.3065,125.9022,-0.4851,0.4157,1.0719
CONC,2014-04-01,340.0000,24.1000,114.5141,0.9466,0.7202,1.0064
CONC,2014-05-01,99.3000,20.2484,75.3966,1.3345,0.6119,0.8796
CONC,2014-06-01,288.0000,19.4333,65.0821,2.1851,1.4270,1.1259
CONC,2014-07-01,112.9000,19.5710,69.2507,1.4264,1.6840,1.4741
CONC,2014-08-01,13.5000,21.8419,90.5861,0.9543,1.6159,1.3421
CONC,2014-09-01,121.1000,25.3667,125.0909,-0.3096,1.5257,1.5085
CONC,2014-10-01,11.3000,27.8710,161.4158,-1.8051,0.0283,0.4846
CONC,2014-11-01,193.4000,25.8267,115.6427,-0.5676,0.2595,0.5765
CONC,2014-12-01,41.9000,27.8161,145.8816,-1.3183,-1.2567,0.1798
CONC,2015-01-01,82.4000,28.6452,162.7842,-0.7799,-1.9198,-0.0027
CONC,2015-02-01,180.3000,27.4464,115.3521,-0.8734,-1.1652,0.4154
CONC,2015-03-01,65.4000,26.0355,137.0396,-0.6416,-1.5151,0.1021
CONC,2015-04-01,162.2000,24.4700,119.8416,0.1366,-0.5588,-0.5184
CONC,2015-05-01,187.9000,21.0032,84.0993,0.3568,-0.4379,-0.2478
CONC,2015-06-01,57.3000,21.1533,83.8276,0.6001,-0.0888,-1.0917
CONC,2015-07-01,136.3000,19.4194,67.6618,0.7364,0.5445,-1.0072
CONC,2015-08-01,24.2000,24.0129,120.1950,-0.4167,-0.1415,-1.0711
CONC,2015-09-01,189.7000,23.8667,104.2845,0.2648,0.5285,-0.7689
CONC,2015-10-01,269.9000,25.1677,119.0439,0.7075,0.9628,0.2506
CONC,2015-11-01,405.1000,25.7667,114.8428,2.3933,1.6633,0.9724
CONC,2015-12-01,398.7000,27.7452,144.7736,2.9987,2.6281,2.1921
CONC,2016-01-01,195.3000,28.3097,157.1601,2.6003,2.5277,2.5971
CONC,2016-02-01,252.8000,27.8793,125.1840,1.9758,3.2420,2.8114
CONC,2016-03-01,117.7000,24.9290,120.3807,0.8234,2.9665,3.0474
CONC,2016-04-01,56.8000,25.4033,134.0067,0.2061,2.2165,2.6383
CONC,2016-05-01,165.5000,18.1581,54.4653,0.1102,1.5841,2.6630
CONC,2016-06-01,9.9000,15.0267,30.2088,0.0061,0.5240,2.6843
CONC,2016-07-01,27.4000,18.6226,59.7090,0.2668,0.2298,2.3393
CONC,2016-08-01,68.1000,20.7129,77.3157,-0.4695,-0.3727,2.6359
CONC,2016-09-01,83.6000,20.0333,61.8414,-0.1976,-0.2618,2.4183
CONC,2016-10-01,114.7000,24.7871,113.7506,0.0059,0.0831,1.9064
CONC,2016-11-01,100.8000,25.0900,106.0741,0.0294,-0.4356,0.8999
CONC,2016-12-01,331.1000,26.8613,131.4393,0.9829,0.5198,0.7155
CONC,2017-01-01,132.5000,28.3194,157.3205,0.8559,0.5505,0.5016
CONC,2017-02-01,40.0000,27.5786,117.0175,0.4840,0.2685,-0.1925
CONC,2017-03-01,65.5000,27.1323,154.9994,-1.4449,-0.2158,-0.4865
CONC,2017-04-01,135.9000,23.0567,100.3447,-0.9595,-0.0621,-0.1046
CONC,2017-05-01,115.1000,21.8323,94.3997,-0.2828,0.0514,-0.4106
CONC,2017-06-01,57.9000,19.4733,65.4827,0.2115,-0.9014,-0.3675
CONC,2017-07-01,0.7000,19.6968,70.5878,-0.4358,-1.1247,-0.4947
CONC,2017-08-01,39.1000,23.0516,106.3973,-1.0651,-1.0760,-0.6912
CONC,2017-09-01,34.5000,24.6000,114.1423,-1.6710,-1.0269,-1.0341
CONC,2017-10-01,100.0000,25.5355,124.3110,-1.2763,-1.3300,-1.1194
CONC,2017-11-01,186.0000,25.1467,106.7907,-0.2288,-1.0337,-0.8339
CONC,2017-12-01,149.7000,27.6484,143.2717,0.2832,-0.9644,-1.4865
CONC,2018-01-01,190.3000,27.3548,141.8634,0.6755,-0.4024,-1.2393
CONC,2018-02-01,208.8000,26.5179,104.0912,0.8058,0.3508,-0.6250
CONC,2018-03-01,160.0000,25.8290,133.8218,0.9044,0.7831,-0.2334
CONC,2018-04-01,28.4000,25.7100,138.8929,0.0470,0.4327,-0.7278
CONC,2018-05-01,154.0000,21.7645,93.5282,-0.2232,0.3546,-0.5932
CONC,2018-06-01,13.9000,17.3467,46.3693,-0.6098,0.1902,-0.6774
CONC,2018-07-01,2.1000,18.0226,54.1491,-0.2244,-0.2501,-0.6171
CONC,2018-08-01,29.7000,17.2452,44.7483,-0.7295,-0.8080,-0.4402
CONC,2018-09-01,157.6000,22.7700,90.6253,-0.0762,-0.6135,0.0565
CONC,2018-10-01,309.4000,24.6097,111.3378,1.2423,0.7243,0.8115
CONC,2018-11-01,263.3000,26.3133,122.2688,1.9204,1.0417,1.0217
CONC,2018-12-01,63.5000,27.7065,144.1716,1.2812,0.8532,0.7256
CONC,2019-01-01,153.2000,29.5742,179.0536,0.1298,0.9561,0.4732
CONC,2019-02-01,126.0000,27.9643,121.9701,-0.7504,1.0304,0.1316
CONC,2019-03-01,310.2000,26.0742,137.6486,0.7610,1.4307,0.6284
CONC,2019-04-01,237.2000,24.6533,122.5413,1.4299,1.1159,1.3942
CONC,2019-05-01,136.7000,21.9581,96.0325,1.5911,0.7220,1.3268
CONC,2019-06-01,26.2000,21.3167,85.7742,0.4729,0.8063,1.2345
CONC,2019-07-01,22.1000,17.2484,47.4986,-0.3541,0.8081,1.3253
CONC,2019-08-01,6.4000,19.8871,68.4750,-1.0828,0.5414,1.1652
CONC,2019-09-01,14.8000,24.1033,107.4013,-1.3494,-0.6216,0.6226
CONC,2019-10-01,61.4000,26.5129,139.0583,-1.8160,-1.5854,-0.3126
CONC,2019-11-01,218.9000,28.5667,156.2483,-0.7872,-1.4688,-0.5780
CONC,2019-12-01,238.8000,26.3742,124.4529,0.4922,-0.6047,0.0827
CONC,2020-01-01,227.9000,28.3419,157.6952,1.2294,-0.1672,0.4086
CONC,2020-02-01,47.3000,27.7138,122.9789,0.5432,-0.2280,0.1381
CONC,2020-03-01,19.8000,27.7000,164.8817,-1.1103,-0.4671,-0.9373
CONC,2020-04-01,61.7000,22.8533,97.7266,-2.0582,-0.2769,-1.4462
CONC,2020-05-01,82.6000,19.5710,68.1154,-1.2385,-0.4973,-1.5346
CONC,2020-06-01,78.5000,20.8833,80.6745,-0.2224,-1.0573,-1.3409
CONC,2020-07-01,18.2000,19.4613,68.0989,-0.3106,-1.6808,-1.4236
CONC,2020-08-01,108.6000,21.5194,86.6515,-0.2629,-1.1702,-1.1399
CONC,2020-09-01,19.6000,23.6933,102.0403,-0.8073,-0.8598,-1.1056
CONC,2020-10-01,117.5000,26.6226,140.7822,-0.6187,-0.7981,-0.9218
CONC,2020-11-01,161.0000,25.8233,115.5982,-0.4594,-0.6505,-0.9801
CONC,2020-12-01,139.7000,27.4839,140.7423,0.0510,-0.6451,-1.3698
CONC,2021-01-01,674.9000,27.2419,140.1230,2.5887,1.7452,0.2022
CONC,2021-02-01,75.9000,26.3107,101.6832,2.3228,1.5724,0.3715
CONC,2021-03-01,51.5000,25.8355,133.9216,2.0036,1.5724,0.5843
CONC,2021-04-01,100.0000,23.4633,105.7199,-0.8330,1.6364,0.6872
CONC,2021-05-01,16.3000,20.4355,77.4949,-1.1007,1.2413,0.4302
CONC,2021-06-01,50.7000,18.2100,53.6026,-0.5231,1.2342,0.4277
CONC,2021-07-01,14.1000,17.7419,51.6712,-0.7445,-1.2661,0.4696
CONC,2021-08-01,14.8000,21.2516,83.4734,-0.7983,-1.4890,0.1620
CONC,2021-09-01,18.0000,26.6350,144.6992,-1.8219,-1.7264,0.0119
CONC,2021-10-01,215.8000,26.1806,133.9216,-0.8299,-1.2639,0.3687
CONC,2021-11-01,143.5000,27.4467,138.6672,-0.3261,-0.9331,0.2310
CONC,2021-12-01,64.2000,28.9403,164.1930,-0.1571,-1.4246,-0.1045
CONC,2022-01-01,56.3000,31.9258,224.9865,-2.1316,-2.1446,-2.4794
CONC,2022-02-01,49.8000,29.8679,148.4611,-3.4803,-2.3200,-2.7244
CONC,2022-03-01,120.2000,27.5548,162.3163,-2.6516,-1.8361,-2.5890
CONC,2022-04-01,35.9000,26.1000,145.2761,-1.9907,-2.9828,-2.9372
CONC,2022-05-01,79.7000,18.6097,58.6088,-0.9553,-2.8774,-2.6608
CONC,2022-06-01,70.4000,17.1500,44.8178,-0.4753,-2.1148,-2.5650
CONC,2022-07-01,7.4000,22.7032,107.8583,-0.4161,-1.7328,-2.7764
CONC,2022-08-01,114.7000,20.0710,70.3819,-0.2657,-0.9913,-2.3965
CONC,2022-09-01,39.0000,19.9267,60.8638,-0.5789,-0.8919,-2.0437
CONC,2022-10-01,178.4000,22.5710,86.0114,0.5749,0.0361,-2.0083
CONC,2022-11-01,150.6000,24.0133,93.0592,0.6443,0.1931,-1.8307
CONC,2022-12-01,21.1000,28.5968,158.4440,0.0005,-0.5330,-1.9565
CONC,2023-01-01,145.9000,28.5323,160.8768,-0.6956,-0.1441,-1.4383
CONC,2023-02-01,265.2000,26.0000,98.1412,0.0134,0.3842,-0.5403
CONC,2023-03-01,151.4000,26.3903,142.6896,0.8119,0.5108,-0.3683
CONC,2023-04-01,136.9000,23.2967,103.4944,1.0498,0.2648,0.1156
CONC,2023-05-01,94.5000,20.8194,81.9210,0.2457,0.0724,0.0867
CONC,2023-06-01,57.2000,19.6433,67.2037,0.1384,0.6065,-0.0339
CONC,2023-07-01,5.5000,21.0871,86.5240,-0.5819,0.3336,0.0319
CONC,2023-08-01,37.9000,23.6387,114.6909,-1.2482,-0.7585,-0.3784
CONC,2023-09-01,34.8000,26.4233,141.2942,-2.1364,-1.3316,-0.6648
CONC,2023-10-01,134.8000,28.1677,166.5999,-1.6551,-1.6762,-1.0847
CONC,2023-11-01,156.7000,29.6300,174.2554,-1.1520,-1.8412,-1.3383
CONC,2023-12-01,110.6000,29.4290,172.6076,-0.8144,-2.1350,-1.0839
COVIE,2000-01-01,127.6000,26.4839,128.7203,,,
COVIE,2000-02-01,60.3000,25.9448,101.8205,,,
COVIE,2000-03-01,130.0000,24.6742,120.2168,-0.9616,,
COVIE,2000-04-01,52.6000,22.3633,98.3378,-1.2817,,
COVIE,2000-05-01,191.1000,17.1839,55.4459,-0.1117,,
COVIE,2000-06-01,182.6000,18.4233,64.6704,0.4974,-0.4116,
COVIE,2000-07-01,55.5000,12.4839,24.8662,0.8931,-0.2501,
COVIE,2000-08-01,74.2000,18.8516,67.3630,0.2099,-0.0085,
COVIE,2000-09-01,61.3000,19.7100,66.7119,-0.5287,-0.0839,
COVIE,2000-10-01,225.7000,23.6871,104.0754,0.0253,0.7218,
COVIE,2000-11-01,158.2000,23.2367,89.1054,0.3756,0.4077,
COVIE,2000-12-01,166.8000,25.0452,109.1365,0.7106,0.1162,-0.1681
COVIE,2001-01-01,88.4000,26.4194,127.9187,-0.1862,-0.2322,-0.3357
COVIE,2001-02-01,273.5000,26.0536,99.3682,0.4135,0.5827,0.5038
COVIE,2001-03-01,161.3000,25.1226,125.8920,0.2915,0.7736,0.5903
COVIE,2001-04-01,135.9000,23.0933,106.7705,0.6602,0.3368,0.8312
COVIE,2001-05-01,50.1000,16.9000,53.1300,-0.3433,-0.0150,0.3706
COVIE,2001-06-01,128.4000,16.5500,49.1388,-0.0782,0.0914,0.2299
COVIE,2001-07-01,75.7000,18.1194,64.5675,-0.1855,0.3374,0.1565
COVIE,2001-08-01,51.8000,21.1516,90.4638,-0.4042,-0.7320,-0.0218
COVIE,2001-09-01,216.9000,19.8700,68.1078,0.0149,-0.1502,0.5457
COVIE,2001-10-01,57.3000,22.9097,95.5492,-0.2795,-0.4924,-0.0448
COVIE,2001-11-01,176.5000,24.7100,104.3010,0.3615,-0.1110,-0.0322
COVIE,2001-12-01,189.2000,24.3258,101.2867,0.0184,-0.0679,0.0879
COVIE,2002-01-01,152.0000,25.2387,113.7834,0.4463,0.0660,0.3768
COVIE,2002-02-01,109.3000,24.5393,85.2392,0.1806,0.3705,-0.2076
COVIE,2002-03-01,110.7000,27.0161,151.6458,-0.5979,-0.5754,-0.5564
COVIE,2002-04-01,75.4000,23.8467,115.9201,-1.1352,-0.5872,-0.9194
COVIE,2002-05-01,172.1000,21.1161,93.9919,-0.7605,-0.5566,-0.5010
COVIE,2002-06-01,112.1000,17.4300,56.1116,-0.1482,-0.7232,-0.6144
COVIE,2002-07-01,58.4000,15.6581,44.4236,0.1686,-0.8514,-0.6002
COVIE,2002-08-01,90.5000,20.3742,82.1901,-0.2405,-0.9355,-0.3772
COVIE,2002-09-01,90.3000,19.7033,66.6542,-0.4406,-0.5946,-1.0192
COVIE,2002-10-01,93.7000,24.4194,112.5161,-0.6513,-0.4823,-0.9084
COVIE,2002-11-01,326.6000,24.0967,97.7979,0.6339,0.2693,-0.1541
COVIE,2002-12-01,123.6000,26.5129,126.2759,0.4946,-0.0177,-0.5645
COVIE,2003-01-01,101.6000,26.7968,132.6516,0.4287,-0.2427,-0.9266
COVIE,2003-02-01,350.2000,25.7536,96.4639,0.5622,0.9360,0.1268
COVIE,2003-03-01,28.6000,24.8032,121.8336,0.0623,0.3889,-0.0811
COVIE,2003-04-01,113.6000,21.2867,86.6631,0.3872,0.6059,0.1846
COVIE,2003-05-01,13.2000,18.0129,62.5577,-1.5730,-0.7789,-0.3391
COVIE,2003-06-01,88.2000,19.7100,76.8776,-0.8125,-0.7051,-0.5477
COVIE,2003-07-01,33.7000,16.9484,54.4125,-1.1449,-0.6510,-0.7216
COVIE,2003-08-01,46.0000,15.6581,41.8747,-0.7733,-2.0372,-0.7434
COVIE,2003-09-01,69.4000,20.6167,74.8567,-0.8870,-1.5297,-0.9002
COVIE,2003-10-01,280.9000,22.9290,95.7561,0.3674,-0.6700,0.0451
COVIE,2003-11-01,180.1000,23.5267,91.9815,0.8102,0.0283,-0.5706
COVIE,2003-12-01,347.7000,24.6774,105.0790,1.9635,1.1187,0.4330
COVIE,2004-01-01,59.6000,26.3871,127.5190,0.7848,0.9039,0.3016
COVIE,2004-02-01,106.6000,24.7828,90.5444,0.4053,0.9585,-0.7178
COVIE,2004-03-01,39.5000,24.3839,116.6270,-1.6790,0.6265,-0.6357
COVIE,2004-04-01,168.6000,23.5900,112.7512,-0.7730,0.0039,-0.4945
COVIE,2004-05-01,166.9000,15.6839,43.8801,-0.0996,0.1751,0.2270
COVIE,2004-06-01,79.7000,17.8967,60.0403,0.4473,-0.9643,0.2579
COVIE,2004-07-01,88.5000,16.9774,54.6516,0.3274,-0.4304,0.4530
COVIE,2004-08-01,10.0000,18.1387,61.0294,-0.7216,-0.7796,0.2557
COVIE,2004-09-01,26.1000,20.9267,77.7736,-1.2183,-0.6459,0.0804
COVIE,2004-10-01,223.2000,22.4774,90.9994,-0.5451,-0.2538,-0.1336
COVIE,2004-11-01,291.5000,23.0033,86.8315,0.8981,0.1516,0.3192
COVIE,2004-12-01,138.9000,24.8968,107.4880,1.3018,0.2088,-0.5605
COVIE,2005-01-01,146.7000,26.2161,125.4135,0.7569,0.1476,-0.1565
COVIE,2005-02-01,24.7000,25.3321,92.4723,-0.8394,0.0656,-0.5344
COVIE,2005-03-01,54.1000,25.1871,126.7217,-1.6002,-0.0378,-0.5128
COVIE,2005-04-01,164.8000,22.0233,94.5538,-1.2277,-0.3491,-0.4446
COVIE,2005-05-01,301.0000,20.4452,86.5309,0.5201,-0.2993,-0.0466
COVIE,2005-06-01,98.1000,20.2200,82.0760,0.9755,-0.3776,-0.0614
COVIE,2005-07-01,21.3000,16.1000,47.7062,0.4773,-0.6236,-0.3188
COVIE,2005-08-01,21.1000,20.4468,82.9422,-1.2430,-0.5927,-0.3675
COVIE,2005-09-01,136.6000,16.5100,42.3776,-0.6984,0.2442,0.2301
COVIE,2005-10-01,258.3000,21.7581,83.7253,0.4927,0.7394,0.3840
COVIE,2005-11-01,95.3000,24.2300,99.1900,0.7954,-0.3213,-0.4612
COVIE,2005-12-01,36.2000,25.3774,112.8834,-0.1457,-0.8020,-1.0256
COVIE,2006-01-01,82.4000,27.4452,141.0287,-1.7618,-0.9739,-1.5468
COVIE,2006-02-01,118.0000,25.9393,98.2556,-1.5723,-0.5436,-0.9815
COVIE,2006-03-01,353.4000,25.0677,125.1893,0.3975,0.1304,0.3547
COVIE,2006-04-01,129.1000,21.6233,90.2173,0.9063,-0.5524,0.2405
COVIE,2006-05-01,17.4000,15.9419,45.7532,0.6606,-0.6799,-0.8330
COVIE,2006-06-01,82.1000,19.2367,72.2371,-0.6040,-0.2351,-0.8666
COVIE,2006-07-01,42.2000,19.5871,78.8237,-1.1188,-0.1247,-0.9233
COVIE,2006-08-01,108.4000,18.5581,64.7089,-0.6265,-0.0056,-0.3902
COVIE,2006-09-01,188.0000,19.5900,65.6766,0.0620,-0.5413,-0.2643
COVIE,2006-10-01,197.3000,24.3097,111.2263,0.7297,-0.2996,-0.6820
COVIE,2006-11-01,149.8000,23.6000,92.7177,0.7984,0.1259,-0.3876
COVIE,2006-12-01,178.1000,26.9258,131.3744,0.4005,0.3049,0.1285
COVIE,2007-01-01,246.1000,26.4065,127.7587,0.5735,1.0300,0.7456
COVIE,2007-02-01,186.9000,25.6250,95.2352,0.7536,1.2462,0.9676
COVIE,2007-03-01,240.6000,25.7097,133.5655,1.0558,1.1777,0.5850
COVIE,2007-04-01,148.6000,23.0800,106.6127,0.6707,0.9780,0.5953
COVIE,2007-05-01,232.0000,16.1097,46.9964,1.1384,1.5488,1.2425
COVIE,2007-06-01,4.1000,17.4467,56.2491,0.3181,1.1099,1.0659
COVIE,2007-07-01,21.5000,14.6290,37.3248,-0.0097,0.4888,1.1261
COVIE,2007-08-01,15.8000,16.0903,44.8998,-1.4290,-0.0986,0.9111
COVIE,2007-09-01,28.9000,23.3133,102.5580,-1.5960,-1.0359,0.2571
COVIE,2007-10-01,226.5000,24.1548,109.4207,-0.6435,-0.6371,0.3695
COVIE,2007-11-01,281.2000,22.4000,81.1172,0.6853,-0.5587,0.8437
COVIE,2007-12-01,148.2000,25.7419,117.0831,1.2069,-0.1348,0.7950
COVIE,2008-01-01,74.7000,25.8806,121.3438,0.3715,-0.2899,0.2327
COVIE,2008-02-01,123.0000,25.2000,94.5004,-0.6524,-0.0017,-0.0113
COVIE,2008-03-01,115.6000,24.5161,118.2542,-0.8785,0.3444,-0.4894
COVIE,2008-04-01,134.3000,20.5667,79.3521,-0.2252,0.0421,-0.4285
COVIE,2008-05-01,49.1000,17.2935,56.3568,-0.4462,-1.0264,-1.5268
COVIE,2008-06-01,82.5000,15.1533,39.2059,-0.1637,-0.9608,-0.9210
COVIE,2008-07-01,64.5000,20.2419,85.7506,-0.6405,-0.8253,-0.9516
COVIE,2008-08-01,46.5000,19.0484,69.1787,-0.7423,-1.1001,-0.9154
COVIE,2008-09-01,89.3000,17.7433,50.9654,-0.7755,-0.8795,-0.3544
COVIE,2008-10-01,159.0000,23.2097,98.7868,-0.2551,-0.8515,-0.6245
COVIE,2008-11-01,140.4000,24.8433,105.7486,0.0839,-0.6308,-1.6300
COVIE,2008-12-01,79.0000,26.3129,123.8504,-0.4149,-1.1000,-2.3135
COVIE,2009-01-01,264.7000,24.8097,108.8948,0.1546,-0.1760,-0.8266
COVIE,2009-02-01,207.3000,25.7786,96.7039,0.5703,0.4747,-0.4172
COVIE,2009-03-01,5.2000,25.6387,132.6232,0.1169,-0.3401,-1.0682
COVIE,2009-04-01,29.0000,22.8967,104.4570,-1.3926,-1.0517,-2.0203
COVIE,2009-05-01,289.5000,19.6226,77.8917,-0.6803,-0.1319,-0.5905
COVIE,2009-06-01,91.4000,14.5867,35.5596,0.4120,0.3611,-0.5294
COVIE,2009-07-01,165.5000,14.1000,33.9645,1.4449,0.2441,0.1253
COVIE,2009-08-01,110.4000,19.0548,69.2387,0.6072,-0.0970,0.3617
COVIE,2009-09-01,138.1000,19.0867,61.4407,0.7156,0.8796,0.4958
COVIE,2009-10-01,258.6000,22.7290,93.6313,0.8860,1.9401,0.8372
COVIE,2009-11-01,239.6000,26.7600,127.9218,1.2309,1.5099,1.0688
COVIE,2009-12-01,298.6000,25.9290,119.2751,1.7026,2.0395,1.6722
COVIE,2010-01-01,92.9000,26.6645,130.9811,0.7340,1.3063,1.1560
COVIE,2010-02-01,234.0000,27.0250,109.1362,0.8016,1.6733,1.1964
COVIE,2010-03-01,293.5000,25.1129,125.7678,0.7422,2.0612,1.9514
COVIE,2010-04-01,92.4000,21.3667,87.4998,0.9595,1.3716,2.1355
COVIE,2010-05-01,223.1000,16.8742,52.9224,1.1807,1.6279,2.0415
COVIE,2010-06-01,36.3000,17.9367,60.3847,0.1851,0.7136,1.8544
COVIE,2010-07-01,117.0000,15.9742,46.7572,0.5427,1.2087,1.7051
COVIE,2010-08-01,2.3000,17.5645,56.2027,-0.7899,0.3807,1.4625
COVIE,2010-09-01,84.3000,19.9967,69.2254,-0.5328,-0.3736,1.2970
COVIE,2010-10-01,222.6000,20.5290,72.1405,-0.0413,0.3467,1.2570
COVIE,2010-11-01,67.3000,22.6100,83.0793,0.1781,-0.5816,0.8860
COVIE,2010-12-01,157.6000,25.8581,118.4408,0.3126,-0.2577,0.4280
COVIE,2011-01-01,95.3000,27.2935,139.0418,-0.8755,-0.8482,0.4081
COVIE,2011-02-01,243.2000,25.6500,95.4733,0.1407,0.1771,0.4876
COVIE,2011-03-01,126.9000,25.1871,126.7217,-0.0853,0.1043,-0.1471
COVIE,2011-04-01,116.0000,22.7700,102.9833,0.2408,-0.5891,-0.1131
COVIE,2011-05-01,6.9000,18.1710,63.9734,-1.0388,-0.8058,-1.2739
COVIE,2011-06-01,63.8000,16.5833,49.3927,-0.9394,-0.9376,-1.0364
COVIE,2011-07-01,183.1000,16.4774,50.6233,-0.1708,-0.0301,-0.6953
COVIE,2011-08-01,38.2000,18.1452,61.0851,0.0308,-0.9076,-0.5408
COVIE,2011-09-01,81.0000,20.4133,72.9803,-0.0063,-0.8658,-0.5752
COVIE,2011-10-01,275.6000,22.8355,94.7587,0.2690,-0.0051,-0.4302
COVIE,2011-11-01,245.8000,23.8233,94.9816,1.1656,0.9819,0.2563
COVIE,2011-12-01,13.6000,25.1774,110.6188,0.6392,0.4628,-0.2923
COVIE,2012-01-01,92.3000,27.0097,135.3678,-0.6671,-0.4028,-0.2893
COVIE,2012-02-01,92.0000,27.3690,116.7554,-1.9764,-0.4123,-1.1867
COVIE,2012-03-01,183.2000,23.9323,111.1742,-0.7102,-0.0892,-0.7745
COVIE,2012-04-01,297.3000,21.2300,86.0735,0.7627,0.0612,0.1132
COVIE,2012-05-01,191.0000,19.3613,75.2627,1.4449,-0.1126,0.7195
COVIE,2012-06-01,123.7000,17.4333,56.1391,1.4243,0.6819,0.8862
COVIE,2012-07-01,146.8000,15.1387,40.7467,0.9189,1.3602,0.8043
COVIE,2012-08-01,15.0000,20.8548,87.2483,-0.1018,1.1481,0.6461
COVIE,2012-09-01,32.3000,22.1233,89.6788,-0.8975,0.5514,0.4246
COVIE,2012-10-01,292.5000,24.2516,110.5471,-0.4004,0.4124,0.4285
COVIE,2012-11-01,239.9000,25.0900,108.4588,0.7499,0.4872,0.3600
COVIE,2012-12-01,128.9000,27.6419,140.5106,0.9807,0.1053,0.6518
COVIE,2013-01-01,64.7000,26.3645,127.2397,-0.3695,-0.7511,0.5875
COVIE,2013-02-01,266.8000,25.7714,96.6353,-0.1337,0.4617,1.1843
COVIE,2013-03-01,136.2000,23.3710,104.6175,0.1182,0.8779,1.0682
COVIE,2013-04-01,170.9000,21.1167,84.9014,0.9108,0.4284,0.6837
COVIE,2013-05-01,286.9000,18.5000,66.9825,1.1551,0.8435,1.0064
COVIE,2013-06-01,218.8000,17.1467,53.8049,1.7686,1.6331,1.2845
COVIE,2013-07-01,4.4000,16.7161,52.5230,1.1517,1.6954,0.8343
COVIE,2013-08-01,60.7000,15.1677,38.5977,0.1169,1.0401,1.1162
COVIE,2013-09-01,98.2000,19.3133,63.3270,-0.6794,1.0551,1.3727
COVIE,2013-10-01,108.7000,22.2742,88.9069,-0.2496,0.7511,0.9094
COVIE,2013-11-01,130.8000,24.7900,105.1681,-0.2282,-0.1870,0.5718
COVIE,2013-12-01,73.6000,27.0355,132.7494,-0.8303,-1.3712,0.4086
COVIE,2014-01-01,78.6000,27.4677,141.3260,-1.4227,-1.4528,0.4080
COVIE,2014-02-01,10.8000,27.6107,115.2974,-2.5375,-2.1872,-0.7555
COVIE,2014-03-01,145.6000,24.2677,115.2097,-1.7424,-2.2141,-0.7618
COVIE,2014-04-01,381.0000,22.1067,95.4729,0.5165,-0.7218,0.1275
COVIE,2014-05-01,178.9000,18.8903,70.6621,1.5599,-0.2955,-0.3356
COVIE,2014-06-01,232.7000,17.6100,57.6078,2.1863,0.8366,-0.2905
COVIE,2014-07-01,133.7000,17.8742,62.3534,1.2374,1.4408,0.1955
COVIE,2014-08-01,46.0000,19.7258,75.6562,0.5451,1.7660,-0.0055
COVIE,2014-09-01,211.7000,22.4200,92.7912,0.2390,2.1406,0.3146
COVIE,2014-10-01,117.0000,25.2806,122.9625,-0.2101,0.8640,0.2199
COVIE,2014-11-01,263.7000,24.2800,99.7151,0.8565,1.1182,0.6992
COVIE,2014-12-01,96.4000,25.4581,113.8045,0.1263,0.2175,0.8314
COVIE,2015-01-01,292.0000,26.5774,129.8881,1.0148,0.6504,1.4719
COVIE,2015-02-01,224.1000,26.0643,99.4729,0.8180,1.3532,2.0334
COVIE,2015-03-01,112.1000,24.9742,123.9962,0.8459,0.7599,1.9352
COVIE,2015-04-01,174.7000,22.4800,99.6572,0.3890,1.1306,1.4094
COVIE,2015-05-01,446.2000,19.2387,74.0482,1.6102,2.0366,2.0589
COVIE,2015-06-01,137.3000,19.1367,71.2792,1.9521,2.3828,1.8025
COVIE,2015-07-01,302.9000,17.1065,55.7218,2.6535,2.7269,2.2087
COVIE,2015-08-01,35.4000,21.9935,99.9755,0.7119,1.9492,2.1310
COVIE,2015-09-01,42.0000,21.4533,82.8860,0.1325,1.8259,1.7565
COVIE,2015-10-01,66.0000,23.3129,99.9161,-1.7632,1.3519,1.6875
COVIE,2015-11-01,253.0000,23.9967,96.7618,-0.2213,0.3567,1.6682
COVIE,2015-12-01,296.1000,25.6742,116.2956,0.9824,0.8910,2.1348
COVIE,2016-01-01,286.2000,27.3968,140.3927,1.8165,0.4162,2.0981
COVIE,2016-02-01,138.8000,27.0862,113.6907,1.2185,0.8372,1.8669
COVIE,2016-03-01,104.5000,23.6387,107.7148,0.2786,1.0099,1.8876
COVIE,2016-04-01,150.8000,24.2033,120.4129,-0.4007,1.2993,1.7802
COVIE,2016-05-01,60.9000,16.7968,52.3028,-0.5050,0.6246,0.7791
COVIE,2016-06-01,1.2000,13.7267,30.4341,-0.6735,-0.3990,0.4646
COVIE,2016-07-01,19.6000,17.1161,55.8025,-1.1311,-1.3694,-0.7164
COVIE,2016-08-01,103.2000,18.7000,65.9841,-0.9295,-1.3022,-0.2356
COVIE,2016-09-01,50.0000,18.5100,56.7976,-0.7767,-1.3221,-0.0913
COVIE,2016-10-01,222.1000,22.6194,92.4785,0.2359,-0.7850,0.5197
COVIE,2016-11-01,202.0000,23.3300,90.0250,0.6400,-0.2510,0.3655
COVIE,2016-12-01,,26.0258,120.4187,0.0144,-0.7207,-0.9608
COVIE,2017-01-01,60.3000,27.3500,139.7796,-1.3597,-0.9505,-2.9163
COVIE,2017-02-01,175.3000,26.4179,102.9659,-1.6675,-0.7637,-2.3116
COVIE,2017-03-01,220.4000,25.1129,125.7678,-0.1847,-0.2404,-1.4680
COVIE,2017-04-01,330.8000,21.7200,91.2539,1.4795,0.3016,-0.3144
COVIE,2017-05-01,,20.1710,83.5895,0.7220,-0.6806,-0.7597
COVIE,2017-06-01,79.4000,17.7400,58.7033,0.3281,0.0362,-0.5095
COVIE,2017-07-01,5.3000,18.3194,66.4087,-1.6390,0.1264,-0.6313
COVIE,2017-08-01,131.0000,20.8903,87.6290,-0.7184,-0.0162,-0.6007
COVIE,2017-09-01,83.9000,22.6800,95.5724,-0.9377,-0.5545,-0.6249
COVIE,2017-10-01,394.5000,22.8935,95.3770,1.1229,-0.2497,0.1147
COVIE,2017-11-01,219.0000,23.2167,88.9091,1.5299,0.7833,0.1838
COVIE,2017-12-01,311.7000,26.4710,125.7649,2.3755,1.5269,1.1772
COVIE,2018-01-01,223.6000,26.0226,123.0556,1.5255,2.2152,1.6562
COVIE,2018-02-01,141.8000,25.6714,95.6778,1.1315,2.2266,1.5899
COVIE,2018-03-01,181.8000,24.7194,120.7812,0.4966,2.5246,1.5033
COVIE,2018-04-01,0.0000,24.3367,122.1192,-0.8388,0.6953,0.4198
COVIE,2018-05-01,131.4000,20.2387,84.3105,-0.8322,0.3016,0.8496
COVIE,2018-06-01,23.9000,15.4733,41.3616,-1.3942,-0.7217,0.7295
COVIE,2018-07-01,28.0000,16.3839,49.8904,-0.6868,-1.3844,0.8528
COVIE,2018-08-01,51.2000,16.0452,44.5777,-0.9607,-1.6068,0.7374
COVIE,2018-09-01,270.8000,20.5800,74.5162,0.3521,-0.8628,1.3474
COVIE,2018-10-01,211.7000,22.5742,92.0063,1.0830,0.3581,0.8273
COVIE,2018-11-01,295.4000,24.9433,106.8423,1.9148,1.0189,1.0049
COVIE,2018-12-01,56.5000,26.3290,124.0450,0.6708,0.7890,0.1588
COVIE,2019-01-01,92.0000,27.9581,147.8781,-0.3209,0.6305,-0.5049
COVIE,2019-02-01,75.9000,26.0893,99.7175,-1.8280,0.4868,-0.8619
COVIE,2019-03-01,307.8000,24.2290,114.7395,-0.0311,0.4714,-0.2230
COVIE,2019-04-01,205.6000,22.4133,98.9020,0.8515,0.4095,0.6337
COVIE,2019-05-01,199.5000,20.2323,84.2416,1.5184,0.0541,0.8511
COVIE,2019-06-01,4.4000,19.7700,77.4784,0.1732,0.0268,0.6748
COVIE,2019-07-01,12.7000,15.8935,46.1550,-0.6803,0.1369,0.6369
COVIE,2019-08-01,16.8000,18.0452,60.2265,-1.8506,0.0407,0.4683
COVIE,2019-09-01,46.3000,21.5133,83.4810,-1.5605,-1.1523,-0.4651
COVIE,2019-10-01,87.6000,24.5452,114.0068,-1.5055,-1.9041,-1.2641
COVIE,2019-11-01,183.5000,26.7933,128.3303,-0.7944,-2.2613,-2.3707
COVIE,2019-12-01,239.9000,25.5387,114.7302,0.2017,-1.1248,-0.9085
COVIE,2020-01-01,317.5000,26.8613,133.4711,1.2833,0.0027,0.1781
COVIE,2020-02-01,32.0000,26.4517,106.9937,0.6369,-0.1544,-0.0217
COVIE,2020-03-01,13.4000,26.5677,145.2826,-0.8925,-0.6385,-1.8273
COVIE,2020-04-01,174.5000,20.9467,83.1618,-1.5720,-0.0395,-1.9605
COVIE,2020-05-01,180.7000,17.3871,57.1410,-0.2117,0.2950,-1.8874
COVIE,2020-06-01,97.8000,19.3767,73.5913,0.6625,-0.2022,-1.1794
COVIE,2020-07-01,17.4000,16.8065,53.2530,-0.0396,-1.3642,-1.1944
COVIE,2020-08-01,53.8000,19.2161,70.7498,-0.9321,-1.0458,-1.0338
COVIE,2020-09-01,5.5000,21.7933,86.2923,-1.7161,-0.7728,-1.3045
COVIE,2020-10-01,63.5000,25.3710,124.0909,-1.9210,-1.6050,-1.5416
COVIE,2020-11-01,147.3000,25.0800,108.3481,-1.4701,-2.0972,-1.6637
COVIE,2020-12-01,300.1000,25.7968,117.7230,0.2398,-1.1943,-1.2601
COVIE,2021-01-01,296.6000,25.7903,120.2620,1.4388,-0.0867,-1.3103
COVIE,2021-02-01,137.9000,25.0500,89.8572,1.4806,0.2326,-0.6108
COVIE,2021-03-01,206.8000,24.0774,112.9095,1.0618,1.0516,0.3349
COVIE,2021-04-01,99.5000,21.5933,89.8970,0.1882,1.3662,0.0261
COVIE,2021-05-01,11.7000,17.9161,61.7005,-0.3931,0.9662,-0.7617
COVIE,2021-06-01,49.1000,16.1067,45.8375,-0.9915,0.1196,-0.8744
COVIE,2021-07-01,50.4000,15.3871,42.4811,-1.0033,-0.7348,-0.6443
COVIE,2021-08-01,5.2000,19.3871,72.3732,-1.1251,-1.3580,-0.9101
COVIE,2021-09-01,46.4000,23.0600,99.7277,-1.5489,-2.2090,-0.7614
COVIE,2021-10-01,169.0000,22.8355,94.7587,-1.0557,-1.8271,-0.1315
COVIE,2021-11-01,127.4000,25.1700,109.3467,-0.4847,-1.4391,-0.2203
COVIE,2021-12-01,9.5000,26.9339,131.4752,-0.9396,-2.1643,-2.0681
COVIE,2022-01-01,44.7000,29.2742,166.3694,-2.5299,-2.9708,-4.7534
COVIE,2022-02-01,109.8000,27.3607,112.6424,-2.7378,-2.5626,-4.7534
COVIE,2022-03-01,329.4000,24.5968,119.2530,-0.1959,-1.0375,-4.7534
COVIE,2022-04-01,306.9000,22.1583,96.0454,1.5327,-0.3219,-2.3922
COVIE,2022-05-01,175.1000,16.8065,52.3800,2.0815,0.1982,-1.0338
COVIE,2022-06-01,54.9000,15.5533,41.9116,1.1987,0.8374,-0.9774
COVIE,2022-07-01,17.2000,20.2774,86.1362,-0.3108,1.0785,-1.4648
COVIE,2022-08-01,88.5000,18.3161,62.5701,-0.9419,1.2081,-0.8859
COVIE,2022-09-01,113.5000,17.6733,50.4520,-0.6062,0.5309,-0.3109
COVIE,2022-10-01,337.2000,20.7258,73.9248,1.2258,0.7765,0.4309
COVIE,2022-11-01,137.4000,22.8867,85.7080,1.3475,0.4425,0.5464
COVIE,2022-12-01,18.5000,26.8548,130.4893,0.4713,-0.1682,0.5800
COVIE,2023-01-01,120.5000,27.0097,135.3678,-1.2646,0.0998,0.9198
COVIE,2023-02-01,51.1000,25.2464,91.6730,-1.9987,-0.2308,0.8035
COVIE,2023-03-01,82.6000,25.9129,136.2864,-1.5219,-0.8345,-0.1469
COVIE,2023-04-01,122.6000,21.4600,88.4821,-1.1549,-2.1227,-1.0133
COVIE,2023-05-01,136.5000,18.9419,71.1577,-0.4416,-2.0416,-1.3730
COVIE,2023-06-01,15.4000,17.7767,59.0146,-0.3785,-1.6441,-1.7954
COVIE,2023-07-01,48.2000,18.9226,72.1544,-0.7529,-1.6961,-1.4533
COVIE,2023-08-01,87.9000,20.7935,86.5930,-1.1993,-1.4585,-1.6337
COVIE,2023-09-01,197.5000,23.3100,102.5204,-0.2767,-0.6537,-1.4025
COVIE,2023-10-01,259.3000,23.9258,106.7830,0.7128,-0.0507,-2.3499
COVIE,2023-11-01,391.9000,25.5867,114.0432,2.0038,0.9609,-0.7189
COVIE,2023-12-01,305.2000,26.7323,128.9691,2.3410,1.9281,0.4797
ENCAR,2000-01-01,222.0000,26.6839,130.9538,,,
ENCAR,2000-02-01,136.6000,26.1621,104.0463,,,
ENCAR,2000-03-01,41.0000,24.7194,121.6265,-0.5961,,
ENCAR,2000-04-01,123.0000,22.7833,104.8660,-1.0158,,
ENCAR,2000-05-01,144.0000,16.3516,51.6291,-0.6690,,
ENCAR,2000-06-01,187.0000,17.3500,58.2292,0.3966,-0.1155,
ENCAR,2000-07-01,89.0000,11.6742,23.0445,0.6148,-0.2045,
ENCAR,2000-08-01,41.0000,17.3548,57.2255,0.1073,-0.3822,
ENCAR,2000-09-01,85.0000,19.2967,65.5199,-0.4528,-0.0241,
ENCAR,2000-10-01,416.0000,22.9161,97.1535,0.7697,0.9257,
ENCAR,2000-11-01,143.0000,23.2600,90.6095,1.0627,0.8084,
ENCAR,2000-12-01,154.4000,25.6968,116.8365,1.1378,0.5314,0.2475
ENCAR,2001-01-01,281.0000,26.3484,126.9678,0.4185,0.7991,0.3853
ENCAR,2001-02-01,156.0000,26.2964,101.7236,0.4272,1.0047,0.4322
ENCAR,2001-03-01,139.0000,25.7032,133.7950,0.2757,0.9637,0.6148
ENCAR,2001-04-01,136.2000,23.0767,108.1952,-0.3551,0.0547,0.6355
ENCAR,2001-05-01,37.0000,17.1097,57.6737,-0.7672,-0.2000,0.3948
ENCAR,2001-06-01,102.0000,16.2833,49.8676,-0.5056,-0.1482,0.2270
ENCAR,2001-07-01,57.0000,17.1323,58.8241,-0.6704,-0.7328,0.0753
ENCAR,2001-08-01,88.0000,20.1226,82.1467,-0.5236,-0.9299,0.1250
ENCAR,2001-09-01,122.0000,19.0833,63.7644,-0.4903,-0.7145,0.2116
ENCAR,2001-10-01,48.0000,22.5129,93.0300,-0.7301,-1.0138,-0.6462
ENCAR,2001-11-01,187.0000,24.3933,101.7774,-0.2975,-0.5858,-0.5643
ENCAR,2001-12-01,38.0000,25.3194,112.6885,-1.0432,-1.1032,-0.8487
ENCAR,2002-01-01,354.2000,25.4806,116.9937,0.4358,-0.1701,-0.6368
ENCAR,2002-02-01,33.2000,24.9821,89.7473,-0.2581,-0.3969,-0.9206
ENCAR,2002-03-01,195.0000,26.1516,139.5692,0.3818,-0.4074,-0.7905
ENCAR,2002-04-01,202.0000,22.5567,102.3354,-0.2969,0.1049,-0.6091
ENCAR,2002-05-01,255.2000,19.7774,82.1705,0.7960,0.3929,-0.1418
ENCAR,2002-06-01,47.0000,15.3533,43.1937,0.5671,0.6380,-0.2555
ENCAR,2002-07-01,140.4000,14.2032,37.2066,0.5831,0.2126,-0.0108
ENCAR,2002-08-01,242.9000,18.7161,68.8195,0.5878,0.9257,0.3644
ENCAR,2002-09-01,189.4000,18.2400,57.0981,1.1410,1.1448,0.5236
ENCAR,2002-10-01,467.9000,22.9000,96.9865,2.1627,1.8600,1.3606
ENCAR,2002-11-01,95.6000,22.6533,84.9440,1.5575,1.4419,1.2170
ENCAR,2002-12-01,273.6000,25.1161,110.4915,1.6757,1.8523,1.6661
ENCAR,2003-01-01,256.6000,25.7452,119.9831,0.7183,1.9351,1.4792
ENCAR,2003-02-01,195.0000,25.3571,93.0742,1.1082,1.7550,1.7718
ENCAR,2003-03-01,191.0000,24.0484,113.7183,0.7422,1.6141,1.8113
ENCAR,2003-04-01,103.2000,20.9100,85.0349,0.1986,0.6232,1.6629
ENCAR,2003-05-01,6.4000,18.2290,67.3311,-0.6431,0.3995,1.2211
ENCAR,2003-06-01,44.2000,19.1833,74.4251,-1.2808,-0.2560,1.1547
ENCAR,2003-07-01,40.0000,15.8323,48.5095,-1.4522,-0.8108,0.9328
ENCAR,2003-08-01,70.0000,14.3452,35.9343,-0.8665,-1.0942,0.6454
ENCAR,2003-09-01,78.2000,19.1467,64.2826,-0.6155,-1.3759,0.3934
ENCAR,2003-10-01,250.0000,22.6097,94.0100,0.2303,-0.7841,-0.0875
ENCAR,2003-11-01,224.6000,22.3167,81.8929,0.7281,-0.0259,0.2117
ENCAR,2003-12-01,312.3000,23.5935,94.8366,1.5663,0.7680,0.3314
ENCAR,2004-01-01,70.8000,26.2129,125.3787,0.6972,0.6288,-0.0986
ENCAR,2004-02-01,41.2000,24.6828,90.2546,-0.2173,0.3684,-0.4577
ENCAR,2004-03-01,59.4000,23.8129,111.0170,-1.8304,0.1540,-0.7801
ENCAR,2004-04-01,230.4000,22.4167,100.7906,-0.6743,0.0651,-0.5005
ENCAR,2004-05-01,56.0000,14.9484,41.4664,-0.3285,-0.3897,-0.3175
ENCAR,2004-06-01,94.6000,16.3567,50.4181,0.1550,-1.0804,-0.1418
ENCAR,2004-07-01,62.8000,15.4548,45.7327,-0.4174,-0.7825,-0.0824
ENCAR,2004-08-01,22.4000,15.9290,46.4120,-0.6279,-0.6827,-0.2180
ENCAR,2004-09-01,150.4000,19.8533,70.2342,-0.4312,-0.1888,-0.0635
ENCAR,2004-10-01,213.0000,21.0161,78.6369,0.1656,-0.1719,-0.1136
ENCAR,2004-11-01,300.7000,22.0533,79.5521,1.2477,0.5155,0.0664
ENCAR,2004-12-01,92.0000,24.6839,105.9032,0.8544,0.3310,-0.4783
ENCAR,2005-01-01,135.4000,26.2613,125.9449,0.2908,0.3064,-0.3232
ENCAR,2005-02-01,,25.6304,95.5434,-1.4544,0.0691,-0.4354
ENCAR,2005-03-01,118.8000,25.0645,125.8175,-1.4095,-0.2356,-0.3277
ENCAR,2005-04-01,,20.6033,82.0202,-2.0429,-1.0845,-0.8547
ENCAR,2005-05-01,233.6000,19.5258,79.6399,-0.4759,-1.3830,-0.5029
ENCAR,2005-06-01,,18.7933,70.7826,-0.8327,-1.6527,-0.7916
ENCAR,2005-07-01,46.2000,14.7581,40.8582,-0.3497,-1.6729,-0.8218
ENCAR,2005-08-01,,17.7323,60.3138,-1.6260,-1.5031,-0.9160
ENCAR,2005-09-01,93.0000,15.9667,41.2463,-0.8581,-1.2339,-0.9908
ENCAR,2005-10-01,90.1000,20.9355,77.9017,-0.8183,-0.8334,-1.3224
ENCAR,2005-11-01,152.6000,23.9933,97.7482,-0.1917,-1.2556,-1.8039
ENCAR,2005-12-01,,24.4774,103.7523,-1.0565,-1.4054,-2.0810
ENCAR,2006-01-01,69.4000,27.3581,139.1851,-1.5783,-1.7674,-2.3366
ENCAR,2006-02-01,20.0000,26.0464,99.3771,-2.5810,-1.8644,-2.2836
ENCAR,2006-03-01,232.0000,24.8806,123.5744,-1.0810,-1.5823,-1.9179
ENCAR,2006-04-01,95.2000,20.7967,83.9133,-0.6107,-1.5867,-1.6380
ENCAR,2006-05-01,40.0000,15.9645,48.6939,-0.2319,-1.9047,-2.1348
ENCAR,2006-06-01,68.4000,17.6933,61.0846,-0.7823,-1.3636,-1.8911
ENCAR,2006-07-01,21.0000,19.0065,75.8064,-1.1757,-1.2956,-2.0779
ENCAR,2006-08-01,117.4000,17.3871,57.4857,-0.7679,-0.7077,-1.7102
ENCAR,2006-09-01,138.6000,18.3967,58.3037,-0.3662,-0.8205,-1.6261
ENCAR,2006-10-01,281.9000,23.4452,102.7246,0.7579,-0.1829,-1.1558
ENCAR,2006-11-01,222.6000,23.8000,95.8351,1.0440,0.2785,-0.9635
ENCAR,2006-12-01,229.8000,26.8452,130.0070,1.1251,0.5721,-0.4479
ENCAR,2007-01-01,260.0000,26.2032,125.2657,0.9388,1.1297,0.0336
ENCAR,2007-02-01,136.4000,26.1786,100.6134,0.5391,1.0616,0.2909
ENCAR,2007-03-01,141.0000,25.6935,133.6719,0.1041,0.8508,0.0655
ENCAR,2007-04-01,227.0000,22.8067,105.1285,0.0409,0.6797,0.3117
ENCAR,2007-05-01,202.8000,15.3839,44.4800,0.6167,0.7746,0.6686
ENCAR,2007-06-01,24.0000,16.3833,50.6191,0.4627,0.3844,0.5975
ENCAR,2007-07-01,75.0000,12.9677,29.7895,0.0995,0.0901,0.8052
ENCAR,2007-08-01,33.7000,15.4419,43.0208,-0.7859,-0.0646,0.6620
ENCAR,2007-09-01,155.0000,21.7800,88.0685,-0.2745,0.1389,0.6341
ENCAR,2007-10-01,316.1000,23.3484,101.6918,0.5469,0.4401,0.7075
ENCAR,2007-11-01,268.3000,21.7500,76.9053,1.3963,0.5438,0.8405
ENCAR,2007-12-01,275.0000,25.9065,119.1794,1.7399,1.0840,0.9539
ENCAR,2008-01-01,95.4000,26.2097,125.3410,0.7486,0.8676,0.6156
ENCAR,2008-02-01,99.7000,24.9103,92.3012,-0.1178,0.9165,0.5557
ENCAR,2008-03-01,23.4000,24.8000,122.5982,-1.5989,0.4114,0.3266
ENCAR,2008-04-01,323.8000,20.2633,78.7527,-0.0173,0.5080,0.5909
ENCAR,2008-05-01,39.2000,16.6194,53.7189,-0.1277,-0.1779,0.2173
ENCAR,2008-06-01,164.6000,14.5833,38.0914,0.9206,-0.2834,0.5493
ENCAR,2008-07-01,48.4000,18.9871,75.6179,-0.3695,-0.2735,0.3941
ENCAR,2008-08-01,79.9000,17.6161,59.3533,-0.1864,-0.2260,0.4585
ENCAR,2008-09-01,108.2000,17.2967,50.1508,-0.5497,0.3103,0.4394
ENCAR,2008-10-01,312.0000,21.5290,83.4084,0.7042,0.2566,0.4698
ENCAR,2008-11-01,89.0000,24.5533,103.4161,0.5478,0.2570,0.0150
ENCAR,2008-12-01,10.2000,26.6677,127.9178,-0.3078,-0.6119,-0.6388
ENCAR,2009-01-01,108.9000,25.6194,118.5557,-1.7360,-0.5442,-0.5881
ENCAR,2009-02-01,166.2000,26.0429,99.3438,-1.2026,-0.3698,-0.4417
ENCAR,2009-03-01,12.0000,25.5129,131.3875,-1.2130,-1.0752,-0.4910
ENCAR,2009-04-01,46.6000,22.4400,101.0471,-1.5003,-2.5034,-1.2699
ENCAR,2009-05-01,134.2000,19.0935,75.4012,-1.5539,-2.0836,-1.0705
ENCAR,2009-06-01,109.0000,13.3100,30.4711,-0.3796,-1.1339,-1.2003
ENCAR,2009-07-01,167.5000,12.0226,24.7609,0.5832,-0.5148,-0.7517
ENCAR,2009-08-01,173.8000,17.7613,60.5553,0.8238,-0.3412,-0.5193
ENCAR,2009-09-01,229.0000,18.3700,58.0974,1.2120,0.6294,-0.2468
ENCAR,2009-10-01,133.0000,22.4258,92.1531,0.7824,0.9137,-0.7064
ENCAR,2009-11-01,400.1000,26.0333,119.3136,1.4744,1.5268,0.0032
ENCAR,2009-12-01,229.6000,26.1677,122.1375,1.2210,1.6023,0.5002
ENCAR,2010-01-01,181.4000,26.8355,132.7790,1.2525,1.3532,0.6235
ENCAR,2010-02-01,116.4000,27.8179,116.7075,-0.0047,1.0382,0.4812
ENCAR,2010-03-01,93.0000,25.4548,130.6582,-0.7780,0.4109,0.6540
ENCAR,2010-04-01,171.4000,20.8567,84.5060,-0.5632,0.5556,0.9439
ENCAR,2010-05-01,189.0000,16.3935,51.9532,0.1451,0.0906,1.0997
ENCAR,2010-06-01,155.5000,16.7100,53.1205,0.7882,0.0734,1.1466
ENCAR,2010-07-01,116.0000,14.8097,41.2082,0.7352,0.1614,1.0123
ENCAR,2010-08-01,6.6000,16.3613,49.5495,-0.1130,0.0173,0.6943
ENCAR,2010-09-01,159.6000,18.7933,61.4229,-0.1343,0.4635,0.5415
ENCAR,2010-10-01,122.9000,20.0484,70.0823,-0.2473,0.3550,0.5669
ENCAR,2010-11-01,40.0000,22.8000,86.2939,-0.2647,-0.2702,-0.1598
ENCAR,2010-12-01,219.6000,25.2290,111.7089,-0.2143,-0.2503,-0.1588
ENCAR,2011-01-01,62.5000,27.7903,144.6191,-0.9597,-0.8523,-0.4715
ENCAR,2011-02-01,255.7000,26.0571,99.4770,0.1243,-0.0999,-0.0988
ENCAR,2011-03-01,70.4000,25.1710,127.1270,-0.7396,-0.6747,-0.1431
ENCAR,2011-04-01,133.2000,22.2867,99.3685,-0.1175,-0.7500,-0.2680
ENCAR,2011-05-01,30.5000,18.6226,70.9380,-1.2201,-0.7267,-0.7032
ENCAR,2011-06-01,164.9000,15.9733,47.5800,-0.2335,-0.6893,-0.6654
ENCAR,2011-07-01,99.4000,15.4613,45.7794,-0.1319,-0.1807,-0.7190
ENCAR,2011-08-01,90.9000,17.7161,60.1798,0.2192,-0.6490,-0.5345
ENCAR,2011-09-01,52.7000,20.3833,74.9034,-0.4910,-0.5157,-0.8386
ENCAR,2011-10-01,325.5000,22.7323,95.2601,0.3942,0.1818,-0.3951
ENCAR,2011-11-01,87.3000,24.4333,102.1857,0.1783,0.2660,-0.3195
ENCAR,2011-12-01,64.8000,26.0032,120.2700,0.0157,-0.3318,-0.7221
ENCAR,2012-01-01,27.3000,27.6419,142.7398,-2.0520,-0.9957,-0.8073
ENCAR,2012-02-01,161.0000,27.9103,121.8598,-1.6670,-0.9604,-1.1156
ENCAR,2012-03-01,49.1000,23.9742,112.8631,-1.7241,-1.1376,-1.1346
ENCAR,2012-04-01,159.0000,20.7467,83.4212,-0.5521,-1.8681,-1.0227
ENCAR,2012-05-01,38.8000,19.2903,77.3138,-0.9964,-1.9918,-1.0175
ENCAR,2012-06-01,100.8000,16.4767,51.3265,-0.3601,-1.4687,-1.2003
ENCAR,2012-07-01,66.0000,14.1516,36.8772,-0.6121,-0.8379,-1.2677
ENCAR,2012-08-01,72.0000,20.2323,83.2449,-0.4628,-1.0479,-1.3847
ENCAR,2012-09-01,43.6000,21.2500,82.9243,-0.9652,-0.9449,-1.4330
ENCAR,2012-10-01,213.0000,22.9323,97.3207,-0.4749,-0.7806,-1.7668
ENCAR,2012-11-01,48.4000,25.2333,110.5537,-0.7577,-0.8767,-1.9100
ENCAR,2012-12-01,435.5000,26.4613,125.5120,0.9482,0.0907,-0.8803
ENCAR,2013-01-01,83.6000,25.9484,122.3102,0.2548,-0.1438,-0.6837
ENCAR,2013-02-01,67.4000,25.5179,94.5220,0.4192,-0.2002,-0.8532
ENCAR,2013-03-01,274.8000,22.1452,92.9716,-0.2062,0.5361,-0.2454
ENCAR,2013-04-01,235.0000,20.8933,84.8694,0.6938,0.6422,-0.0711
ENCAR,2013-05-01,153.0000,17.3323,59.5239,1.2060,1.0985,0.2273
ENCAR,2013-06-01,70.2000,16.0867,48.4090,0.5168,0.2219,0.1658
ENCAR,2013-07-01,206.4000,15.8903,48.9453,0.5500,0.8331,0.4469
ENCAR,2013-08-01,105.8000,14.6387,37.7574,0.4337,1.1073,0.6154
ENCAR,2013-09-01,93.6000,18.6533,60.3111,0.4866,0.6733,0.7664
ENCAR,2013-10-01,208.1000,22.3903,91.7973,0.2952,0.5697,0.7677
ENCAR,2013-11-01,146.2000,25.5167,113.6111,0.1252,0.3781,0.9603
ENCAR,2013-12-01,109.9000,27.4161,136.8664,-0.1757,0.2197,0.2516
ENCAR,2014-01-01,256.0000,27.9742,146.9680,-0.2131,0.0575,0.5706
ENCAR,2014-02-01,57.9000,27.6714,115.2123,-0.6979,-0.3875,0.5066
ENCAR,2014-03-01,421.5000,24.0742,114.0167,0.9299,0.5411,0.7698
ENCAR,2014-04-01,339.7000,22.5067,101.7821,1.4569,0.9069,0.9484
ENCAR,2014-05-01,217.0000,18.3613,68.5309,2.2213,1.2352,1.0582
ENCAR,2014-06-01,304.5000,16.7867,53.7179,2.0189,1.9565,1.4995
ENCAR,2014-07-01,197.7000,16.7000,55.2639,1.6643,2.0380,1.4713
ENCAR,2014-08-01,39.2000,18.8645,70.1602,0.9429,2.1015,1.2828
ENCAR,2014-09-01,379.8000,21.0500,81.0305,1.1437,2.0806,1.7787
ENCAR,2014-10-01,193.6000,24.7419,117.1642,0.8658,1.6796,1.7061
ENCAR,2014-11-01,222.4000,23.8300,96.1305,1.5093,1.6224,1.8756
ENCAR,2014-12-01,289.6000,24.6032,105.0599,1.0482,1.4487,2.2461
ENCAR,2015-01-01,301.9000,25.7161,119.6528,1.4764,1.5537,2.3707
ENCAR,2015-02-01,22.7000,25.8214,97.2929,0.6376,1.4385,2.3415
ENCAR,2015-03-01,91.3000,24.6226,120.4665,-0.4030,0.4930,1.7507
ENCAR,2015-04-01,160.4000,21.9667,95.9189,-1.0721,0.4554,1.4292
ENCAR,2015-05-01,227.4000,18.6968,71.6304,0.1684,0.5478,1.4430
ENCAR,2015-06-01,193.6000,18.0033,63.7325,0.8910,0.3753,1.2113
ENCAR,2015-07-01,169.1000,16.0258,49.9711,1.1211,0.1692,1.1659
ENCAR,2015-08-01,41.0000,21.0065,91.2431,0.2053,0.2497,1.1281
ENCAR,2015-09-01,131.9000,20.2300,73.5343,-0.1484,0.5294,0.6406
ENCAR,2015-10-01,90.1000,22.1290,89.2021,-0.7874,0.3277,0.4807
ENCAR,2015-11-01,325.6000,22.6033,84.4867,0.6740,0.5968,0.7225
ENCAR,2015-12-01,290.2000,24.6548,105.5992,1.2108,0.7627,0.7226
ENCAR,2016-01-01,107.1000,27.2806,138.2248,1.0789,0.2947,0.2670
ENCAR,2016-02-01,303.0000,26.6414,108.7651,0.8807,1.0376,0.8366
ENCAR,2016-03-01,311.2000,22.6742,98.4916,1.0003,1.4618,1.3150
ENCAR,2016-04-01,171.6000,23.2700,110.4231,1.3780,1.6198,1.3087
ENCAR,2016-05-01,89.5000,15.9516,48.5978,0.7377,1.0785,1.0850
ENCAR,2016-06-01,7.0000,12.8200,27.8029,-0.3881,0.4659,0.7814
ENCAR,2016-07-01,56.9000,15.9613,49.4810,-0.6823,0.5860,0.5482
ENCAR,2016-08-01,116.0000,17.8935,61.6629,-0.6073,0.1367,0.7667
ENCAR,2016-09-01,36.5000,18.1900,56.7165,-0.6040,-0.7102,0.6031
ENCAR,2016-10-01,201.3000,21.2774,81.0469,-0.0117,-0.4814,0.8502
ENCAR,2016-11-01,189.2000,22.7067,85.4335,0.2295,-0.2491,0.5652
ENCAR,2016-12-01,252.0000,25.2000,111.3951,0.9529,0.3030,0.4715
ENCAR,2017-01-01,72.3000,26.2806,126.1718,0.1655,0.1001,0.4226
ENCAR,2017-02-01,172.7000,25.6643,95.8526,0.0340,0.1755,0.1650
ENCAR,2017-03-01,267.5000,24.6387,120.6594,0.0647,0.7044,0.0163
ENCAR,2017-04-01,453.1000,20.5633,81.6317,1.8651,1.4171,0.6916
ENCAR,2017-05-01,321.0000,18.9097,73.6396,2.4697,1.7896,1.1094
ENCAR,2017-06-01,119.6000,16.8800,54.4505,2.1864,1.5967,1.2769
ENCAR,2017-07-01,3.8000,18.1419,67.6570,0.4400,1.5707,1.1382
ENCAR,2017-08-01,202.8000,18.9935,71.3384,-0.1204,1.7115,1.2881
ENCAR,2017-09-01,42.5000,22.0533,90.7932,-0.7287,1.1928,1.2339
ENCAR,2017-10-01,445.4000,21.2516,80.8070,1.2965,1.1737,1.6940
ENCAR,2017-11-01,228.1000,22.5100,83.6370,1.3487,0.8800,1.7682
ENCAR,2017-12-01,106.2000,26.4452,125.3251,1.4642,0.6278,1.4732
ENCAR,2018-01-01,327.3000,25.3000,114.9776,0.8374,1.4165,1.9592
ENCAR,2018-02-01,54.9000,25.1929,91.6079,-0.0012,0.9491,1.7553
ENCAR,2018-03-01,152.3000,24.2032,115.5154,0.2704,1.1901,1.5529
ENCAR,2018-04-01,0.0000,24.5467,125.8144,-1.6259,-0.3690,0.5675
ENCAR,2018-05-01,91.4000,19.9774,84.2154,-1.3370,-0.9052,0.0412
ENCAR,2018-06-01,28.2000,14.5867,38.1127,-1.6450,-0.8673,-0.1315
ENCAR,2018-07-01,20.9000,15.6387,47.0734,-1.0096,-1.9715,-0.0443
ENCAR,2018-08-01,48.4000,15.1742,41.2212,-1.0097,-1.7458,-0.3362
ENCAR,2018-09-01,141.0000,20.3300,74.4255,-0.5706,-1.5993,-0.0660
ENCAR,2018-10-01,374.4000,21.2935,81.1971,0.9628,0.0771,-0.2327
ENCAR,2018-11-01,290.7000,24.3133,100.9639,1.6941,0.6625,-0.1265
ENCAR,2018-12-01,187.6000,25.6323,116.1212,1.7127,0.9048,0.0813
ENCAR,2019-01-01,170.4000,27.0258,135.0914,0.6569,1.0813,-0.3306
ENCAR,2019-02-01,125.3000,25.1464,91.1960,-0.0793,1.1569,-0.1629
ENCAR,2019-03-01,307.2000,23.4323,106.7314,0.5372,1.5196,0.2100
ENCAR,2019-04-01,245.3000,22.2100,98.5355,1.0235,1.1218,0.7916
ENCAR,2019-05-01,386.4000,19.2581,76.9983,2.0891,1.4488,1.3882
ENCAR,2019-06-01,4.1000,19.2867,75.4084,1.0382,1.0565,1.2706
ENCAR,2019-07-01,131.0000,14.7258,40.6404,0.7974,1.2108,1.4924
ENCAR,2019-08-01,64.7000,16.7097,52.1668,-0.6595,1.1508,1.5024
ENCAR,2019-09-01,10.7000,20.1533,72.8554,-0.6085,0.3657,1.2574
ENCAR,2019-10-01,113.6000,23.5129,103.4512,-1.0733,-0.0919,0.6902
ENCAR,2019-11-01,310.3000,25.4067,112.4183,-0.0542,-0.4982,0.7071
ENCAR,2019-12-01,92.2000,25.2194,111.6042,0.1565,-0.3050,0.5160
ENCAR,2020-01-01,220.7000,26.4065,127.6525,0.5446,-0.2952,0.6380
ENCAR,2020-02-01,93.1000,25.2276,95.1995,-0.4402,-0.3488,0.5617
ENCAR,2020-03-01,44.4000,25.7452,134.3289,-0.8335,-0.4521,-0.0802
ENCAR,2020-04-01,104.0000,20.6867,82.8331,-1.2673,-0.4109,-0.3768
ENCAR,2020-05-01,117.9000,17.0194,56.9327,-0.8848,-0.9505,-1.0046
ENCAR,2020-06-01,131.6000,17.7367,61.4508,-0.0221,-0.5907,-0.6399
ENCAR,2020-07-01,144.7000,15.2419,44.2088,0.3609,-0.5620,-0.6146
ENCAR,2020-08-01,51.3000,18.4323,66.2973,-0.0054,-0.6119,-0.6837
ENCAR,2020-09-01,40.2000,20.4400,75.4132,-0.5558,-0.4038,-0.6160
ENCAR,2020-10-01,33.5000,23.5645,104.0069,-1.5920,-0.7577,-0.8208
ENCAR,2020-11-01,120.0000,24.4467,102.3219,-1.3768,-0.9344,-1.3027
ENCAR,2020-12-01,84.8000,25.5097,114.7692,-1.3431,-1.3713,-1.3321
ENCAR,2021-01-01,334.5000,25.4032,116.1271,0.2403,-0.8611,-0.9917
ENCAR,2021-02-01,33.6000,24.7464,87.6925,-0.1125,-1.0240,-1.1307
ENCAR,2021-03-01,231.0000,23.9194,112.2334,0.5966,-0.4124,-0.5896
ENCAR,2021-04-01,27.9000,21.6000,92.0543,-0.8364,-0.3888,-0.8055
ENCAR,2021-05-01,68.4000,17.2484,58.8227,-0.4799,-0.4189,-0.9390
ENCAR,2021-06-01,108.6000,15.4633,43.9537,-0.7814,-0.0774,-0.9534
ENCAR,2021-07-01,30.0000,15.6548,47.1921,-0.5188,-0.9764,-1.2707
ENCAR,2021-08-01,44.0000,19.1548,72.8275,-0.7325,-0.8715,-1.3090
ENCAR,2021-09-01,91.4000,21.3217,83.6092,-1.0658,-1.3514,-1.1905
ENCAR,2021-10-01,155.5000,21.5710,83.8059,-0.5537,-0.7705,-0.8137
ENCAR,2021-11-01,77.4000,24.5600,103.4847,-0.5387,-0.9160,-0.9274
ENCAR,2021-12-01,0.5000,26.8919,130.5611,-1.3537,-1.8059,-1.1950
ENCAR,2022-01-01,21.5000,29.4097,166.0801,-3.0022,-2.5112,-2.2756
ENCAR,2022-02-01,61.4000,28.1071,119.6949,-3.3127,-2.6945,-2.2894
ENCAR,2022-03-01,266.4000,24.8355,123.0272,-1.1962,-1.9154,-2.2094
ENCAR,2022-04-01,261.4000,21.8833,95.0323,0.4529,-1.4489,-1.5086
ENCAR,2022-05-01,220.9000,16.2065,50.5165,1.4256,-0.6144,-1.0632
ENCAR,2022-06-01,81.7000,14.6467,38.4969,1.0177,0.0171,-1.1208
ENCAR,2022-07-01,46.3000,19.7097,82.8427,0.1002,0.3750,-1.1733
ENCAR,2022-08-01,58.3000,16.8710,53.4056,-0.7729,0.5738,-1.0822
ENCAR,2022-09-01,76.4000,17.3333,50.4110,-0.8723,0.1985,-1.0335
ENCAR,2022-10-01,216.1000,19.8806,68.6584,0.1064,0.1354,-0.8349
ENCAR,2022-11-01,92.8000,22.4167,82.7923,0.1313,-0.4320,-0.7423
ENCAR,2022-12-01,92.8000,26.5484,126.5237,-0.1665,-0.7290,-0.5013
ENCAR,2023-01-01,77.6000,27.0677,135.6041,-1.3362,-0.8153,-0.2918
ENCAR,2023-02-01,61.8000,25.8250,97.3257,-1.6362,-0.9822,-0.2377
ENCAR,2023-03-01,101.5000,25.8710,135.9382,-1.6410,-1.2436,-0.6717
ENCAR,2023-04-01,141.7000,21.0767,86.7003,-0.9268,-1.6760,-0.9585
ENCAR,2023-05-01,169.2000,18.8097,72.6918,-0.2006,-1.2701,-1.1559
ENCAR,2023-06-01,40.7000,17.7933,61.9315,-0.1330,-1.2145,-1.3333
ENCAR,2023-07-01,52.1000,17.6258,63.0507,-0.4792,-1.0109,-1.2622
ENCAR,2023-08-01,171.5000,19.6903,77.9022,-0.4949,-0.4943,-1.0220
ENCAR,2023-09-01,317.3000,22.1200,91.4652,0.7099,0.4078,-0.5111
ENCAR,2023-10-01,500.1000,21.4161,82.3438,2.3722,1.4594,0.1240
ENCAR,2023-11-01,338.4000,24.1367,99.1810,2.8580,1.8273,0.6216
ENCAR,2023-12-01,263.5000,25.8839,118.9258,2.5908,2.2297,0.9870
GBRU,2000-01-01,76.1000,28.3484,155.0014,,,
GBRU,2000-02-01,83.4000,27.1931,115.4295,,,
GBRU,2000-03-01,37.0000,26.0484,137.9021,-1.9794,,
GBRU,2000-04-01,197.0000,23.0733,104.3871,-0.2494,,
GBRU,2000-05-01,76.4000,18.2000,60.6701,0.1003,,
GBRU,2000-06-01,138.2000,18.7133,63.8483,1.1610,-0.2115,
GBRU,2000-07-01,8.2000,12.1355,20.5145,0.5608,0.1352,
GBRU,2000-08-01,76.6000,18.7258,62.8186,0.5488,0.3640,
GBRU,2000-09-01,18.5000,20.3033,69.1435,-0.3183,0.6067,
GBRU,2000-10-01,155.6000,24.6903,114.6056,0.0772,0.3573,
GBRU,2000-11-01,187.3000,23.5333,90.4697,0.6185,0.7452,
GBRU,2000-12-01,194.0000,26.2258,122.7393,1.2993,0.7308,0.2663
GBRU,2001-01-01,14.5000,27.9710,149.4599,0.2752,0.1343,0.0414
GBRU,2001-02-01,171.2000,27.1643,111.1287,0.0223,0.3654,0.4133
GBRU,2001-03-01,120.8000,26.1581,139.4849,-0.6875,0.5207,0.7560
GBRU,2001-04-01,171.3000,23.6033,111.0291,0.7055,0.6127,0.6199
GBRU,2001-05-01,43.4000,17.4839,54.4027,0.2582,0.0818,0.5087
GBRU,2001-06-01,19.7000,16.9033,48.4340,0.1905,-0.4505,0.0898
GBRU,2001-07-01,16.8000,18.4452,63.9643,-0.6293,0.0190,-0.0484
GBRU,2001-08-01,23.4000,21.8710,95.7714,-1.2124,-0.7028,-0.3830
GBRU,2001-09-01,130.3000,20.4233,70.2592,-0.4005,-0.2643,0.0487
GBRU,2001-10-01,64.9000,23.7355,102.9629,-0.3279,-0.8169,-0.2613
GBRU,2001-11-01,110.0000,25.2200,109.1835,0.2059,-0.7479,-0.6269
GBRU,2001-12-01,117.8000,25.1194,109.1780,-0.1605,-0.5346,-0.8594
GBRU,2002-01-01,35.9000,27.7806,146.7137,-0.7571,-0.9025,-0.7703
GBRU,2002-02-01,156.8000,25.8464,97.0872,-0.2661,-0.1612,-0.7716
GBRU,2002-03-01,81.6000,27.8935,166.0751,-1.0821,-0.9769,-1.0128
GBRU,2002-04-01,189.5000,23.6400,111.4982,0.4065,-0.3139,-0.9483
GBRU,2002-05-01,123.3000,21.0742,90.3529,0.2307,-0.1417,-0.7868
GBRU,2002-06-01,74.4000,16.4733,45.1600,0.9283,-0.0335,-0.5704
GBRU,2002-07-01,19.0000,14.6226,34.0396,0.3672,0.4476,-0.4488
GBRU,2002-08-01,30.7000,20.3355,78.5899,-0.1987,-0.0954,-0.3552
GBRU,2002-09-01,27.5000,20.8367,74.1888,-0.8322,0.1002,-0.7578
GBRU,2002-10-01,98.3000,26.5968,140.2637,-1.0918,-0.5418,-0.7722
GBRU,2002-11-01,336.3000,25.5267,112.8273,0.8980,0.4512,0.0828
GBRU,2002-12-01,33.5000,27.4710,139.2201,0.5486,-0.2367,-0.3641
GBRU,2003-01-01,196.9000,26.9774,135.4756,1.1422,0.1615,0.3160
GBRU,2003-02-01,226.7000,26.3893,102.7263,0.5726,0.9812,0.5806
GBRU,2003-03-01,194.9000,25.4516,129.4883,1.5096,1.4703,1.2239
GBRU,2003-04-01,30.3000,22.0833,92.6648,0.8535,1.3836,0.6204
GBRU,2003-05-01,6.2000,18.4452,62.9157,-0.3539,0.0769,0.2516
GBRU,2003-06-01,30.2000,20.3467,80.1424,-1.4395,0.3568,-0.0644
GBRU,2003-07-01,4.4000,16.7516,49.2413,-1.2466,-0.1867,-0.1811
GBRU,2003-08-01,12.0000,16.3065,43.1415,-0.9867,-1.0703,-0.1156
GBRU,2003-09-01,55.3000,21.7267,83.1147,-0.7790,-1.6694,-0.0415
GBRU,2003-10-01,55.7000,24.6742,114.4023,-0.9074,-1.6447,-0.1073
GBRU,2003-11-01,242.3000,26.1767,120.8025,0.2875,-0.5505,-0.5003
GBRU,2003-12-01,301.4000,26.6129,127.7226,1.4384,0.6027,0.6106
GBRU,2004-01-01,27.2000,27.5032,142.7682,1.1445,0.2585,-0.1056
GBRU,2004-02-01,73.1000,25.8552,100.6471,0.2581,0.2764,-0.6849
GBRU,2004-03-01,114.9000,24.6968,119.3207,-1.2047,0.3918,-0.9426
GBRU,2004-04-01,255.0000,23.9533,115.5581,0.7399,1.3014,-0.1820
GBRU,2004-05-01,62.1000,14.8548,34.9458,1.0503,0.8824,0.1495
GBRU,2004-06-01,59.1000,17.6367,54.3562,1.1001,0.0656,0.3709
GBRU,2004-07-01,54.8000,16.4097,46.5588,0.3215,0.6733,0.5901
GBRU,2004-08-01,2.8000,17.7581,54.3868,-0.2362,0.5593,0.5052
GBRU,2004-09-01,24.0000,20.9567,75.3551,-0.6975,0.3314,0.4082
GBRU,2004-10-01,120.4000,23.8258,104.0306,-0.6264,-0.3046,0.7206
GBRU,2004-11-01,291.2000,23.9100,94.4570,1.0480,0.5573,1.0429
GBRU,2004-12-01,91.0000,26.1129,121.3093,1.1616,0.3877,0.1901
GBRU,2005-01-01,118.0000,26.9839,135.5636,0.9769,0.2603,0.5916
GBRU,2005-02-01,75.9000,25.8036,96.6506,-0.4749,0.4123,0.6200
GBRU,2005-03-01,67.5000,25.0710,124.2954,-0.7011,0.3857,0.4031
GBRU,2005-04-01,151.5000,22.5200,97.7266,-0.1242,0.5666,0.0571
GBRU,2005-05-01,125.0000,19.9710,78.0752,0.3461,-0.1880,0.1360
GBRU,2005-06-01,,20.0933,77.4610,0.2088,-0.4440,-0.1886
GBRU,2005-07-01,2.0000,15.8210,42.1603,-0.4921,-0.5704,-0.3755
GBRU,2005-08-01,7.8000,19.5194,70.3150,-1.5693,-0.8107,-0.4172
GBRU,2005-09-01,78.3000,17.5333,46.4217,-0.4929,-0.3107,-0.0951
GBRU,2005-10-01,124.5000,21.7000,80.7078,0.1400,-0.3651,0.0130
GBRU,2005-11-01,114.6000,24.4967,100.8856,0.6318,-0.5494,-0.6902
GBRU,2005-12-01,,26.0145,120.0718,-0.4253,-0.7939,-1.0203
GBRU,2006-01-01,95.6000,27.4677,142.2685,-1.2629,-0.8320,-1.1254
GBRU,2006-02-01,22.1000,26.9107,108.3335,-2.6435,-0.9732,-1.3587
GBRU,2006-03-01,122.5000,27.2581,155.9979,-1.4097,-1.3801,-1.2762
GBRU,2006-04-01,107.8000,22.8367,101.5043,-0.8677,-1.6265,-1.4437
GBRU,2006-05-01,42.8000,16.5129,46.5822,-0.1782,-1.7452,-1.6200
GBRU,2006-06-01,39.9000,19.4367,70.7762,-0.1585,-1.1638,-1.4581
GBRU,2006-07-01,,20.0161,79.8650,-0.8779,-1.3736,-1.5962
GBRU,2006-08-01,28.6000,19.1484,66.7441,-1.2189,-1.0720,-1.5116
GBRU,2006-09-01,38.8000,20.8633,74.4470,-1.2696,-1.0852,-1.7447
GBRU,2006-10-01,303.4000,25.6306,126.8520,0.7120,-0.1193,-1.2822
GBRU,2006-11-01,158.5000,25.3783,111.0554,1.1910,0.1454,-1.1619
GBRU,2006-12-01,194.1000,27.7968,143.7508,1.6240,0.5455,-0.5349
GBRU,2007-01-01,146.4000,27.9065,148.5254,0.6697,0.9084,-0.3653
GBRU,2007-02-01,51.4000,27.1429,110.8908,-0.0325,0.8105,-0.2624
GBRU,2007-03-01,246.1000,26.4258,143.3970,0.3277,1.4229,0.2770
GBRU,2007-04-01,166.7000,23.8133,113.7328,0.6728,0.8783,0.4679
GBRU,2007-05-01,98.0000,16.2710,44.7517,1.2985,0.9048,0.7057
GBRU,2007-06-01,6.0000,16.6667,46.6141,0.4851,0.4782,0.6647
GBRU,2007-07-01,18.0000,13.6452,28.2082,0.0652,0.4390,0.9612
GBRU,2007-08-01,0.2000,14.5161,31.4560,-0.5878,0.5749,0.9910
GBRU,2007-09-01,20.0000,22.5500,91.9505,-0.8675,-0.3121,0.8350
GBRU,2007-10-01,46.9000,26.4613,138.3315,-1.7488,-1.1480,-0.2530
GBRU,2007-11-01,113.0000,24.0900,96.4010,-1.1969,-1.3794,-0.3718
GBRU,2007-12-01,340.5000,26.6823,128.6288,0.9105,0.0647,0.2644
GBRU,2008-01-01,151.2000,27.2355,139.0246,1.4593,0.1786,0.3225
GBRU,2008-02-01,166.3000,25.7414,99.4484,1.7028,0.6568,0.8493
GBRU,2008-03-01,239.4000,25.2548,126.7871,1.2084,1.4791,0.8917
GBRU,2008-04-01,29.4000,21.4267,85.3699,0.8333,1.6273,0.4343
GBRU,2008-05-01,,18.1516,60.2330,0.0226,1.3024,-0.0230
GBRU,2008-06-01,28.0000,14.5000,31.9329,-0.9310,0.3060,0.1228
GBRU,2008-07-01,42.0000,19.9032,78.6473,-0.7520,0.0599,0.0175
GBRU,2008-08-01,18.1000,18.6581,62.2033,-0.6101,-0.5355,-0.0333
GBRU,2008-09-01,13.3000,19.1300,58.8208,-0.9901,-1.4934,0.0715
GBRU,2008-10-01,44.9000,24.4806,111.9812,-1.3025,-1.5668,0.1688
GBRU,2008-11-01,169.1000,25.4067,111.3925,-0.3636,-0.8303,0.3352
GBRU,2008-12-01,52.3000,27.3161,137.0990,-0.6928,-1.3254,-0.8144
GBRU,2009-01-01,102.5000,25.8806,121.0321,-0.2905,-1.2110,-0.9272
GBRU,2009-02-01,233.8000,26.5286,104.2057,0.2293,-0.2088,-0.6956
GBRU,2009-03-01,70.3000,26.1581,139.4849,0.3329,-0.3365,-1.3547
GBRU,2009-04-01,37.5000,22.8333,101.4641,0.0229,-0.3195,-1.3829
GBRU,2009-05-01,320.7000,19.6677,74.8971,0.7703,0.6322,-0.2541
GBRU,2009-06-01,36.2000,14.7967,33.7389,1.1695,1.0336,-0.2293
GBRU,2009-07-01,122.3000,14.1742,31.2785,1.9259,1.5088,0.2769
GBRU,2009-08-01,12.5000,18.3194,59.1837,0.3650,0.7287,0.2665
GBRU,2009-09-01,56.9000,19.6300,63.0909,0.3084,1.0169,0.4270
GBRU,2009-10-01,55.0000,24.3452,110.3058,-0.8190,1.0557,0.4755
GBRU,2009-11-01,77.2000,29.5833,168.4209,-1.2596,-0.6353,-0.1231
GBRU,2009-12-01,185.8000,27.0290,133.2203,-0.6908,-0.3556,0.4279
GBRU,2010-01-01,72.1000,27.9774,149.5536,-0.8927,-1.3499,0.1883
GBRU,2010-02-01,94.1000,29.2571,135.9501,-0.4593,-1.3191,-0.4815
GBRU,2010-03-01,104.6000,26.6903,147.3294,-1.3609,-1.5566,-0.3807
GBRU,2010-04-01,34.5000,22.4233,96.5913,-1.1957,-1.6018,-0.3735
GBRU,2010-05-01,177.7000,16.7516,48.4341,0.2170,-0.2822,-0.8117
GBRU,2010-06-01,14.2000,17.4333,52.6708,0.2457,-0.7937,-0.9618
GBRU,2010-07-01,90.4000,15.4839,39.7647,0.9353,-0.0850,-1.1081
GBRU,2010-08-01,0.2000,17.5032,52.2929,-0.2464,-0.1390,-1.1276
GBRU,2010-09-01,49.7000,20.5967,71.8906,-0.1233,-0.0312,-1.1849
GBRU,2010-10-01,161.7000,22.1613,85.4534,0.0619,0.6534,-0.7048
GBRU,2010-11-01,93.0000,23.1367,86.3873,0.4539,0.0499,-0.3347
GBRU,2010-12-01,87.6000,27.4645,139.1313,0.2632,-0.0176,-0.7281
GBRU,2011-01-01,244.8000,29.1710,167.5242,0.2701,0.1193,-0.1384
GBRU,2011-02-01,426.7000,26.7607,106.7012,1.9549,1.8005,1.3743
GBRU,2011-03-01,65.6000,26.1290,139.0648,1.8557,1.5899,1.2373
GBRU,2011-04-01,93.5000,23.9567,115.6018,1.3778,1.1694,1.4159
GBRU,2011-05-01,18.8000,20.3710,82.3961,-1.3293,0.8542,0.5808
GBRU,2011-06-01,35.8000,17.6000,54.0498,-0.7803,1.0053,0.6654
GBRU,2011-07-01,111.2000,18.3065,62.6661,-0.1958,0.8750,0.6566
GBRU,2011-08-01,2.8000,19.6387,71.4890,-0.2347,-1.1813,0.5872
GBRU,2011-09-01,71.5000,22.9367,96.2964,-0.2853,-0.8854,0.5763
GBRU,2011-10-01,30.4000,25.6581,127.2210,-1.6939,-1.3457,-0.1224
GBRU,2011-11-01,254.0000,26.5667,125.7539,0.0947,-0.2257,0.3641
GBRU,2011-12-01,22.7000,27.7065,142.4855,-0.6419,-0.7936,0.0885
GBRU,2012-01-01,162.5000,27.7806,146.7137,0.2157,-0.9881,-0.1541
GBRU,2012-02-01,52.1000,27.4172,118.0321,-1.4499,-0.9715,-1.5721
GBRU,2012-03-01,150.9000,24.7355,119.8294,-0.0895,-0.6440,-1.2043
GBRU,2012-04-01,356.9000,21.9167,90.7774,1.4123,1.1638,-0.1274
GBRU,2012-05-01,44.6000,19.8226,76.5096,1.5803,0.4232,-0.0028
GBRU,2012-06-01,30.3000,17.4900,53.1371,1.3111,0.8804,-0.0209
GBRU,2012-07-01,17.4000,13.9806,30.1319,-0.4655,0.7489,-0.2604
GBRU,2012-08-01,16.2000,20.5581,80.9484,-0.7475,0.7544,-0.2451
GBRU,2012-09-01,14.8000,22.9200,96.1065,-1.3252,0.2117,-0.4620
GBRU,2012-10-01,148.9000,26.3871,137.2805,-1.0706,-1.2084,-0.0422
GBRU,2012-11-01,133.7000,25.7333,115.3258,-0.3352,-0.9016,-0.4674
GBRU,2012-12-01,219.2000,28.6161,155.5533,0.6575,-0.4069,0.2516
GBRU,2013-01-01,16.9000,28.0194,150.1633,-0.3346,-1.1076,-0.3360
GBRU,2013-02-01,221.9000,27.1536,111.0097,0.3289,-0.1102,0.3646
GBRU,2013-03-01,51.4000,23.8355,108.3533,-0.5644,0.0168,0.0104
GBRU,2013-04-01,81.0000,21.9567,91.2282,0.3449,-0.0971,-1.0356
GBRU,2013-05-01,72.4000,18.9742,67.9385,-0.4266,-0.1706,-0.9031
GBRU,2013-06-01,76.9000,17.3100,51.6648,0.1833,-0.3778,-0.7257
GBRU,2013-07-01,9.4000,16.7032,48.8559,-0.0216,0.1175,-0.8247
GBRU,2013-08-01,32.1000,15.5613,37.9943,-0.0972,-0.5050,-0.6057
GBRU,2013-09-01,20.4000,20.2267,68.4366,-0.6859,-0.4553,-0.4801
GBRU,2013-10-01,179.4000,23.2516,97.3608,0.2417,0.0376,-0.2096
GBRU,2013-11-01,75.2000,25.5067,112.5874,0.0241,-0.1815,-0.4243
GBRU,2013-12-01,60.5000,28.6516,156.0778,-0.3321,-0.8582,-1.0165
GBRU,2014-01-01,164.0000,27.7032,145.6058,-0.8783,-0.5253,-0.4531
GBRU,2014-02-01,80.4000,28.4321,125.7876,-0.9543,-0.7507,-1.0332
GBRU,2014-03-01,244.7000,23.9419,109.6728,0.7432,0.2343,-0.3165
GBRU,2014-04-01,267.8000,22.9667,103.0815,1.5270,0.6364,0.3777
GBRU,2014-05-01,252.3000,19.9290,77.6307,2.5001,1.5762,1.0972
GBRU,2014-06-01,172.4000,17.8233,55.9330,2.4250,2.4145,1.5036
GBRU,2014-07-01,58.4000,17.5710,56.0610,1.7149,2.3540,1.6952
GBRU,2014-08-01,1.6000,20.3000,78.2180,0.3349,2.2349,1.3731
GBRU,2014-09-01,108.9000,23.3100,100.6135,-0.4533,1.7331,1.6288
GBRU,2014-10-01,48.4000,27.3323,151.0508,-1.4619,0.5541,0.8123
GBRU,2014-11-01,166.1000,24.4600,100.4759,-0.1613,0.0123,1.2599
GBRU,2014-12-01,67.8000,26.7387,129.3693,-0.7321,-0.9792,1.4119
GBRU,2015-01-01,173.3000,27.3871,141.1368,0.2957,-0.8021,1.4741
GBRU,2015-02-01,115.9000,27.1107,110.5344,-0.1262,-0.3391,1.7065
GBRU,2015-03-01,196.4000,25.4290,129.1765,0.7238,-0.0255,1.3972
GBRU,2015-04-01,198.4000,23.4467,109.0388,1.0490,0.9072,1.0637
GBRU,2015-05-01,138.4000,19.9645,78.0068,1.3399,0.8833,0.5769
GBRU,2015-06-01,45.3000,19.5800,72.2029,0.8296,1.0400,-0.0050
GBRU,2015-07-01,32.8000,17.4097,54.6743,0.1293,0.7943,-0.1004
GBRU,2015-08-01,23.5000,21.5581,92.0952,-0.9047,0.4438,-0.0688
GBRU,2015-09-01,2.0000,22.0367,86.3755,-1.5067,-0.3348,-0.4277
GBRU,2015-10-01,121.5000,23.9194,105.1438,-1.0925,-0.7451,0.0353
GBRU,2015-11-01,228.5000,25.1267,108.0894,0.4011,-0.4060,0.2549
GBRU,2015-12-01,254.2000,27.1806,135.2598,1.5336,0.3522,1.0107
GBRU,2016-01-01,119.6000,28.4032,155.8171,1.2685,0.2813,0.7182
GBRU,2016-02-01,381.1000,28.0862,126.0193,1.9192,1.7345,1.8275
GBRU,2016-03-01,267.1000,23.9032,109.1918,2.0919,2.6683,2.2615
GBRU,2016-04-01,39.7000,24.1667,118.3750,1.9034,2.3146,1.4713
GBRU,2016-05-01,58.8000,16.6129,47.3524,0.6397,1.8894,1.2520
GBRU,2016-06-01,28.7000,12.6433,22.0093,-0.4089,1.4264,1.4020
GBRU,2016-07-01,6.0000,16.7129,48.9328,-0.1318,1.3978,1.3077
GBRU,2016-08-01,12.9000,19.0194,65.5296,-0.6464,-0.0481,1.3791
GBRU,2016-09-01,33.4000,18.9967,57.7139,-0.9285,-1.0753,1.6522
GBRU,2016-10-01,102.9000,23.6387,101.8266,-0.5352,-0.6054,1.5821
GBRU,2016-11-01,212.7000,23.8867,94.2069,0.6672,-0.0243,1.5733
GBRU,2016-12-01,236.8000,26.4484,125.5894,1.4099,0.4985,1.5380
GBRU,2017-01-01,103.3000,27.8581,147.8270,1.1742,0.4908,1.5002
GBRU,2017-02-01,337.1000,26.9036,108.2555,1.7246,1.7369,1.3818
GBRU,2017-03-01,123.5000,25.4226,129.0875,1.1398,1.8130,0.6719
GBRU,2017-04-01,222.3000,21.5067,86.2385,2.0153,2.3413,1.6144
GBRU,2017-05-01,119.8000,20.0613,79.0381,1.0995,2.0413,1.7498
GBRU,2017-06-01,40.9000,17.5400,53.5507,1.0612,1.5389,1.6602
GBRU,2017-07-01,11.2000,18.6710,66.1136,-0.1468,1.4952,1.6051
GBRU,2017-08-01,29.8000,20.9839,85.5839,-0.9618,0.1880,1.5907
GBRU,2017-09-01,76.0000,22.3833,90.1163,-0.9759,0.1449,1.6375
GBRU,2017-10-01,124.4000,23.2613,97.4709,-0.2699,-0.4324,1.7571
GBRU,2017-11-01,198.3000,24.0700,96.1838,0.7836,-0.1017,1.6812
GBRU,2017-12-01,109.9000,27.7387,142.9366,0.6718,-0.2098,1.0351
GBRU,2018-01-01,229.0000,26.9387,134.9482,1.0555,0.5430,1.6550
GBRU,2018-02-01,131.5000,25.9214,97.8544,0.6637,0.9590,0.7919
GBRU,2018-03-01,212.5000,24.6516,118.7290,1.3628,1.4316,1.2225
GBRU,2018-04-01,0.9000,24.8767,128.0612,0.0499,0.7471,0.1167
GBRU,2018-05-01,87.2000,20.3032,81.6540,-0.1546,0.2828,-0.0232
GBRU,2018-06-01,5.9000,15.8767,40.8540,-1.3010,0.2732,-0.1110
GBRU,2018-07-01,23.7000,15.3581,38.8932,-0.2826,-0.2933,0.0458
GBRU,2018-08-01,29.8000,15.3129,36.3695,-0.3782,-0.5147,0.2430
GBRU,2018-09-01,148.6000,21.8667,84.5775,0.3354,-0.6834,0.5635
GBRU,2018-10-01,289.9000,23.4839,100.0251,1.4924,0.9279,1.2636
GBRU,2018-11-01,205.9000,25.7067,115.0014,1.9506,1.3058,1.2139
GBRU,2018-12-01,77.7000,27.3548,137.6273,1.3596,1.1972,1.0957
GBRU,2019-01-01,90.4000,29.4903,172.5527,-0.3341,0.8980,0.3518
GBRU,2019-02-01,216.4000,28.1000,121.8362,-0.3053,1.3454,0.6033
GBRU,2019-03-01,211.7000,25.1677,125.6029,0.6867,1.4396,0.5713
GBRU,2019-04-01,315.8000,23.8533,114.2524,2.1155,1.4890,2.0356
GBRU,2019-05-01,105.6000,21.2194,92.0534,1.7511,1.1557,2.0739
GBRU,2019-06-01,6.9000,19.2067,68.5244,1.0024,1.1483,1.9467
GBRU,2019-07-01,87.8000,15.5935,40.5344,0.0423,1.6985,2.2472
GBRU,2019-08-01,51.5000,17.4032,51.4853,-0.0549,1.3004,2.2794
GBRU,2019-09-01,3.5000,21.1800,77.5563,-0.1466,0.5742,1.6245
GBRU,2019-10-01,43.2000,24.0645,106.8860,-1.1038,-0.8242,0.5192
GBRU,2019-11-01,139.4000,27.1767,133.7522,-1.0473,-0.8708,0.1713
GBRU,2019-12-01,144.4000,25.3903,112.4066,-0.1411,-0.3394,0.5468
GBRU,2020-01-01,233.8000,27.2258,138.8905,0.8851,-0.0847,1.3085
GBRU,2020-02-01,77.9000,26.5759,108.4507,0.6738,-0.2469,0.7648
GBRU,2020-03-01,46.5000,26.6935,147.3777,-0.2202,-0.3927,-0.0006
GBRU,2020-04-01,25.1000,21.6167,87.4418,-1.7377,-0.3853,-1.0005
GBRU,2020-05-01,32.1000,18.4419,62.8858,-1.7407,-0.5884,-1.1605
GBRU,2020-06-01,34.5000,19.6067,72.4703,-1.0374,-0.9975,-1.0754
GBRU,2020-07-01,21.3000,17.2258,53.1200,-0.7499,-1.8169,-1.3576
GBRU,2020-08-01,9.2000,20.8581,84.1973,-1.1761,-2.1341,-1.6194
GBRU,2020-09-01,15.8000,22.6267,92.8022,-1.6137,-1.9615,-1.6296
GBRU,2020-10-01,71.2000,26.2452,135.2840,-2.0399,-1.9739,-1.6310
GBRU,2020-11-01,232.0000,25.5567,113.1879,-0.1131,-0.9942,-1.2342
GBRU,2020-12-01,251.3000,26.2387,122.9034,1.1633,-0.0612,-0.8857
GBRU,2021-01-01,191.6000,27.0097,135.9160,1.7591,0.3814,-1.0287
GBRU,2021-02-01,34.5000,25.4893,93.4864,0.8425,0.4594,-1.1313
GBRU,2021-03-01,106.0000,24.5323,117.1741,-0.0558,0.7715,-0.8045
GBRU,2021-04-01,146.7000,22.1067,92.9309,-0.0698,1.2989,-0.3677
GBRU,2021-05-01,25.9000,18.3613,62.1416,0.0928,0.5968,-0.3886
GBRU,2021-06-01,28.8000,16.0533,42.1006,0.0779,-0.1113,-0.2939
GBRU,2021-07-01,35.8000,16.0387,43.7550,-0.3844,-0.4552,-0.2014
GBRU,2021-08-01,2.5000,18.7935,63.4378,-0.5888,-0.4660,-0.1466
GBRU,2021-09-01,31.4000,24.0417,109.4244,-1.1983,-0.8487,-0.1506
GBRU,2021-10-01,139.8000,24.3355,110.1868,-0.8298,-0.9929,0.2213
GBRU,2021-11-01,94.6000,25.8500,116.7515,-0.4909,-0.9083,-0.3338
GBRU,2021-12-01,38.1000,28.3000,150.9298,-0.7932,-1.5321,-1.2264
GBRU,2022-01-01,60.4000,31.8194,212.1236,-3.4026,-2.5719,-1.9447
GBRU,2022-02-01,23.5000,30.1429,147.4217,-4.7534,-3.0996,-2.1613
GBRU,2022-03-01,213.8000,26.2452,140.7500,-1.8529,-1.9122,-1.8796
GBRU,2022-04-01,69.0000,24.5567,123.6360,-0.7945,-2.5414,-2.2411
GBRU,2022-05-01,57.4000,16.4419,46.0404,0.2528,-2.2823,-2.0836
GBRU,2022-06-01,15.8000,14.8067,33.8008,-0.4149,-1.6092,-2.0992
GBRU,2022-07-01,1.6000,20.5742,86.0588,-0.6658,-1.1753,-2.3511
GBRU,2022-08-01,4.1000,19.2645,67.8493,-1.4076,-0.8119,-2.3603
GBRU,2022-09-01,7.0000,19.4933,61.9050,-1.8598,-1.6127,-2.2847
GBRU,2022-10-01,258.3000,21.9581,83.3416,0.4262,-0.2419,-1.7993
GBRU,2022-11-01,162.0000,23.2767,87.8146,1.2220,0.0873,-1.4670
GBRU,2022-12-01,78.7000,27.4452,138.8651,1.1943,-0.1318,-1.2815
GBRU,2023-01-01,76.4000,28.0871,151.1514,-0.4105,-0.0808,-1.0051
GBRU,2023-02-01,107.6000,26.2286,101.0359,-1.0104,0.2781,-0.5215
GBRU,2023-03-01,102.6000,25.8484,135.0450,-0.7504,0.3889,-0.9140
GBRU,2023-04-01,122.3000,21.6200,87.4785,0.1108,-0.3337,-0.5820
GBRU,2023-05-01,151.4000,19.0290,68.4732,0.6070,-0.2863,-0.3096
GBRU,2023-06-01,13.0000,18.7700,64.3749,0.4899,-0.2390,-0.4374
GBRU,2023-07-01,22.5000,18.9613,68.9433,-0.0589,-0.0887,-0.2917
GBRU,2023-08-01,21.4000,21.7452,94.2824,-1.4587,-0.5193,-0.3269
GBRU,2023-09-01,36.3000,24.0533,109.5686,-1.7227,-0.7522,-0.3973
GBRU,2023-10-01,44.5000,25.7968,129.0978,-2.2612,-1.4884,-1.3502
GBRU,2023-11-01,180.1000,27.4867,137.9370,-0.8890,-1.7620,-1.4627
GBRU,2023-12-01,252.8000,27.9323,145.6618,0.4794,-0.7619,-0.8630
LUQUE,2000-01-01,204.4000,28.5516,159.2003,,,
LUQUE,2000-02-01,33.1000,27.5000,119.4525,,,
LUQUE,2000-03-01,77.6000,26.6226,146.4193,-1.0494,,
LUQUE,2000-04-01,128.7000,23.8933,113.6851,-1.3076,,
LUQUE,2000-05-01,257.4000,18.4613,60.9608,0.6427,,
LUQUE,2000-06-01,134.7000,19.0200,64.6860,1.3635,0.3836,
LUQUE,2000-07-01,34.7000,13.2613,24.4555,1.3404,0.2077,
LUQUE,2000-08-01,44.1000,19.7194,70.3143,0.1203,0.5085,
LUQUE,2000-09-01,48.9000,20.5867,70.1195,-0.4895,0.7403,
LUQUE,2000-10-01,221.3000,24.6226,112.9957,0.1627,1.1799,
LUQUE,2000-11-01,137.9000,24.1567,96.3061,0.5641,0.4395,
LUQUE,2000-12-01,146.7000,26.3645,124.4837,0.8046,0.1995,0.3327
LUQUE,2001-01-01,27.4000,27.9161,149.4399,-0.6435,-0.4974,-0.2946
LUQUE,2001-02-01,227.3000,27.0393,109.9843,-0.1139,0.2565,0.4713
LUQUE,2001-03-01,192.4000,26.3935,142.9061,0.0620,0.6075,0.9266
LUQUE,2001-04-01,137.1000,23.9400,114.3103,0.8981,0.1814,0.9568
LUQUE,2001-05-01,66.4000,17.9516,56.3475,0.2935,0.0194,0.2423
LUQUE,2001-06-01,60.4000,17.8833,54.3984,0.0244,-0.0649,0.0013
LUQUE,2001-07-01,5.5000,19.4581,71.8493,-0.5848,0.2217,-0.2843
LUQUE,2001-08-01,34.9000,22.3419,99.8782,-1.1785,-0.7502,-0.4277
LUQUE,2001-09-01,180.5000,20.7967,72.1487,-0.3886,-0.4254,0.0546
LUQUE,2001-10-01,106.5000,24.2452,108.1945,0.0424,-0.5592,-0.3554
LUQUE,2001-11-01,174.4000,25.6167,113.5768,0.7794,-0.2839,-0.2842
LUQUE,2001-12-01,128.5000,25.4355,112.5434,0.2497,-0.2309,-0.3074
LUQUE,2002-01-01,63.5000,27.5065,143.3571,-0.2513,-0.3029,-0.1506
LUQUE,2002-02-01,127.2000,25.6250,94.5692,-0.4472,0.2060,-0.4645
LUQUE,2002-03-01,187.7000,27.6774,163.3174,-0.3877,-0.2302,-0.5568
LUQUE,2002-04-01,111.4000,24.3567,119.9911,0.0850,-0.2669,-0.6718
LUQUE,2002-05-01,176.2000,21.6000,94.7823,0.3821,-0.1576,-0.4096
LUQUE,2002-06-01,97.7000,17.4833,51.0472,0.5116,0.0029,-0.2591
LUQUE,2002-07-01,52.7000,15.9484,41.0784,0.6262,0.4662,0.0319
LUQUE,2002-08-01,46.0000,21.0484,84.4625,-0.0987,0.1080,0.1316
LUQUE,2002-09-01,41.2000,21.3333,77.5051,-0.6803,-0.2084,-0.4078
LUQUE,2002-10-01,90.7000,25.6613,126.9119,-1.0578,-0.3560,-0.5350
LUQUE,2002-11-01,308.7000,25.5500,112.7480,0.5342,0.2417,-0.0338
LUQUE,2002-12-01,125.8000,27.4516,139.4561,0.6619,-0.0684,-0.1444
LUQUE,2003-01-01,168.8000,27.6419,145.3507,0.9830,-0.0068,0.2435
LUQUE,2003-02-01,202.5000,26.5536,104.5208,0.4439,0.6771,0.4919
LUQUE,2003-03-01,47.0000,25.8613,134.9527,-0.0100,0.4238,0.0664
LUQUE,2003-04-01,125.2000,23.2400,105.1620,-0.0320,0.6994,0.1742
LUQUE,2003-05-01,24.0000,19.7548,73.7432,-1.1135,-0.5661,-0.3162
LUQUE,2003-06-01,45.9000,21.2100,87.8716,-0.7451,-0.7234,-0.6425
LUQUE,2003-07-01,2.6000,17.9871,57.6055,-1.3661,-1.1736,-0.8853
LUQUE,2003-08-01,55.1000,17.4226,49.6450,-0.8998,-1.7354,-0.7255
LUQUE,2003-09-01,80.1000,22.1267,85.8821,-0.6220,-1.2347,-0.6139
LUQUE,2003-10-01,165.4000,24.6097,112.8293,0.1090,-1.0440,-0.2866
LUQUE,2003-11-01,172.0000,24.9000,104.8699,0.4796,-0.3901,-0.7602
LUQUE,2003-12-01,213.1000,25.7065,115.9461,1.0406,0.3337,-0.3533
LUQUE,2004-01-01,27.4000,28.2323,154.2456,0.0154,-0.0332,-0.9038
LUQUE,2004-02-01,84.0000,26.7276,110.2596,-0.6266,-0.1998,-1.3506
LUQUE,2004-03-01,72.2000,25.8903,135.3790,-2.0552,-0.5088,-1.2621
LUQUE,2004-04-01,173.8000,24.6700,124.3807,-0.5099,-0.5260,-1.1567
LUQUE,2004-05-01,129.7000,16.1968,42.1988,0.2416,-0.4150,-0.6592
LUQUE,2004-06-01,72.1000,18.7533,62.1691,0.6661,-0.8999,-0.4686
LUQUE,2004-07-01,73.6000,17.4871,53.2169,0.5020,-0.0953,-0.1895
LUQUE,2004-08-01,1.6000,18.5129,58.8810,-0.4167,-0.2592,-0.4220
LUQUE,2004-09-01,27.2000,21.9133,83.5749,-0.9138,-0.2230,-0.6080
LUQUE,2004-10-01,208.3000,23.6806,101.2619,-0.2755,0.0781,-0.4077
LUQUE,2004-11-01,401.5000,23.9533,94.0448,1.7229,1.1502,0.4946
LUQUE,2004-12-01,292.0000,26.1323,121.4258,2.6711,1.8685,0.7764
LUQUE,2005-01-01,71.3000,27.4871,143.0737,1.9372,1.4624,0.9898
LUQUE,2005-02-01,51.7000,27.1321,111.0492,0.0283,1.4531,0.8614
LUQUE,2005-03-01,19.8000,26.6710,147.1685,-2.5559,1.1291,0.6140
LUQUE,2005-04-01,179.3000,22.7067,98.5185,-1.0162,1.0066,0.7346
LUQUE,2005-05-01,295.4000,20.9903,87.4531,0.7461,0.5288,1.2028
LUQUE,2005-06-01,46.5000,20.8700,83.9694,1.2150,-0.5516,1.0176
LUQUE,2005-07-01,0.8000,17.1226,50.1574,0.5210,-0.4291,0.7473
LUQUE,2005-08-01,19.0000,22.0871,96.7089,-1.5301,-0.5293,0.6687
LUQUE,2005-09-01,85.8000,18.0767,48.6538,-0.8871,0.3328,1.0306
LUQUE,2005-10-01,292.6000,22.2226,84.6972,0.7787,0.9508,1.4266
LUQUE,2005-11-01,61.5000,25.3300,110.0404,0.9346,-0.3385,0.0547
LUQUE,2005-12-01,111.7000,26.5903,127.5039,0.6478,-0.2227,-0.6364
LUQUE,2006-01-01,75.7000,28.4871,158.1912,-1.3672,-0.4003,-0.6756
LUQUE,2006-02-01,79.8000,27.3714,113.8241,-1.2388,-0.1669,-0.5829
LUQUE,2006-03-01,235.5000,26.4645,143.9888,-0.4029,0.1159,0.2322
LUQUE,2006-04-01,61.9000,23.0867,103.2234,-0.1226,-1.2564,-0.2255
LUQUE,2006-05-01,37.3000,17.8581,55.5260,-0.0197,-1.0782,-1.0535
LUQUE,2006-06-01,100.2000,20.3833,78.5811,-0.4949,-0.8629,-0.8396
LUQUE,2006-07-01,6.5000,21.0290,89.3723,-0.8052,-0.8651,-0.9611
LUQUE,2006-08-01,60.9000,20.3129,76.4268,-0.7843,-0.7605,-0.7352
LUQUE,2006-09-01,134.1000,21.0500,74.6464,-0.5022,-0.9425,-0.6537
LUQUE,2006-10-01,333.5000,25.4323,123.7537,1.2271,0.3971,-0.6470
LUQUE,2006-11-01,217.9000,24.6600,102.0535,1.8438,1.0438,-0.0386
LUQUE,2006-12-01,271.3000,28.0871,148.7218,2.1176,1.5054,0.4845
LUQUE,2007-01-01,199.9000,27.5806,144.4466,1.4233,2.1071,1.0163
LUQUE,2007-02-01,41.3000,27.5750,116.2197,0.4167,1.8528,0.8575
LUQUE,2007-03-01,150.3000,27.0032,152.3802,-0.3786,1.5829,0.4977
LUQUE,2007-04-01,274.7000,24.0367,115.6124,0.2920,1.3556,1.2743
LUQUE,2007-05-01,158.0000,17.0226,48.5295,1.2904,1.3266,1.7814
LUQUE,2007-06-01,6.0000,17.9033,54.5696,1.0568,0.5171,1.5014
LUQUE,2007-07-01,66.5000,15.2742,36.3819,0.3454,0.3916,1.9537
LUQUE,2007-08-01,3.9000,16.4419,42.1848,-0.6324,0.5726,1.8619
LUQUE,2007-09-01,19.9000,24.2400,110.9836,-0.9618,0.1271,1.2633
LUQUE,2007-10-01,118.5000,25.8323,129.3029,-1.3077,-0.7849,0.4102
LUQUE,2007-11-01,214.4000,23.8267,92.6536,-0.0983,-0.7160,0.4327
LUQUE,2007-12-01,279.0000,26.7742,129.9977,1.2582,0.3296,0.5336
LUQUE,2008-01-01,274.1000,27.2452,139.5621,1.9330,0.8401,0.8377
LUQUE,2008-02-01,150.2000,26.1793,104.0195,1.5925,1.2352,1.3103
LUQUE,2008-03-01,150.7000,26.0742,138.0989,0.9178,1.7006,1.3682
LUQUE,2008-04-01,162.9000,21.7933,87.7812,0.5936,2.0716,1.0389
LUQUE,2008-05-01,34.3000,18.7290,63.4787,0.1483,1.4112,0.5039
LUQUE,2008-06-01,54.4000,15.5833,36.9429,0.1783,0.8000,0.7573
LUQUE,2008-07-01,47.5000,21.4613,94.6327,-0.6482,-0.1097,0.4611
LUQUE,2008-08-01,21.7000,19.5548,68.6778,-0.7833,-0.6116,0.4280
LUQUE,2008-09-01,49.9000,19.4200,59.5142,-0.9981,-0.7353,0.7401
LUQUE,2008-10-01,70.5000,24.2806,108.6402,-0.9254,-1.3936,0.6349
LUQUE,2008-11-01,110.3000,26.0833,119.4891,-0.6339,-1.2738,0.1370
LUQUE,2008-12-01,36.3000,28.2355,150.9409,-1.5060,-2.0974,-0.8384
LUQUE,2009-01-01,80.5000,26.3581,127.1625,-1.5866,-2.0943,-1.4893
LUQUE,2009-02-01,199.4000,27.0857,110.5159,-0.7508,-1.2487,-1.3373
LUQUE,2009-03-01,36.8000,27.2161,155.7814,-0.7841,-1.9228,-1.8030
LUQUE,2009-04-01,27.0000,24.2833,118.9784,-1.1508,-2.2751,-2.3836
LUQUE,2009-05-01,361.8000,20.4226,80.9659,0.2180,-0.5258,-1.2968
LUQUE,2009-06-01,50.9000,15.5467,36.6991,0.9690,0.1555,-1.3084
LUQUE,2009-07-01,151.5000,14.8484,33.6025,1.9663,0.9621,-0.7124
LUQUE,2009-08-01,44.4000,19.2871,66.0674,0.4594,0.4275,-0.6198
LUQUE,2009-09-01,30.3000,19.8433,63.2333,0.1777,0.8460,-0.7051
LUQUE,2009-10-01,70.8000,23.8226,102.9771,-0.8623,1.1271,-0.6833
LUQUE,2009-11-01,191.0000,28.4500,152.5285,-0.4144,-0.0640,-0.5085
LUQUE,2009-12-01,179.6000,26.8226,130.6592,0.1277,0.1158,0.1000
LUQUE,2010-01-01,162.3000,27.7677,147.2178,0.4131,-0.4262,0.3333
LUQUE,2010-02-01,125.1000,28.8000,131.3228,0.1437,-0.3428,-0.0252
LUQUE,2010-03-01,88.3000,26.8258,149.5827,-0.6004,-0.4965,0.1917
LUQUE,2010-04-01,47.2000,23.0333,102.5545,-1.1575,-0.6240,0.3303
LUQUE,2010-05-01,166.2000,17.5548,52.9165,-0.2532,-0.2184,-0.2981
LUQUE,2010-06-01,22.9000,18.8067,62.6673,-0.1095,-0.7013,-0.4974
LUQUE,2010-07-01,171.9000,16.7129,46.8567,0.9454,-0.1063,-0.4711
LUQUE,2010-08-01,0.1000,18.6065,59.7212,-0.0605,-0.3906,-0.6106
LUQUE,2010-09-01,66.5000,21.1200,75.3462,0.1360,-0.1114,-0.5221
LUQUE,2010-10-01,220.7000,21.6355,78.5570,0.2412,0.8740,0.1265
LUQUE,2010-11-01,70.7000,23.7233,91.5286,0.4712,0.2157,-0.0959
LUQUE,2010-12-01,243.3000,26.9194,131.9886,1.1213,0.9543,0.1381
LUQUE,2011-01-01,104.5000,27.9935,150.6077,0.0595,0.1133,-0.0915
LUQUE,2011-02-01,185.5000,26.4357,103.2221,0.6696,0.8155,0.2412
LUQUE,2011-03-01,121.7000,26.0194,137.2840,-0.0936,0.7832,0.4146
LUQUE,2011-04-01,181.1000,23.4700,108.1138,0.6261,0.4461,0.9077
LUQUE,2011-05-01,19.3000,19.8129,74.3540,-0.2147,0.2749,0.2627
LUQUE,2011-06-01,49.2000,17.3700,50.1225,-0.1171,-0.3083,0.4102
LUQUE,2011-07-01,152.4000,17.8129,56.0511,0.0341,0.4262,0.3012
LUQUE,2011-08-01,8.1000,19.1065,64.3427,0.0265,-0.2872,0.3140
LUQUE,2011-09-01,67.1000,21.6933,81.2378,-0.0585,-0.2795,0.2939
LUQUE,2011-10-01,214.4000,24.1548,107.0654,0.0123,-0.0978,0.1623
LUQUE,2011-11-01,224.5000,25.2233,108.7428,0.9997,0.7588,0.6825
LUQUE,2011-12-01,46.5000,26.8000,130.3502,0.6237,0.3522,-0.0577
LUQUE,2012-01-01,37.1000,28.4355,157.3869,-0.8749,-0.7977,-0.3337
LUQUE,2012-02-01,81.6000,28.3448,130.0567,-2.4809,-0.7539,-0.8135
LUQUE,2012-03-01,177.7000,25.1839,125.2504,-1.1020,-0.3871,-0.5648
LUQUE,2012-04-01,233.7000,22.0533,90.7567,0.6666,-0.1967,-0.3068
LUQUE,2012-05-01,23.9000,20.3065,79.6785,0.6258,-1.1520,-0.3095
LUQUE,2012-06-01,49.6000,18.2633,57.7104,0.2738,-0.7180,-0.3361
LUQUE,2012-07-01,54.8000,15.4871,37.8254,-0.5600,0.0204,-0.6284
LUQUE,2012-08-01,10.2000,21.8484,93.7997,-0.7685,-0.1632,-0.7284
LUQUE,2012-09-01,59.6000,23.2600,98.8281,-1.0155,-0.6597,-0.8198
LUQUE,2012-10-01,135.4000,25.7903,128.7138,-1.1008,-1.4509,-1.1834
LUQUE,2012-11-01,248.9000,26.2800,122.0388,0.3650,-0.4053,-1.1436
LUQUE,2012-12-01,106.9000,28.9065,161.2413,0.2747,-0.6589,-1.0373
LUQUE,2013-01-01,31.8000,28.0806,151.9286,-0.5651,-1.4551,-1.0367
LUQUE,2013-02-01,185.0000,27.0250,109.8210,-0.9621,-0.5391,-0.5869
LUQUE,2013-03-01,59.7000,24.2839,113.0719,-0.9543,-0.6171,-0.9724
LUQUE,2013-04-01,80.7000,22.6600,97.9505,-0.1998,-0.7506,-1.5458
LUQUE,2013-05-01,161.2000,19.4516,70.6056,-0.0976,-0.9566,-1.0223
LUQUE,2013-06-01,172.3000,17.8733,54.3130,0.9073,-0.0159,-0.5632
LUQUE,2013-07-01,22.8000,17.7032,55.0864,0.8271,0.4302,-0.7435
LUQUE,2013-08-01,52.0000,16.3484,41.5136,0.3760,0.1036,-0.3982
LUQUE,2013-09-01,34.1000,20.7200,71.4035,-0.6500,0.1857,-0.3911
LUQUE,2013-10-01,119.6000,23.5484,99.6802,-0.2774,0.3731,-0.3421
LUQUE,2013-11-01,144.1000,25.6167,113.5768,-0.1426,0.0685,-0.6964
LUQUE,2013-12-01,95.7000,28.5516,155.7394,-0.2958,-0.8958,-0.7172
LUQUE,2014-01-01,74.8000,28.5806,159.6557,-1.0860,-1.2008,-0.5881
LUQUE,2014-02-01,342.9000,28.7036,130.0906,0.2060,-0.0783,-0.0786
LUQUE,2014-03-01,192.3000,24.5774,116.9561,0.9703,0.4938,0.4069
LUQUE,2014-04-01,325.0000,22.9833,101.9300,2.3788,1.4499,1.3376
LUQUE,2014-05-01,112.0000,19.7710,73.9125,1.6239,1.4839,1.1315
LUQUE,2014-06-01,126.7000,18.1333,56.5631,1.5998,2.0521,0.9449
LUQUE,2014-07-01,74.1000,18.4226,61.6122,0.5187,2.4586,1.1194
LUQUE,2014-08-01,7.1000,21.0581,84.5717,-0.1958,1.1987,0.7778
LUQUE,2014-09-01,60.2000,23.6700,103.8032,-1.0380,0.6359,0.7535
LUQUE,2014-10-01,98.3000,27.1129,148.1408,-1.5907,-0.7908,0.4858
LUQUE,2014-11-01,345.5000,24.8600,104.3971,0.6706,0.2900,1.3021
LUQUE,2014-12-01,151.5000,26.4968,126.2470,1.0389,0.0613,1.6401
LUQUE,2015-01-01,223.6000,27.6645,145.6847,1.6597,0.3929,2.2976
LUQUE,2015-02-01,225.8000,27.0464,110.0659,1.0512,1.3128,1.9035
LUQUE,2015-03-01,58.5000,26.1161,138.7241,0.4767,1.1446,1.2841
LUQUE,2015-04-01,161.3000,23.5800,109.5441,0.3231,1.6047,0.6186
LUQUE,2015-05-01,404.1000,20.1419,77.8773,1.4419,1.9755,1.7478
LUQUE,2015-06-01,100.6000,19.9867,74.3580,1.9283,1.9798,1.5726
LUQUE,2015-07-01,103.8000,17.9871,57.6055,1.9039,1.8431,1.7070
LUQUE,2015-08-01,53.3000,22.8194,105.9941,-0.0991,1.0869,1.8063
LUQUE,2015-09-01,4.4000,22.6967,92.2468,-0.9224,1.0513,1.6293
LUQUE,2015-10-01,135.1000,24.0290,105.5053,-1.0575,0.9473,1.9480
LUQUE,2015-11-01,174.8000,24.9633,105.6214,-0.1573,-0.3455,1.2631
LUQUE,2015-12-01,481.9000,26.8065,130.4385,2.1263,1.2641,2.5784
LUQUE,2016-01-01,148.8000,28.5935,159.8584,1.9517,0.9987,2.2130
LUQUE,2016-02-01,307.0000,28.0966,126.8800,2.4164,2.0387,2.4769
LUQUE,2016-03-01,92.7000,24.3129,113.4523,0.6742,2.3208,2.7232
LUQUE,2016-04-01,148.5000,25.0600,129.9871,0.8356,2.2747,2.5852
LUQUE,2016-05-01,85.5000,17.2484,50.3608,-0.0137,2.1319,1.4081
LUQUE,2016-06-01,2.7000,14.1800,28.3355,-0.0452,0.4077,1.2038
LUQUE,2016-07-01,21.2000,18.0226,57.9255,-0.4185,0.2791,0.8806
LUQUE,2016-08-01,31.9000,20.0452,73.6289,-1.0011,-0.9100,0.9231
LUQUE,2016-09-01,29.8000,19.6567,61.5755,-1.0515,-0.9732,1.1416
LUQUE,2016-10-01,180.9000,23.7258,101.8056,-0.1929,-0.6310,1.3360
LUQUE,2016-11-01,163.7000,24.3133,98.0720,0.4740,-0.4635,1.3220
LUQUE,2016-12-01,191.7000,26.5806,127.3735,1.0002,0.0142,0.2143
LUQUE,2017-01-01,104.4000,28.3968,156.7854,0.2648,-0.0673,0.0586
LUQUE,2017-02-01,145.1000,27.1536,111.2959,0.0682,0.3195,-0.4855
LUQUE,2017-03-01,69.1000,26.1581,139.3512,-0.8785,0.1244,-0.6672
LUQUE,2017-04-01,196.4000,22.0100,90.2564,0.2169,0.2620,-0.3448
LUQUE,2017-05-01,128.3000,20.5645,82.5576,0.2893,0.1610,-0.3055
LUQUE,2017-06-01,46.6000,18.2333,57.4443,0.6337,-0.2303,-0.2506
LUQUE,2017-07-01,1.3000,19.8258,75.7317,-0.5064,-0.3482,-0.3903
LUQUE,2017-08-01,36.3000,22.0548,96.3124,-1.3533,-0.8670,-0.4578
LUQUE,2017-09-01,48.0000,23.4433,101.0333,-1.7530,-0.7696,-0.5360
LUQUE,2017-10-01,187.9000,23.6129,100.4497,-0.4071,-0.8754,-0.5053
LUQUE,2017-11-01,217.3000,24.2333,97.1677,0.7087,-0.4613,-0.3040
LUQUE,2017-12-01,109.6000,27.6161,141.8181,0.8221,-0.5784,-0.6595
LUQUE,2018-01-01,197.6000,26.9935,135.9695,0.6811,0.1435,-0.2392
LUQUE,2018-02-01,111.2000,26.5250,104.2050,0.0088,0.4802,-0.3386
LUQUE,2018-03-01,288.0000,25.2129,125.6566,1.1129,1.4924,0.5365
LUQUE,2018-04-01,0.0000,25.7967,141.0158,-0.0432,0.4153,-0.3925
LUQUE,2018-05-01,148.5000,21.3871,92.1797,0.2653,0.0928,-0.3533
LUQUE,2018-06-01,50.4000,16.3567,42.3307,-0.7831,0.2977,-0.2833
LUQUE,2018-07-01,47.9000,16.8355,47.8292,0.1848,-0.0171,-0.0055
LUQUE,2018-08-01,13.5000,16.7548,44.4805,-0.3877,-0.2165,0.1035
LUQUE,2018-09-01,209.1000,21.8500,82.8977,0.3707,-0.4102,0.7866
LUQUE,2018-10-01,283.3000,23.6452,100.8359,1.3452,1.2010,1.1560
LUQUE,2018-11-01,271.5000,25.8100,116.0028,2.1849,1.6480,1.2948
LUQUE,2018-12-01,39.0000,27.5065,140.2406,1.1421,1.1542,1.0245
LUQUE,2019-01-01,117.1000,28.9968,166.2762,-0.1963,0.9239,0.5964
LUQUE,2019-02-01,73.8000,27.3607,113.6989,-1.7817,0.8817,0.4172
LUQUE,2019-03-01,299.7000,24.9258,121.6761,0.3331,1.1248,0.4770
LUQUE,2019-04-01,194.4000,23.4667,108.0706,1.0797,0.6690,1.3591
LUQUE,2019-05-01,166.4000,20.9548,87.0382,1.6571,0.2929,1.4501
LUQUE,2019-06-01,0.6000,20.5367,80.2540,0.3157,0.4010,1.1051
LUQUE,2019-07-01,29.9000,16.7484,47.1369,-0.3506,0.5588,1.0375
LUQUE,2019-08-01,35.7000,18.9935,63.2797,-1.1712,0.6190,1.0508
LUQUE,2019-09-01,3.0000,22.7000,92.2849,-1.2543,-0.7788,0.2236
LUQUE,2019-10-01,57.5000,25.2355,121.0811,-1.6832,-1.6654,-0.6907
LUQUE,2019-11-01,76.4000,28.3233,150.6274,-2.1761,-2.6791,-1.5176
LUQUE,2019-12-01,133.0000,26.4097,125.0840,-1.2178,-2.0863,-1.1278
LUQUE,2020-01-01,231.9000,27.6065,144.8268,-0.0924,-1.4304,-0.6334
LUQUE,2020-02-01,31.9000,27.1414,115.1254,-0.1517,-1.7741,-0.7915
LUQUE,2020-03-01,35.3000,28.2000,172.1339,-1.2446,-2.0790,-1.9147
LUQUE,2020-04-01,18.1000,23.1433,103.9372,-3.2400,-2.2256,-2.5104
LUQUE,2020-05-01,75.9000,19.2323,68.3903,-2.0429,-1.6992,-2.7553
LUQUE,2020-06-01,61.9000,20.3933,78.6895,-0.9285,-1.8549,-2.5411
LUQUE,2020-07-01,34.4000,18.1129,58.7452,-0.4640,-2.5950,-2.5654
LUQUE,2020-08-01,14.7000,21.0710,84.7175,-1.0592,-2.5037,-2.7100
LUQUE,2020-09-01,2.6000,23.2900,99.1868,-1.7881,-2.2317,-2.7349
LUQUE,2020-10-01,71.4000,26.5613,139.8243,-2.2679,-2.1168,-2.7513
LUQUE,2020-11-01,222.2000,25.9800,118.1633,-0.6640,-1.5061,-2.1396
LUQUE,2020-12-01,283.0000,26.3194,123.8853,0.9253,-0.4912,-1.6102
LUQUE,2021-01-01,354.5000,26.7323,132.3024,2.2730,0.7693,-1.1285
LUQUE,2021-02-01,86.2000,26.1714,100.3476,1.7638,1.0341,-0.8789
LUQUE,2021-03-01,228.6000,25.4129,128.4786,1.4914,1.9165,-0.0051
LUQUE,2021-04-01,147.2000,22.9133,101.0598,0.5835,2.3991,0.4941
LUQUE,2021-05-01,38.6000,19.3097,69.1670,0.4898,1.8298,0.3491
LUQUE,2021-06-01,42.4000,17.1900,48.6762,-0.1681,1.0867,0.3891
LUQUE,2021-07-01,63.4000,17.2710,51.3888,-0.4017,0.0579,0.5277
LUQUE,2021-08-01,3.3000,20.2387,75.6447,-0.7065,-0.2469,0.5188
LUQUE,2021-09-01,50.6000,24.4850,114.1656,-1.1663,-1.1615,0.6453
LUQUE,2021-10-01,166.5000,23.8887,103.7827,-0.7567,-1.0646,1.1537
LUQUE,2021-11-01,216.0000,25.4600,111.6352,0.4191,-0.3120,1.1550
LUQUE,2021-12-01,43.3000,28.6258,156.8796,0.1169,-0.9054,0.1084
LUQUE,2022-01-01,54.4000,30.5290,192.1720,-1.3685,-1.8047,-1.2136
LUQUE,2022-02-01,170.9000,28.5821,128.5496,-1.9762,-1.1081,-1.0103
LUQUE,2022-03-01,269.8000,25.4484,128.9835,0.0660,0.0146,-0.8629
LUQUE,2022-04-01,151.1000,23.3267,106.2681,1.0978,-0.0785,-0.8676
LUQUE,2022-05-01,66.4000,17.3903,51.5343,0.9557,-0.5584,-0.7022
LUQUE,2022-06-01,47.0000,15.9567,39.4850,0.2017,0.0854,-0.6518
LUQUE,2022-07-01,12.2000,21.4323,94.2733,-0.6544,0.3677,-0.9939
LUQUE,2022-08-01,22.6000,19.3548,66.7217,-1.1221,-0.0742,-0.8917
LUQUE,2022-09-01,47.6000,19.2800,58.3161,-1.2789,-0.9015,-0.6993
LUQUE,2022-10-01,324.7000,21.7871,80.1142,0.8989,0.1747,-0.0267
LUQUE,2022-11-01,162.7000,23.9133,93.6040,1.4667,0.4472,-0.1585
LUQUE,2022-12-01,34.2000,28.2806,151.6205,0.9333,-0.1925,-0.1728
LUQUE,2023-01-01,178.7000,27.8581,148.5678,-0.3552,0.3839,0.4599
LUQUE,2023-02-01,62.3000,26.3321,102.0894,-1.1935,0.4055,0.1485
LUQUE,2023-03-01,155.1000,26.7065,147.7195,-0.2459,0.4952,-0.3498
LUQUE,2023-04-01,142.0000,22.3300,93.9936,-0.1264,-0.5261,-0.3380
LUQUE,2023-05-01,154.8000,20.0581,76.9692,0.5898,-0.4783,-0.1039
LUQUE,2023-06-01,16.2000,19.6633,71.0261,0.2250,-0.1429,-0.3357
LUQUE,2023-07-01,28.2000,20.1677,79.4607,-0.4258,-0.5814,-0.2214
LUQUE,2023-08-01,30.5000,22.7645,105.2796,-1.6873,-0.7764,-0.3351
LUQUE,2023-09-01,112.3000,24.5167,114.5811,-1.2042,-0.8310,-0.3039
LUQUE,2023-10-01,140.5000,25.4419,123.8861,-0.6601,-1.0106,-1.1360
LUQUE,2023-11-01,170.5000,26.8900,130.1695,0.1241,-1.2299,-1.2393
LUQUE,2023-12-01,221.7000,28.1548,149.7322,0.5654,-0.5086,-0.5524
MCAL,2000-01-01,89.0000,28.7903,167.4411,,,
MCAL,2000-02-01,27.7000,28.2586,131.6100,,,
MCAL,2000-03-01,137.9000,25.5677,128.7240,0.0662,,
MCAL,2000-04-01,111.8000,24.5367,118.9025,0.6532,,
MCAL,2000-05-01,17.3000,19.6484,65.1408,1.0846,,
MCAL,2000-06-01,162.0000,19.8967,66.1433,1.7085,1.2540,
MCAL,2000-07-01,4.3000,15.0355,28.3819,1.5900,1.5330,
MCAL,2000-08-01,3.2000,21.9581,88.7591,1.3204,1.6252,
MCAL,2000-09-01,3.3000,23.3133,94.8044,-0.1774,1.1067,
MCAL,2000-10-01,44.0000,27.8968,163.0612,-1.0749,0.4881,
MCAL,2000-11-01,99.4000,25.0500,104.2883,-0.3053,0.7312,
MCAL,2000-12-01,123.4000,27.1226,135.5977,0.3767,0.1043,1.0536
MCAL,2001-01-01,45.7000,28.5000,162.1525,0.3981,-0.4767,0.8975
MCAL,2001-02-01,259.5000,27.9250,122.3816,1.4806,0.8542,1.8248
MCAL,2001-03-01,88.9000,26.0032,135.7958,1.2295,1.0953,1.6213
MCAL,2001-04-01,79.7000,24.1467,113.0204,1.8186,1.5394,1.5239
MCAL,2001-05-01,35.4000,18.8065,56.7053,0.6557,1.4562,1.6225
MCAL,2001-06-01,2.9000,18.6000,53.4327,0.6269,1.2586,1.0572
MCAL,2001-07-01,0.0000,21.3968,86.7489,0.1901,1.4121,0.7975
MCAL,2001-08-01,1.2000,24.3097,122.4982,-0.7058,-0.0349,0.6440
MCAL,2001-09-01,19.0000,22.8533,89.0065,-0.8947,-0.1787,0.7368
MCAL,2001-10-01,55.2000,26.2806,134.9828,-0.8265,-0.4768,0.9027
MCAL,2001-11-01,169.7000,26.8767,130.3261,0.5850,-0.0899,1.0840
MCAL,2001-12-01,49.6000,27.1161,135.4956,0.4571,-0.3128,0.7789
MCAL,2002-01-01,35.4000,29.3065,177.1323,-0.0641,-0.6739,0.6703
MCAL,2002-02-01,227.4000,26.4000,102.4437,0.6466,0.8207,0.6173
MCAL,2002-03-01,50.8000,28.1032,173.6571,0.3480,0.5240,0.2742
MCAL,2002-04-01,70.7000,24.4767,117.9843,1.0889,0.7078,0.2087
MCAL,2002-05-01,26.2000,22.2387,96.4188,-0.5338,0.0695,-0.0276
MCAL,2002-06-01,27.6000,17.1767,41.5264,0.4153,0.4946,0.1502
MCAL,2002-07-01,9.8000,17.1129,42.7587,0.5314,1.0957,0.4010
MCAL,2002-08-01,0.6000,24.0226,117.9754,0.1422,-0.3145,0.4189
MCAL,2002-09-01,0.0000,24.6033,112.4330,-0.7460,-0.2481,0.2227
MCAL,2002-10-01,45.4000,29.6871,198.5603,-2.0196,-0.9538,-0.1348
MCAL,2002-11-01,31.0000,28.9233,164.4223,-2.2112,-1.4126,-1.0960
MCAL,2002-12-01,71.1000,29.4323,175.6481,-2.1163,-2.1327,-1.2127
MCAL,2003-01-01,84.8000,29.4516,179.9256,-1.4598,-2.6804,-0.9265
MCAL,2003-02-01,52.1000,27.9750,123.0769,-0.8223,-2.2670,-2.2848
MCAL,2003-03-01,125.8000,26.8871,150.9576,-0.0903,-1.5579,-1.5529
MCAL,2003-04-01,52.2000,23.2000,99.5761,0.3160,-0.7912,-1.5536
MCAL,2003-05-01,4.0000,22.2968,97.2182,0.1295,-0.5210,-1.7144
MCAL,2003-06-01,19.2000,22.6833,100.1728,-0.3607,-0.3673,-2.2231
MCAL,2003-07-01,0.8000,19.3032,62.6121,-0.4933,-0.1555,-2.4641
MCAL,2003-08-01,0.0000,19.5774,61.7154,-0.2072,-0.0977,-2.0118
MCAL,2003-09-01,4.6000,24.3600,108.9494,-0.4183,-0.6075,-1.9503
MCAL,2003-10-01,56.2000,27.9387,163.8386,-0.8520,-1.0218,-1.6202
MCAL,2003-11-01,112.9000,28.9533,164.9629,-0.7583,-0.7362,-1.0876
MCAL,2003-12-01,315.3000,27.3742,139.6213,1.5339,0.8272,0.3869
MCAL,2004-01-01,28.6000,28.9516,170.4296,1.2882,0.3739,0.1693
MCAL,2004-02-01,52.0000,27.4897,120.6001,1.1666,0.3336,0.1805
MCAL,2004-03-01,119.7000,27.0290,153.4955,-0.5699,0.7367,0.1394
MCAL,2004-04-01,26.5000,25.4733,133.8790,-0.2543,0.7382,-0.1560
MCAL,2004-05-01,22.0000,16.4806,37.3314,0.2076,0.9400,0.2243
MCAL,2004-06-01,9.7000,19.9367,66.5652,0.0112,-0.4384,0.3366
MCAL,2004-07-01,23.1000,18.9548,59.1032,0.6027,0.2203,0.4542
MCAL,2004-08-01,0.0000,21.5677,83.8585,0.0358,0.1289,0.3534
MCAL,2004-09-01,0.3000,25.1733,120.8903,-0.5346,-0.4139,0.2783
MCAL,2004-10-01,43.9000,27.2710,151.7569,-1.2405,-0.4170,0.2773
MCAL,2004-11-01,107.2000,26.6900,127.4814,-0.6123,-0.4492,0.4234
MCAL,2004-12-01,79.5000,28.7290,162.6994,-0.2683,-0.6232,-0.9101
MCAL,2005-01-01,144.5000,27.5484,145.6198,0.6313,-0.3936,-0.1418
MCAL,2005-02-01,130.9000,28.1607,125.6828,0.8310,0.1613,0.2183
MCAL,2005-03-01,75.8000,26.8097,149.5854,0.9035,0.4372,0.0264
MCAL,2005-04-01,61.2000,22.4500,89.7351,0.6906,0.8831,0.3984
MCAL,2005-05-01,38.1000,21.0613,81.1618,0.3005,0.7576,0.2705
MCAL,2005-06-01,15.2000,20.9200,77.5280,0.3949,0.8727,0.2450
MCAL,2005-07-01,0.0000,19.0323,59.8710,0.1337,0.5444,0.1318
MCAL,2005-08-01,0.2000,22.7774,99.6770,-0.3617,-0.0779,0.0564
MCAL,2005-09-01,12.2000,20.7267,65.3272,-0.2785,0.0491,0.3746
MCAL,2005-10-01,35.9000,24.7839,112.1075,-0.4269,-0.2473,0.5175
MCAL,2005-11-01,26.3000,27.0633,133.2140,-0.4955,-0.6643,0.1168
MCAL,2005-12-01,,28.0581,150.9684,-1.4705,-1.2882,-0.2197
MCAL,2006-01-01,160.1000,28.0065,153.4262,-0.6357,-0.8146,-0.1798
MCAL,2006-02-01,173.4000,28.1571,125.6324,0.6951,0.1316,0.0323
MCAL,2006-03-01,129.7000,27.4065,160.3858,1.5887,0.2656,0.2387
MCAL,2006-04-01,36.7000,24.0600,111.7408,0.9928,0.2725,0.0157
MCAL,2006-05-01,1.8000,18.4226,53.1206,0.2031,0.5944,-0.0249
MCAL,2006-06-01,6.5000,22.0467,91.5373,-0.2688,0.9596,-0.1384
MCAL,2006-07-01,0.0000,22.6968,104.5633,-0.5390,0.3331,-0.3693
MCAL,2006-08-01,0.1000,22.2548,92.6137,-0.9347,-0.5392,-0.3326
MCAL,2006-09-01,19.6000,24.1567,106.0956,-0.9492,-0.9181,-0.5110
MCAL,2006-10-01,140.4000,26.8839,145.0400,-0.0240,-0.4434,-0.1360
MCAL,2006-11-01,17.0000,26.5867,125.9250,-0.1678,-0.8294,-0.1462
MCAL,2006-12-01,115.5000,28.4774,158.2298,0.2094,-0.5439,0.3742
MCAL,2007-01-01,62.7000,29.2645,176.3310,-0.7703,-0.6041,-0.2076
MCAL,2007-02-01,90.3000,28.0857,124.6259,-0.0853,-0.2262,-0.6469
MCAL,2007-03-01,40.0000,27.6129,164.2430,-0.8373,-0.4691,-1.2032
MCAL,2007-04-01,65.7000,24.8000,122.9906,-0.3090,-0.8223,-1.0923
MCAL,2007-05-01,7.0000,18.3677,52.6214,-0.4117,-0.3997,-1.0573
MCAL,2007-06-01,3.1000,19.0200,57.3476,0.2021,-0.4747,-0.8726
MCAL,2007-07-01,1.4000,17.3839,44.9397,0.3168,-0.0298,-0.5268
MCAL,2007-08-01,0.0000,17.9742,47.0861,0.3047,-0.1088,-0.2848
MCAL,2007-09-01,0.0000,25.9600,133.2631,-0.3819,-0.1651,-0.5342
MCAL,2007-10-01,1.1000,28.2065,168.8623,-1.6231,-0.8941,-1.5261
MCAL,2007-11-01,24.7000,27.5700,141.2728,-2.4413,-1.4066,-1.5786
MCAL,2007-12-01,267.5000,27.1323,135.7510,0.2405,-0.1365,-0.5139
MCAL,2008-01-01,157.9000,27.1581,139.1861,1.6597,0.2426,0.1594
MCAL,2008-02-01,236.4000,26.1276,102.6740,3.2487,1.2480,0.9063
MCAL,2008-03-01,69.5000,25.6710,130.3769,2.0523,1.6178,1.1640
MCAL,2008-04-01,50.9000,22.6367,92.1192,1.6439,2.2279,1.2276
MCAL,2008-05-01,7.4000,20.5129,74.6568,0.0989,2.4546,1.1418
MCAL,2008-06-01,7.6000,16.6267,37.4601,0.3587,1.6887,1.2384
MCAL,2008-07-01,6.2000,22.6516,103.9059,-0.1216,1.0909,1.0217
MCAL,2008-08-01,0.1000,22.1968,91.8507,-0.3403,-0.2131,0.8367
MCAL,2008-09-01,0.0000,22.5033,84.7612,-0.8571,-0.3655,1.0373
MCAL,2008-10-01,94.2000,26.0484,131.2413,-0.2882,-0.3386,1.5462
MCAL,2008-11-01,31.2000,27.1867,135.1459,-0.3988,-0.5783,1.5932
MCAL,2008-12-01,130.1000,28.3484,155.9707,0.1201,-0.5519,0.9790
MCAL,2009-01-01,25.3000,27.5806,146.1604,-0.6307,-0.7069,0.3746
MCAL,2009-02-01,42.4000,28.4321,129.5591,-0.4737,-0.6759,-0.7512
MCAL,2009-03-01,36.4000,28.3484,178.4998,-1.6453,-1.0735,-1.2417
MCAL,2009-04-01,21.2000,26.1267,145.0573,-1.6785,-1.7245,-1.8044
MCAL,2009-05-01,47.1000,22.7000,102.8954,-1.3393,-1.3555,-1.7217
MCAL,2009-06-01,3.4000,18.2300,50.1389,-0.4047,-1.5128,-1.8441
MCAL,2009-07-01,1.1000,18.7968,57.5565,0.1867,-1.0388,-1.5512
MCAL,2009-08-01,8.8000,22.3097,93.3383,-0.0595,-1.0202,-1.5020
MCAL,2009-09-01,1.0000,23.1500,92.7170,-0.4628,-0.6723,-1.5495
MCAL,2009-10-01,47.0000,26.9129,145.5366,-0.8627,-0.5038,-1.9939
MCAL,2009-11-01,58.5000,32.0267,227.0521,-1.7420,-1.2880,-2.5215
MCAL,2009-12-01,188.6000,28.2677,154.5700,-0.4660,-0.7173,-2.0300
MCAL,2010-01-01,94.0000,28.7194,166.1376,-0.2264,-0.8244,-1.6710
MCAL,2010-02-01,126.9000,29.2964,142.4459,1.0253,-0.3649,-1.1936
MCAL,2010-03-01,115.1000,27.8516,168.7813,0.3337,-0.1237,-0.6673
MCAL,2010-04-01,11.0000,23.3900,102.1815,0.1748,-0.0780,-0.4868
MCAL,2010-05-01,41.3000,17.4387,44.6460,0.2770,0.8823,-0.2106
MCAL,2010-06-01,8.2000,19.2633,59.7033,0.2951,0.4002,-0.2350
MCAL,2010-07-01,27.0000,18.1806,51.7918,0.8269,0.6707,-0.0746
MCAL,2010-08-01,0.2000,20.3097,69.3255,0.3002,0.3639,0.0017
MCAL,2010-09-01,11.6000,23.7067,99.9625,-0.0122,0.1585,0.0182
MCAL,2010-10-01,16.6000,25.7968,127.2688,-0.7980,0.0405,-0.0416
MCAL,2010-11-01,96.4000,26.2533,120.9931,-0.3794,-0.0902,0.6273
MCAL,2010-12-01,57.8000,29.8710,184.0735,-0.7341,-0.5700,-0.1232
MCAL,2011-01-01,119.8000,28.8742,168.9906,-0.1678,-0.7339,-0.0090
MCAL,2011-02-01,187.2000,26.7964,107.3946,0.7019,0.2125,0.4406
MCAL,2011-03-01,36.2000,25.5774,128.8784,0.9617,0.1867,0.2613
MCAL,2011-04-01,74.1000,23.9500,110.1311,1.0611,0.6205,0.5131
MCAL,2011-05-01,15.9000,20.5516,75.1038,-0.0611,0.4224,0.2580
MCAL,2011-06-01,6.0000,18.6433,53.8279,0.3197,0.8644,0.2752
MCAL,2011-07-01,3.3000,19.4935,64.5879,0.1077,0.7979,0.1022
MCAL,2011-08-01,0.0000,21.6677,85.0959,-0.1162,-0.1719,0.0247
MCAL,2011-09-01,38.4000,24.5667,111.9033,-0.3454,-0.0525,0.0968
MCAL,2011-10-01,73.8000,27.4194,154.3872,-0.5228,-0.3330,0.2400
MCAL,2011-11-01,76.7000,28.4067,155.3003,-0.4626,-0.4587,-0.0199
MCAL,2011-12-01,67.5000,27.3032,138.4783,-0.4394,-0.6116,0.2460
MCAL,2012-01-01,491.6000,28.1097,155.2240,2.6638,1.6608,1.8138
MCAL,2012-02-01,167.1000,27.6690,123.1088,3.3942,2.2798,1.6844
MCAL,2012-03-01,44.1000,25.5839,128.9814,3.3142,2.2270,1.7128
MCAL,2012-04-01,118.4000,23.6733,106.1527,1.2117,2.6491,1.8858
MCAL,2012-05-01,93.4000,21.0935,81.5561,0.9713,3.0425,2.1323
MCAL,2012-06-01,12.7000,18.3700,51.3683,1.3147,3.1791,2.1634
MCAL,2012-07-01,4.1000,15.7129,32.6323,1.0125,1.5022,2.2734
MCAL,2012-08-01,14.8000,22.0065,89.3799,0.3303,0.8784,2.3084
MCAL,2012-09-01,9.9000,26.1833,136.9274,-0.4391,0.6445,2.1286
MCAL,2012-10-01,34.6000,29.1645,187.7019,-1.6962,-0.3495,1.8768
MCAL,2012-11-01,62.5000,26.4200,123.4422,-1.5460,-0.8341,1.9390
MCAL,2012-12-01,86.7000,29.3452,174.0075,-1.1279,-1.1780,1.8815
MCAL,2013-01-01,55.6000,29.2484,176.0234,-0.8030,-1.8809,-0.0047
MCAL,2013-02-01,40.1000,27.9286,122.4312,-1.0139,-1.9439,-0.6682
MCAL,2013-03-01,20.0000,26.3355,141.3667,-1.3642,-1.8979,-0.8782
MCAL,2013-04-01,97.2000,23.8300,108.3932,-0.3003,-0.8390,-1.0183
MCAL,2013-05-01,17.0000,21.3710,85.0013,-0.1722,-0.8879,-1.5316
MCAL,2013-06-01,25.6000,19.1000,58.1150,0.5747,-0.5172,-1.4898
MCAL,2013-07-01,6.1000,18.7000,56.6234,0.2534,-0.0709,-1.6411
MCAL,2013-08-01,3.8000,18.5839,52.3320,0.4142,0.1355,-1.4625
MCAL,2013-09-01,42.1000,22.8933,89.5008,0.2916,0.5683,-0.9581
MCAL,2013-10-01,129.5000,24.9000,113.7794,0.8224,0.7200,-0.0414
MCAL,2013-11-01,44.6000,27.0100,132.3845,0.5124,0.6088,-0.1761
MCAL,2013-12-01,61.3000,29.7290,181.3181,-0.0975,0.0968,-0.3454
MCAL,2014-01-01,186.8000,27.1935,139.7628,0.1718,0.6655,0.4677
MCAL,2014-02-01,140.8000,27.6036,117.9763,1.0517,1.0566,0.9216
MCAL,2014-03-01,202.5000,24.4129,111.1979,2.5034,1.7669,1.7437
MCAL,2014-04-01,88.2000,24.0233,111.2025,2.0494,1.5746,1.7009
MCAL,2014-05-01,107.6000,20.5032,74.5453,2.1172,2.1609,2.0586
MCAL,2014-06-01,54.2000,18.4500,52.0801,1.5069,2.7163,2.1767
MCAL,2014-07-01,6.4000,18.9516,59.0713,1.2934,2.2656,2.1695
MCAL,2014-08-01,25.7000,22.7323,99.0525,0.4765,1.8079,2.0849
MCAL,2014-09-01,0.6000,26.4967,142.1838,-0.7927,0.5838,1.7536
MCAL,2014-10-01,42.3000,29.2323,189.0859,-1.7749,-0.1537,1.1369
MCAL,2014-11-01,33.5000,26.7233,127.9862,-2.0183,-1.0009,1.1101
MCAL,2014-12-01,48.8000,28.0710,151.1884,-1.5743,-1.7837,1.1804
MCAL,2015-01-01,68.5000,28.6452,164.7823,-1.0449,-2.1410,0.5819
MCAL,2015-02-01,171.2000,27.8429,121.2453,0.2728,-1.1785,0.7002
MCAL,2015-03-01,9.5000,26.6419,146.6418,-0.0225,-1.1464,-0.3887
MCAL,2015-04-01,187.4000,25.0133,126.3721,1.2300,0.2123,0.0387
MCAL,2015-05-01,67.6000,21.2710,83.7482,0.7286,0.6655,-0.2072
MCAL,2015-06-01,15.1000,20.4333,71.9595,1.3336,0.9173,-0.5187
MCAL,2015-07-01,18.6000,18.8000,57.5878,0.5724,1.2232,-0.4447
MCAL,2015-08-01,0.0000,24.1226,119.5376,-0.3047,0.2815,-0.6994
MCAL,2015-09-01,25.2000,25.3133,123.0321,-0.6846,0.5102,-0.4578
MCAL,2015-10-01,51.5000,26.0419,131.1384,-1.0838,-0.3426,-0.1087
MCAL,2015-11-01,53.8000,28.3667,154.6088,-0.8969,-0.9090,-0.1406
MCAL,2015-12-01,53.4000,29.2065,171.4162,-1.0986,-1.3494,-0.2201
MCAL,2016-01-01,111.0000,29.4452,179.8008,-0.9895,-1.5751,-0.0810
MCAL,2016-02-01,71.3000,29.2552,146.8763,-0.7424,-1.2449,-0.7512
MCAL,2016-03-01,159.1000,24.3129,109.7619,0.7068,-0.2437,0.2147
MCAL,2016-04-01,38.0000,24.6000,119.8771,0.6033,-0.2579,-0.5080
MCAL,2016-05-01,41.0000,18.0323,49.6377,1.1189,0.3056,-0.4673
MCAL,2016-06-01,4.7000,15.6633,31.0090,0.5337,0.8274,-0.3051
MCAL,2016-07-01,0.3000,19.0839,60.3867,0.7068,0.8752,-0.4165
MCAL,2016-08-01,0.4000,21.5355,83.4619,0.0980,0.8342,-0.2255
MCAL,2016-09-01,32.6000,22.4533,84.1663,-0.1206,0.2585,0.0068
MCAL,2016-10-01,55.5000,26.5387,139.2249,-0.3315,0.2475,-0.0132
MCAL,2016-11-01,110.4000,25.7567,113.8923,0.3550,0.2780,0.4456
MCAL,2016-12-01,42.4000,27.9452,149.0531,-0.1132,-0.2126,0.4967
MCAL,2017-01-01,116.7000,29.7710,186.1765,0.0108,-0.2721,0.4936
MCAL,2017-02-01,140.0000,27.7036,119.3350,0.2164,0.3602,0.9086
MCAL,2017-03-01,67.9000,26.4645,143.5717,0.4718,0.2180,0.3633
MCAL,2017-04-01,60.6000,22.2767,87.5595,0.8088,0.5488,0.6095
MCAL,2017-05-01,72.3000,20.6129,75.8154,0.6190,0.5487,0.6319
MCAL,2017-06-01,6.5000,18.8367,55.6154,0.8272,0.8702,0.5314
MCAL,2017-07-01,0.1000,20.9452,81.0824,0.3975,0.8069,0.4377
MCAL,2017-08-01,1.0000,23.4935,109.9429,-0.5215,0.0564,0.3193
MCAL,2017-09-01,4.1000,24.5400,111.5191,-1.0872,-0.1394,0.0545
MCAL,2017-10-01,20.6000,27.3290,152.7825,-1.6279,-0.8293,-0.1868
MCAL,2017-11-01,17.1000,27.9900,148.2009,-1.8771,-1.7716,-0.8851
MCAL,2017-12-01,218.6000,28.5258,159.0828,-0.2007,-0.9611,0.0061
MCAL,2018-01-01,122.0000,27.4548,144.0597,0.7178,-0.5592,0.2339
MCAL,2018-02-01,114.9000,26.0107,97.7361,1.8030,0.2315,0.2174
MCAL,2018-03-01,100.8000,24.7226,115.7262,1.2765,0.7626,0.4963
MCAL,2018-04-01,51.0000,25.8167,139.6769,0.7741,1.0005,0.2128
MCAL,2018-05-01,44.1000,22.6258,101.8342,0.1669,1.3863,-0.0495
MCAL,2018-06-01,12.5000,17.2400,42.0132,0.0427,0.9156,0.0469
MCAL,2018-07-01,11.4000,17.0677,42.4024,0.5222,0.8668,0.2848
MCAL,2018-08-01,38.2000,18.6194,52.6490,0.8629,0.6917,0.7077
MCAL,2018-09-01,14.1000,25.0900,119.6276,0.2539,0.1669,0.7158
MCAL,2018-10-01,78.0000,25.7323,126.2636,0.1084,0.4055,1.0657
MCAL,2018-11-01,237.2000,26.4633,124.0845,1.1226,1.3403,1.9806
MCAL,2018-12-01,28.2000,28.2419,154.1236,0.9692,0.8264,1.2988
MCAL,2019-01-01,40.1000,30.6516,204.1810,0.0344,0.0568,0.7187
MCAL,2019-02-01,63.0000,29.2321,141.4584,-1.8514,-0.3435,0.2915
MCAL,2019-03-01,175.5000,26.0226,136.1161,-0.1952,0.5338,0.5382
MCAL,2019-04-01,81.2000,24.1033,112.3793,0.8991,0.6308,0.7878
MCAL,2019-05-01,65.2000,20.2903,72.1216,1.4292,-0.0787,0.9996
MCAL,2019-06-01,7.9000,20.1200,68.5230,0.6778,0.3155,0.8709
MCAL,2019-07-01,26.0000,17.5387,46.2195,0.7638,1.1184,0.9158
MCAL,2019-08-01,0.0000,20.3323,69.5699,0.2586,1.1655,0.6822
MCAL,2019-09-01,0.1000,24.7967,115.2546,-0.2111,0.3050,0.6404
MCAL,2019-10-01,12.1000,26.0194,130.7787,-1.1489,-0.2289,0.3245
MCAL,2019-11-01,128.1000,29.7567,179.8969,-0.9696,-0.5186,-0.4997
MCAL,2019-12-01,93.7000,26.9742,133.2625,-0.2566,-0.3812,-0.0515
MCAL,2020-01-01,88.4000,28.9581,170.5499,0.0634,-0.7932,0.3401
MCAL,2020-02-01,125.6000,28.1862,130.5450,0.4542,-0.3638,0.6686
MCAL,2020-03-01,51.6000,28.7806,187.2618,-0.3715,-0.4973,-0.1498
MCAL,2020-04-01,83.6000,24.0900,112.1826,0.1003,0.0716,-0.1366
MCAL,2020-05-01,18.0000,19.7516,66.2307,-0.2785,0.0932,-0.3497
MCAL,2020-06-01,15.2000,20.9700,78.1163,0.3472,-0.0496,-0.3618
MCAL,2020-07-01,4.9000,18.8774,58.3421,0.1394,0.1256,-0.5405
MCAL,2020-08-01,7.5000,23.4290,108.9897,-0.3270,-0.4810,-0.7186
MCAL,2020-09-01,1.9000,24.8300,115.7459,-0.8041,-0.3395,-0.7112
MCAL,2020-10-01,83.9000,28.4065,172.6830,-1.1562,-0.7372,-0.5444
MCAL,2020-11-01,36.8000,28.1433,150.7871,-1.2854,-1.1996,-0.8983
MCAL,2020-12-01,68.6000,28.6871,161.9486,-1.0748,-1.4248,-1.2280
MCAL,2021-01-01,116.1000,27.5645,145.8899,-0.5037,-1.2491,-0.9068
MCAL,2021-02-01,56.4000,27.3464,114.5312,-0.0034,-0.9385,-1.2333
MCAL,2021-03-01,37.1000,26.1419,138.1029,-0.0699,-0.8492,-1.0178
MCAL,2021-04-01,135.8000,24.2033,113.8624,0.3681,-0.1231,-0.7210
MCAL,2021-05-01,26.2000,20.1935,71.0380,0.4765,0.2961,-0.7018
MCAL,2021-06-01,9.1000,17.8367,46.7926,0.9728,0.6174,-0.5609
MCAL,2021-07-01,0.6000,18.9355,58.9123,0.3380,0.4544,-0.5878
MCAL,2021-08-01,9.6000,21.3806,81.5765,0.1106,0.3741,-0.4272
MCAL,2021-09-01,6.0000,27.5067,160.0653,-0.9569,0.0579,-0.6474
MCAL,2021-10-01,127.3000,28.0823,166.5191,-0.7700,-0.3240,-0.3774
MCAL,2021-11-01,203.0000,25.6200,111.9896,0.6497,0.4992,0.6075
MCAL,2021-12-01,121.3000,28.4710,158.1163,1.5268,0.5043,0.8501
MCAL,2022-01-01,57.8000,31.4000,220.3889,0.6011,-0.1189,0.2623
MCAL,2022-02-01,42.5000,29.2714,142.0613,-1.1037,-0.2929,0.0650
MCAL,2022-03-01,66.6000,26.8435,150.1847,-1.5970,0.1437,0.1489
MCAL,2022-04-01,5.8000,26.8933,158.9697,-1.4945,-0.5760,-0.7655
MCAL,2022-05-01,6.5000,18.6887,55.5888,-0.9718,-1.5765,-0.7900
MCAL,2022-06-01,0.1000,17.6067,44.9085,-0.5966,-1.6384,-0.8313
MCAL,2022-07-01,0.0000,22.8194,106.3620,-0.1695,-1.2149,-1.1202
MCAL,2022-08-01,21.8000,21.9419,88.5528,-0.3276,-0.9798,-1.0879
MCAL,2022-09-01,18.0000,22.6233,86.2008,-0.5427,-0.8723,-0.5870
MCAL,2022-10-01,35.0000,25.1516,117.4602,-0.3230,-0.3986,-0.8325
MCAL,2022-11-01,29.0000,26.9733,131.8162,-0.6572,-0.7556,-2.1388
MCAL,2022-12-01,128.0000,29.1839,170.9969,-0.4220,-0.7432,-2.1881
MCAL,2023-01-01,108.1000,28.4097,160.5308,-0.1517,-0.3856,-1.3891
MCAL,2023-02-01,137.7000,26.7571,106.8968,0.9422,0.2195,-0.6021
MCAL,2023-03-01,76.0000,27.1452,155.5936,0.6581,0.1514,-0.5800
MCAL,2023-04-01,58.5000,23.0833,97.9991,0.7597,0.4052,0.0109
MCAL,2023-05-01,41.3000,20.7452,77.3665,0.2189,0.7837,0.0744
MCAL,2023-06-01,29.8000,20.1800,69.1721,0.5488,0.8037,0.1007
MCAL,2023-07-01,4.5000,20.9290,80.8848,0.2469,0.6704,0.2432
MCAL,2023-08-01,0.4000,24.4581,124.8817,-0.5326,-0.2557,-0.0348
MCAL,2023-09-01,0.0000,27.3067,156.4088,-1.7249,-0.7611,-0.4915
MCAL,2023-10-01,34.5000,29.2806,190.0788,-2.6847,-1.6034,-0.9056
MCAL,2023-11-01,48.6000,30.9600,203.9587,-3.1072,-2.6026,-1.2280
MCAL,2023-12-01,52.3000,30.7677,202.1485,-3.0147,-3.7103,-1.9684
MINGA,2000-01-01,277.0000,26.4935,128.8375,,,
MINGA,2000-02-01,208.9000,25.3897,96.3420,,,
MINGA,2000-03-01,42.7000,24.7452,121.1250,0.0968,,
MINGA,2000-04-01,152.2000,22.3000,97.6719,-0.4107,,
MINGA,2000-05-01,172.9000,16.9129,53.3012,-0.3713,,
MINGA,2000-06-01,239.2000,17.7567,58.9108,0.9494,0.7589,
MINGA,2000-07-01,57.0000,12.8516,26.8407,0.8342,0.3482,
MINGA,2000-08-01,126.3000,18.7290,66.3111,0.5450,0.1548,
MINGA,2000-09-01,116.1000,19.8633,68.1038,-0.1382,0.6088,
MINGA,2000-10-01,226.0000,23.6387,103.5629,0.3448,0.8381,
MINGA,2000-11-01,161.6000,23.6867,93.6199,0.3852,0.6646,
MINGA,2000-12-01,277.4000,25.2968,111.9788,0.9561,0.6137,0.8655
MINGA,2001-01-01,198.9000,26.1032,124.0368,0.7297,0.7656,0.6913
MINGA,2001-02-01,202.8000,25.6536,95.5137,0.9172,0.9220,0.6786
MINGA,2001-03-01,197.5000,25.0548,125.0411,0.4664,1.0012,1.0348
MINGA,2001-04-01,130.6000,23.7433,114.6710,0.1665,0.6479,0.9447
MINGA,2001-05-01,76.7000,16.9645,53.7184,-0.2844,0.4917,0.7162
MINGA,2001-06-01,107.8000,16.0267,45.3208,-0.3396,0.1166,0.4307
MINGA,2001-07-01,74.9000,17.5032,59.1611,-0.3407,-0.1114,0.3953
MINGA,2001-08-01,67.0000,20.6065,84.6702,-0.5703,-0.6298,0.2022
MINGA,2001-09-01,130.1000,20.2467,71.5172,-0.5927,-0.6909,0.2287
MINGA,2001-10-01,96.4000,23.1968,98.6813,-0.6972,-0.7723,-0.0881
MINGA,2001-11-01,241.4000,24.9167,106.5660,0.1429,-0.2927,0.0829
MINGA,2001-12-01,151.3000,24.7806,106.2261,0.0723,-0.3643,-0.2271
MINGA,2002-01-01,365.5000,24.8355,109.2026,1.3246,0.5473,0.2368
MINGA,2002-02-01,77.9000,24.7036,86.7237,0.6535,0.5781,-0.0577
MINGA,2002-03-01,79.6000,27.2419,154.8971,0.0436,0.0932,-0.4449
MINGA,2002-04-01,63.1000,24.7233,127.1726,-1.8872,-0.1464,-0.6610
MINGA,2002-05-01,533.7000,20.2677,84.6835,0.7364,0.9746,0.4403
MINGA,2002-06-01,75.6000,17.7267,58.6565,1.1693,0.8830,0.3280
MINGA,2002-07-01,83.0000,15.8226,45.6953,1.6201,0.1131,0.3813
MINGA,2002-08-01,106.3000,19.6290,74.7715,-0.4269,0.2634,0.5020
MINGA,2002-09-01,171.9000,19.1700,62.1863,0.0771,0.9038,0.6260
MINGA,2002-10-01,185.6000,23.4613,101.5859,0.3185,1.3696,0.8321
MINGA,2002-11-01,304.6000,24.0000,96.8211,1.1675,0.5906,1.0033
MINGA,2002-12-01,144.7000,26.2871,123.5391,0.7523,0.6051,0.9475
MINGA,2003-01-01,177.8000,26.5129,129.0784,0.5806,0.6444,0.4504
MINGA,2003-02-01,178.8000,25.7536,96.4692,-0.0625,0.8157,0.6715
MINGA,2003-03-01,40.0000,24.8484,122.4220,-0.6390,0.1377,0.6544
MINGA,2003-04-01,169.2000,21.6600,90.6597,-0.4683,0.1171,0.9920
MINGA,2003-05-01,66.3000,17.9710,62.2531,-0.9256,-0.7160,-0.0987
MINGA,2003-06-01,54.8000,19.4600,74.4687,-0.5567,-0.9015,-0.1937
MINGA,2003-07-01,32.5000,17.6484,60.4246,-1.1948,-1.2710,-0.3652
MINGA,2003-08-01,39.1000,15.4677,40.6451,-1.2300,-1.7141,-0.4532
MINGA,2003-09-01,157.7000,20.2633,71.6679,-0.5932,-0.8649,-0.5167
MINGA,2003-10-01,267.0000,23.2871,99.6673,0.4525,-0.4733,-0.2950
MINGA,2003-11-01,191.3000,24.1333,98.2033,0.9120,-0.1096,-0.6015
MINGA,2003-12-01,456.1000,24.3323,101.3777,2.0914,1.1952,0.2657
MINGA,2004-01-01,85.8000,26.6000,130.1660,1.1764,1.1438,0.0309
MINGA,2004-02-01,35.3000,25.1103,93.6536,0.4534,0.9625,-0.3343
MINGA,2004-03-01,17.9000,25.1194,125.8666,-2.3396,0.2965,-0.4020
MINGA,2004-04-01,111.0000,23.7733,115.0421,-2.0439,-0.3692,-0.6241
MINGA,2004-05-01,290.8000,16.1258,47.1830,-0.1736,0.2198,0.0073
MINGA,2004-06-01,122.2000,17.1500,53.8976,0.7279,-0.9685,0.2298
MINGA,2004-07-01,168.6000,16.2516,48.9327,1.3039,-0.2539,0.5928
MINGA,2004-08-01,17.0000,17.4290,55.1639,-0.0754,-0.1727,0.5039
MINGA,2004-09-01,42.1000,21.7600,86.0010,-0.7032,0.0768,0.1822
MINGA,2004-10-01,279.5000,22.2871,89.0808,-0.3010,0.7698,0.2401
MINGA,2004-11-01,196.0000,23.2033,88.8098,0.4619,0.2930,0.2753
MINGA,2004-12-01,55.2000,25.0581,109.2952,0.4109,-0.1739,-0.7971
MINGA,2005-01-01,158.5000,26.2032,125.2561,-0.4238,-0.5312,-0.5846
MINGA,2005-02-01,12.6000,26.5179,103.9641,-1.6407,-0.7648,-0.6745
MINGA,2005-03-01,27.9000,26.1774,139.8793,-2.0420,-1.0816,-0.6854
MINGA,2005-04-01,126.5000,22.6100,101.1834,-2.0990,-1.9590,-0.6054
MINGA,2005-05-01,340.8000,20.0742,82.6299,0.0400,-1.1501,-0.5660
MINGA,2005-06-01,190.0000,19.6800,76.6416,1.1462,-0.3956,-0.4449
MINGA,2005-07-01,67.2000,15.5613,43.7895,1.1375,-0.4368,-0.7054
MINGA,2005-08-01,40.2000,18.9258,68.1081,-0.2982,-0.1769,-0.6773
MINGA,2005-09-01,209.9000,16.3133,41.1528,0.0016,0.8402,-0.1120
MINGA,2005-10-01,274.3000,22.5129,91.4081,0.8040,1.3397,-0.1315
MINGA,2005-11-01,86.3000,25.0633,108.1782,0.8328,0.4197,-0.4715
MINGA,2005-12-01,125.8000,25.9387,119.3934,0.0184,0.0240,-0.3107
MINGA,2006-01-01,229.7000,26.7226,131.7062,-0.4453,0.3030,-0.1414
MINGA,2006-02-01,70.2000,25.8107,97.0178,-0.4732,0.3069,0.0246
MINGA,2006-03-01,238.1000,25.1097,125.7425,0.1032,0.0976,0.5821
MINGA,2006-04-01,83.2000,21.7467,91.5907,-0.4756,-0.6837,0.5002
MINGA,2006-05-01,5.3000,16.5161,50.1603,-0.5785,-0.7864,-0.2663
MINGA,2006-06-01,93.6000,18.6267,66.5799,-1.0869,-0.6942,-0.4955
MINGA,2006-07-01,21.4000,19.2774,75.7381,-1.3771,-1.4240,-0.7064
MINGA,2006-08-01,87.7000,18.6484,65.5830,-0.9581,-1.1766,-0.5702
MINGA,2006-09-01,169.2000,19.3733,63.8878,-0.4986,-1.2114,-0.7433
MINGA,2006-10-01,133.9000,24.4871,113.3400,-0.0852,-1.0701,-1.2006
MINGA,2006-11-01,202.9000,24.2000,98.8988,0.3420,-0.4043,-0.8441
MINGA,2006-12-01,203.7000,27.0742,133.2250,0.1632,-0.2260,-0.6676
MINGA,2007-01-01,248.9000,26.1613,124.7439,0.6831,0.4481,-0.5963
MINGA,2007-02-01,123.0000,25.6214,95.2079,0.3041,0.4682,-0.4493
MINGA,2007-03-01,140.9000,26.0968,138.7795,-0.0526,0.0906,-0.7484
MINGA,2007-04-01,246.7000,23.1767,107.7987,0.0258,0.5215,-0.3508
MINGA,2007-05-01,205.2000,16.6097,50.8904,0.6671,0.6950,0.1633
MINGA,2007-06-01,11.6000,17.2333,54.5701,0.4446,0.2959,-0.0144
MINGA,2007-07-01,61.5000,14.8323,38.7308,-0.1600,-0.0876,0.1812
MINGA,2007-08-01,9.9000,17.2129,53.4306,-1.3228,-0.3754,0.0149
MINGA,2007-09-01,26.1000,23.3767,103.3075,-1.5457,-0.7165,-0.4622
MINGA,2007-10-01,201.6000,23.9903,107.5499,-1.0897,-0.9206,-0.2674
MINGA,2007-11-01,223.5000,23.4733,91.4778,-0.0805,-1.0255,-0.1941
MINGA,2007-12-01,173.9000,25.7419,117.0898,0.6063,-0.5733,-0.2298
MINGA,2008-01-01,142.5000,25.6161,118.2009,0.2566,-0.5667,-0.4944
MINGA,2008-02-01,135.0000,25.6379,98.7707,-0.2515,-0.2337,-0.4718
MINGA,2008-03-01,54.4000,24.7903,121.6914,-0.9676,-0.1938,-0.6595
MINGA,2008-04-01,154.1000,21.2000,85.8149,-0.7054,-0.2981,-0.8541
MINGA,2008-05-01,57.2000,17.5000,58.1638,-0.9264,-0.8746,-1.2961
MINGA,2008-06-01,106.4000,15.3233,40.4048,-0.1643,-0.8325,-0.9838
MINGA,2008-07-01,82.8000,19.4129,77.1074,-0.5121,-0.9182,-1.0321
MINGA,2008-08-01,57.0000,19.5806,74.3009,-0.6057,-1.1740,-0.9581
MINGA,2008-09-01,109.0000,18.3533,55.6316,-0.6789,-0.6160,-0.5974
MINGA,2008-10-01,224.2000,23.0677,97.2830,-0.0051,-0.3667,-0.5087
MINGA,2008-11-01,126.6000,24.7633,104.8962,0.1992,-0.2736,-0.8097
MINGA,2008-12-01,10.2000,26.4677,125.7228,-0.7296,-1.0747,-1.2993
MINGA,2009-01-01,182.9000,25.3000,114.5046,-1.0819,-0.7825,-1.1717
MINGA,2009-02-01,174.7000,26.1036,99.8591,-0.7613,-0.3833,-1.0613
MINGA,2009-03-01,18.7000,26.0290,137.8597,-0.7827,-1.1605,-1.2099
MINGA,2009-04-01,69.6000,23.3500,109.8734,-1.4577,-2.0686,-1.5285
MINGA,2009-05-01,263.2000,19.1677,73.4169,-0.7457,-1.1562,-0.9755
MINGA,2009-06-01,72.1000,14.5500,35.3910,0.1173,-0.4647,-1.0583
MINGA,2009-07-01,168.0000,14.5968,37.1770,0.9630,-0.2075,-0.7090
MINGA,2009-08-01,103.7000,18.6677,65.7573,0.2172,-0.3579,-0.5586
MINGA,2009-09-01,349.2000,18.9000,59.9700,1.4218,1.1089,0.0595
MINGA,2009-10-01,291.0000,22.8355,94.7966,1.7067,1.8137,0.2342
MINGA,2009-11-01,323.9000,26.4067,123.6380,2.3761,1.8432,0.6717
MINGA,2009-12-01,205.2000,26.0290,120.4599,1.5240,1.9766,1.1422
MINGA,2010-01-01,238.1000,26.5968,130.1257,1.1284,1.9135,1.2328
MINGA,2010-02-01,229.2000,26.7036,105.8371,0.7673,2.1463,1.3430
MINGA,2010-03-01,363.0000,25.2000,126.9030,1.4635,2.0024,2.1185
MINGA,2010-04-01,129.0000,21.7867,92.0223,1.1443,1.5511,2.2805
MINGA,2010-05-01,111.1000,17.1194,54.9817,0.8301,1.1123,1.9987
MINGA,2010-06-01,43.9000,17.7467,58.8260,-0.4699,0.7887,1.8881
MINGA,2010-07-01,155.1000,15.9806,46.8724,-0.0775,0.7896,1.8393
MINGA,2010-08-01,13.9000,17.4323,55.1900,-0.6194,0.2109,1.6667
MINGA,2010-09-01,112.0000,20.1033,70.2290,-0.2991,-0.5648,1.1100
MINGA,2010-10-01,274.8000,20.6484,73.2701,0.1993,0.0994,1.1223
MINGA,2010-11-01,49.3000,23.0167,86.9934,0.2179,-0.2685,0.5599
MINGA,2010-12-01,353.4000,24.7871,106.2969,1.2105,0.7014,0.9467
MINGA,2011-01-01,143.0000,26.6000,130.1660,0.3032,0.3682,0.7217
MINGA,2011-02-01,191.1000,25.7750,96.6747,0.9491,0.8365,0.6523
MINGA,2011-03-01,110.4000,25.7129,133.6164,-0.4367,0.6171,0.0097
MINGA,2011-04-01,117.6000,23.0033,105.7481,-0.4422,-0.0782,-0.0547
MINGA,2011-05-01,7.3000,19.2387,74.1144,-1.4159,-0.1936,-0.3758
MINGA,2011-06-01,89.2000,16.7400,50.6621,-1.0265,-1.1096,-0.2349
MINGA,2011-07-01,187.2000,17.1548,56.1950,-0.3322,-0.5695,-0.1755
MINGA,2011-08-01,114.1000,18.4710,63.9985,0.2899,-0.7649,0.0596
MINGA,2011-09-01,153.2000,20.9500,78.0465,0.4747,-0.3413,0.1441
MINGA,2011-10-01,200.0000,23.0968,97.5965,0.3307,0.0191,-0.1090
MINGA,2011-11-01,121.1000,23.8400,95.1783,0.2069,0.3641,0.0542
MINGA,2011-12-01,30.1000,25.5935,115.3707,-0.6714,-0.1018,-0.8286
MINGA,2012-01-01,96.7000,26.6645,130.9753,-1.5170,-0.7985,-0.9603
MINGA,2012-02-01,43.2000,27.4483,117.6090,-2.2152,-1.4004,-1.4474
MINGA,2012-03-01,62.6000,24.7806,121.5699,-2.0246,-2.1581,-1.5538
MINGA,2012-04-01,156.0000,21.2233,86.0568,-1.3209,-2.3649,-1.3815
MINGA,2012-05-01,123.4000,18.8419,70.2663,-0.5499,-2.1908,-1.0353
MINGA,2012-06-01,176.9000,16.9700,52.4621,0.4309,-1.0507,-0.7947
MINGA,2012-07-01,87.1000,16.0710,47.5531,0.2770,-0.7102,-1.0511
MINGA,2012-08-01,17.7000,20.8613,87.3751,-0.3791,-0.6892,-1.3974
MINGA,2012-09-01,44.3000,21.6967,85.3621,-1.3707,-0.6105,-1.7458
MINGA,2012-10-01,213.1000,23.6194,103.3461,-0.9326,-0.4401,-1.7234
MINGA,2012-11-01,148.7000,25.1933,109.6196,-0.3043,-0.4996,-1.6834
MINGA,2012-12-01,162.7000,26.7742,129.4807,0.0955,-0.9047,-1.3305
MINGA,2013-01-01,109.7000,25.9548,122.2408,-0.5748,-1.1527,-1.2672
MINGA,2013-02-01,307.7000,25.2357,91.5837,0.3770,0.0733,-0.4579
MINGA,2013-03-01,136.8000,23.6097,107.4090,0.3576,0.3348,-0.2243
MINGA,2013-04-01,112.3000,21.1833,85.6424,0.5536,0.0250,-0.3381
MINGA,2013-05-01,268.1000,18.4548,66.6319,0.4809,0.6148,0.0468
MINGA,2013-06-01,315.9000,17.4033,55.9580,1.5540,1.3469,0.3863
MINGA,2013-07-01,26.9000,16.6097,51.7385,1.3263,1.3094,0.2263
MINGA,2013-08-01,76.0000,15.7516,42.5809,0.5356,0.7230,0.4813
MINGA,2013-09-01,226.9000,19.3700,63.8597,0.0406,1.1576,0.9688
MINGA,2013-10-01,107.1000,22.6065,92.3831,0.2465,1.1201,0.7445
MINGA,2013-11-01,210.2000,24.7400,104.6435,0.6084,0.8095,0.9019
MINGA,2013-12-01,178.4000,26.2871,123.5391,0.0591,0.0816,0.9527
MINGA,2014-01-01,164.1000,26.5290,129.2794,0.1642,0.3036,1.0629
MINGA,2014-02-01,129.9000,27.1607,110.5347,-0.2972,0.2521,0.5974
MINGA,2014-03-01,210.2000,23.6387,107.7473,-0.0389,0.0244,0.7726
MINGA,2014-04-01,349.4000,21.7167,91.2678,1.0684,0.8866,1.3098
MINGA,2014-05-01,187.1000,18.3419,65.5939,1.5279,0.9388,1.1272
MINGA,2014-06-01,404.2000,17.8033,59.3077,2.5290,1.8151,1.3211
MINGA,2014-07-01,222.2000,16.8710,53.8465,2.1714,2.1808,1.7501
MINGA,2014-08-01,31.5000,19.7742,76.1944,1.4684,2.0079,1.5786
MINGA,2014-09-01,346.0000,22.0733,89.2050,1.0707,2.4171,1.7841
MINGA,2014-10-01,56.2000,25.9065,130.9152,-0.1423,1.5002,1.5882
MINGA,2014-11-01,199.8000,24.2733,99.6674,0.6030,1.4365,1.5762
MINGA,2014-12-01,260.2000,25.3161,112.1982,0.0501,0.8163,1.7804
MINGA,2015-01-01,117.1000,26.5774,129.8835,0.3697,0.1794,1.6765
MINGA,2015-02-01,219.9000,25.9214,98.0861,0.4785,0.7674,1.8990
MINGA,2015-03-01,97.1000,24.8161,122.0158,-0.4363,-0.2689,1.6217
MINGA,2015-04-01,119.4000,22.5367,100.3459,-0.2592,0.0989,1.0821
MINGA,2015-05-01,219.8000,19.3129,74.8478,-0.1331,0.2659,1.1362
MINGA,2015-06-01,135.8000,18.8267,68.4243,0.3496,-0.0385,0.4782
MINGA,2015-07-01,339.7000,17.1194,55.8981,1.5891,1.0065,0.7568
MINGA,2015-08-01,48.8000,21.9290,99.2774,0.6931,0.4238,0.7430
MINGA,2015-09-01,48.8000,22.4267,92.9040,0.1329,0.3550,0.0002
MINGA,2015-10-01,151.0000,24.2935,111.0621,-1.2648,0.4299,0.2894
MINGA,2015-11-01,327.9000,23.6267,93.0144,0.3463,0.7411,0.6195
MINGA,2015-12-01,453.1000,24.9581,108.1828,2.1102,1.6083,1.0845
MINGA,2016-01-01,225.2000,26.9677,134.8198,2.3142,1.0176,1.3204
MINGA,2016-02-01,328.0000,26.6897,109.4709,2.2486,1.8246,1.5372
MINGA,2016-03-01,205.8000,23.4871,105.9881,1.2004,2.2174,1.8109
MINGA,2016-04-01,110.1000,24.1167,119.3407,0.7338,2.0858,1.7494
MINGA,2016-05-01,140.1000,17.1097,54.9022,0.0625,1.6681,1.6184
MINGA,2016-06-01,18.1000,13.9967,32.0489,-0.5619,0.5330,1.4377
MINGA,2016-07-01,74.4000,17.0387,55.2268,-0.4009,0.2784,0.8286
MINGA,2016-08-01,186.1000,18.3000,62.4938,-0.1887,-0.0810,1.2330
MINGA,2016-09-01,48.8000,19.2133,62.5466,-0.1876,-0.5468,1.3020
MINGA,2016-10-01,245.5000,22.4548,90.8062,0.5159,0.1128,1.5592
MINGA,2016-11-01,164.6000,23.2500,89.2675,0.2727,0.0754,1.2000
MINGA,2016-12-01,200.2000,24.7290,105.6610,0.8080,0.4728,0.6117
MINGA,2017-01-01,157.8000,26.4645,128.4766,0.1848,0.5086,0.4633
MINGA,2017-02-01,258.8000,25.8000,96.9148,0.6203,0.6413,0.3238
MINGA,2017-03-01,128.0000,25.0484,124.9588,0.1591,0.6985,0.0810
MINGA,2017-04-01,242.0000,21.2267,86.0914,0.7902,0.7027,0.4920
MINGA,2017-05-01,262.8000,20.2548,84.5456,0.8682,1.0414,0.7168
MINGA,2017-06-01,51.8000,17.5500,57.1725,0.8282,0.7129,0.7373
MINGA,2017-07-01,6.5000,17.5742,59.7768,-0.2391,0.4261,0.5630
MINGA,2017-08-01,151.0000,20.3613,82.1168,-0.8651,0.0842,0.4295
MINGA,2017-09-01,30.1000,23.9900,110.3846,-1.3288,-0.2422,0.2648
MINGA,2017-10-01,570.2000,22.3226,89.4441,1.4720,0.9317,1.0486
MINGA,2017-11-01,298.7000,22.9367,86.2219,2.0824,1.0421,1.3623
MINGA,2017-12-01,181.4000,26.1935,122.4174,2.6365,1.2443,1.2818
MINGA,2018-01-01,278.0000,25.4871,116.6835,1.3092,1.8739,1.5776
MINGA,2018-02-01,253.8000,25.4071,93.1839,1.0729,2.1251,1.5748
MINGA,2018-03-01,291.7000,24.8968,123.0328,1.5651,2.7629,1.9356
MINGA,2018-04-01,7.6000,24.2333,120.8233,0.2716,1.1235,1.3434
MINGA,2018-05-01,108.7000,20.0097,81.9521,-0.4471,0.5063,0.9959
MINGA,2018-06-01,64.3000,15.8200,43.8405,-1.3374,0.3694,1.0559
MINGA,2018-07-01,10.8000,17.3677,57.9966,-0.9266,-0.4404,1.0700
MINGA,2018-08-01,85.9000,15.8548,43.2985,-0.8315,-0.9644,1.0090
MINGA,2018-09-01,189.4000,20.5933,74.6920,-0.2913,-1.2251,1.4538
MINGA,2018-10-01,373.7000,22.2000,88.1928,1.3542,0.4346,1.0084
MINGA,2018-11-01,135.2000,24.9867,107.3336,1.2881,0.4386,0.5700
MINGA,2018-12-01,50.4000,25.8355,118.1815,0.4213,0.1155,0.2582
MINGA,2019-01-01,87.9000,27.4548,141.1380,-1.5139,0.0927,-0.2914
MINGA,2019-02-01,156.8000,25.6607,95.5818,-1.2977,0.1628,-0.5564
MINGA,2019-03-01,381.7000,24.2258,114.7269,0.5673,0.7044,-0.2943
MINGA,2019-04-01,123.3000,22.7367,102.6400,0.9232,-0.2763,0.0522
MINGA,2019-05-01,130.9000,20.5613,87.8570,0.8371,-0.2149,0.0936
MINGA,2019-06-01,38.5000,19.8733,78.5827,-0.7854,-0.1047,-0.0611
MINGA,2019-07-01,31.6000,16.0419,47.3337,-1.0042,0.0409,0.0196
MINGA,2019-08-01,17.9000,18.6000,65.1485,-1.5795,-0.3920,-0.2124
MINGA,2019-09-01,11.2000,22.4200,92.8333,-1.8622,-2.1358,-0.7385
MINGA,2019-10-01,118.6000,25.5645,126.5398,-1.8082,-2.3164,-1.5812
MINGA,2019-11-01,152.0000,26.2100,121.2958,-1.2917,-2.3969,-1.5727
MINGA,2019-12-01,157.9000,24.7742,106.1554,-0.4906,-1.8335,-1.2208
MINGA,2020-01-01,189.0000,26.3419,126.9595,-0.1040,-1.4100,-0.8932
MINGA,2020-02-01,147.8000,26.0414,102.7962,-0.0274,-0.9557,-0.9386
MINGA,2020-03-01,65.0000,25.6645,132.9740,-0.6946,-0.8921,-1.9283
MINGA,2020-04-01,60.2000,21.0600,84.3725,-1.2174,-0.9677,-2.0690
MINGA,2020-05-01,108.4000,17.2516,56.0750,-1.1714,-0.8672,-2.0397
MINGA,2020-06-01,151.9000,18.9100,69.2018,-0.2873,-0.7270,-1.6604
MINGA,2020-07-01,29.4000,17.0806,55.5753,-0.2983,-1.1384,-1.6921
MINGA,2020-08-01,106.5000,19.2935,71.5454,-0.3949,-1.1876,-1.4457
MINGA,2020-09-01,17.9000,23.4300,103.9116,-1.4098,-1.2775,-1.4586
MINGA,2020-10-01,66.3000,25.6419,127.5225,-1.6412,-1.4679,-1.6178
MINGA,2020-11-01,62.4000,25.1067,108.6574,-2.2118,-2.0204,-1.8527
MINGA,2020-12-01,229.1000,25.7516,117.2024,-0.9000,-1.8490,-1.6686
MINGA,2021-01-01,364.5000,25.1000,112.2030,0.7763,-0.4844,-1.1090
MINGA,2021-02-01,78.0000,24.6679,86.4033,0.9558,-0.6720,-1.2628
MINGA,2021-03-01,87.6000,24.9774,124.0550,0.2273,-0.4581,-1.1718
MINGA,2021-04-01,50.0000,22.2200,96.7779,-1.5039,-0.3975,-1.2370
MINGA,2021-05-01,22.4000,18.2839,65.0640,-1.7333,-0.3825,-1.5160
MINGA,2021-06-01,126.5000,16.4067,48.1210,-0.9938,-0.5239,-1.5289
MINGA,2021-07-01,38.2000,14.9387,39.4459,-0.7215,-1.7600,-1.4548
MINGA,2021-08-01,20.2000,19.5677,74.1757,-0.7882,-2.0247,-1.7219
MINGA,2021-09-01,92.3000,23.7983,108.1423,-1.3699,-1.9029,-1.5105
MINGA,2021-10-01,275.0000,23.2823,99.6144,-0.3165,-0.7713,-0.8303
MINGA,2021-11-01,92.8000,25.8200,116.7316,-0.1519,-0.6877,-0.7685
MINGA,2021-12-01,1.8000,28.4887,151.7650,-0.9176,-1.8304,-1.5192
MINGA,2022-01-01,78.5000,29.0452,163.0086,-2.7092,-2.3374,-2.5825
MINGA,2022-02-01,75.4000,28.0679,120.2272,-2.8786,-2.2784,-2.7053
MINGA,2022-03-01,349.6000,25.0161,124.5475,-0.3712,-0.9684,-1.8585
MINGA,2022-04-01,301.7000,22.4367,99.2106,1.0812,-0.8427,-1.1177
MINGA,2022-05-01,199.7000,17.2435,56.0080,1.9094,-0.1309,-0.5988
MINGA,2022-06-01,76.0000,16.1600,46.2917,1.0496,0.5361,-0.7317
MINGA,2022-07-01,26.2000,19.8290,81.4071,-0.2469,0.6375,-0.8811
MINGA,2022-08-01,207.1000,17.6129,56.6650,-0.2099,1.2709,-0.3264
MINGA,2022-09-01,168.2000,17.8600,51.8855,0.2484,0.9267,0.0168
MINGA,2022-10-01,302.2000,20.9839,76.3545,1.5738,1.0023,0.1448
MINGA,2022-11-01,73.2000,22.6900,83.8694,0.8410,0.4828,0.1783
MINGA,2022-12-01,50.2000,26.4452,125.4485,-0.1286,0.0995,0.3645
MINGA,2023-01-01,189.2000,25.8710,121.2327,-1.0359,0.5467,0.7347
MINGA,2023-02-01,134.6000,24.3286,83.3953,-0.6663,0.1894,0.9615
MINGA,2023-03-01,123.9000,25.5387,131.3127,-0.2822,-0.2927,0.4040
MINGA,2023-04-01,153.2000,21.2233,86.0568,-0.2868,-0.9883,0.0655
MINGA,2023-05-01,56.6000,19.0129,71.9091,-0.6634,-1.0102,-0.3468
MINGA,2023-06-01,81.7000,17.0867,53.3898,-0.4587,-0.5431,-0.3505
MINGA,2023-07-01,77.4000,18.1645,65.0492,-0.7752,-0.7883,-0.1732
MINGA,2023-08-01,111.9000,20.0194,78.6347,-0.4939,-0.8701,-0.4826
MINGA,2023-09-01,240.8000,23.2767,102.1807,0.1069,-0.2411,-0.4230
MINGA,2023-10-01,304.0000,23.2355,99.1031,1.0537,0.2879,-0.4790
MINGA,2023-11-01,324.0000,24.6100,103.2424,1.8803,1.0899,0.1232
MINGA,2023-12-01,264.3000,26.2097,122.6104,1.8931,1.4390,0.6579
PCOL,2000-01-01,88.0000,29.6581,180.6575,,,
PCOL,2000-02-01,0.0000,28.2931,130.8453,,,
PCOL,2000-03-01,108.1000,26.3806,142.5266,-1.4632,,
PCOL,2000-04-01,104.3000,24.0733,114.0850,-0.7606,,
PCOL,2000-05-01,130.6000,19.5000,67.2883,0.6058,,
PCOL,2000-06-01,46.4000,20.0133,70.9631,0.6676,-0.5169,
PCOL,2000-07-01,20.8000,13.6387,23.4991,0.7116,-0.0585,
PCOL,2000-08-01,73.6000,19.9774,69.3193,0.3350,0.5925,
PCOL,2000-09-01,17.0000,21.1200,72.3272,0.1293,0.4945,
PCOL,2000-10-01,111.4000,26.0387,131.7524,0.0079,0.4446,
PCOL,2000-11-01,159.3000,24.4600,98.2839,0.3895,0.4338,
PCOL,2000-12-01,122.2000,27.3452,138.6481,0.6379,0.4721,-0.0718
PCOL,2001-01-01,39.4000,28.2419,156.0795,0.0030,-0.0809,-0.1655
PCOL,2001-02-01,140.3000,26.8821,108.4211,-0.2030,0.0558,0.4565
PCOL,2001-03-01,3.7000,26.8032,149.4598,-1.2206,-0.3996,0.0341
PCOL,2001-04-01,44.3000,24.3833,118.5325,-0.8653,-0.6815,-0.2167
PCOL,2001-05-01,64.8000,18.3290,55.9180,-1.0548,-0.9625,-0.4325
PCOL,2001-06-01,2.7000,17.4467,47.0838,-0.2644,-1.1166,-0.5119
PCOL,2001-07-01,3.8000,20.2194,76.2328,-0.2513,-0.8737,-0.7955
PCOL,2001-08-01,2.3000,23.3710,110.7930,-1.1753,-1.6678,-1.2682
PCOL,2001-09-01,81.6000,22.1133,82.9777,-0.8184,-0.8519,-1.0398
PCOL,2001-10-01,75.9000,25.2710,120.4785,-0.5992,-0.6930,-1.1419
PCOL,2001-11-01,72.8000,26.1333,119.7786,-0.1435,-0.9947,-1.6073
PCOL,2001-12-01,135.2000,25.8032,116.5663,-0.0026,-0.6550,-1.4541
PCOL,2002-01-01,52.2000,28.4000,158.7051,-0.4500,-0.8371,-1.4101
PCOL,2002-02-01,122.6000,26.5857,104.8867,0.0166,-0.1791,-1.4715
PCOL,2002-03-01,168.4000,28.9419,188.0083,-0.2547,-0.2714,-0.9353
PCOL,2002-04-01,52.5000,24.8367,125.2419,-0.0146,-0.4158,-0.9291
PCOL,2002-05-01,152.0000,21.9742,96.1613,0.2454,0.1012,-0.7354
PCOL,2002-06-01,44.0000,17.7933,49.9357,0.3360,-0.0199,-0.5790
PCOL,2002-07-01,28.9000,16.0871,38.4921,0.7380,0.4495,-0.3275
PCOL,2002-08-01,8.7000,21.8355,90.4268,-0.1743,-0.0324,-0.2218
PCOL,2002-09-01,19.2000,22.7267,90.0481,-0.6591,-0.2902,-0.4979
PCOL,2002-10-01,75.9000,28.3839,170.4907,-1.3664,-0.4022,-0.7004
PCOL,2002-11-01,62.1000,27.3100,136.6308,-1.3027,-1.0995,-0.8134
PCOL,2002-12-01,65.7000,28.4355,155.8355,-1.4753,-1.5795,-1.2696
PCOL,2003-01-01,228.1000,28.4032,158.7589,-0.1605,-1.1288,-0.5401
PCOL,2003-02-01,101.6000,27.3214,113.8032,0.2688,-0.7494,-0.6612
PCOL,2003-03-01,301.8000,26.3742,142.4224,1.7442,0.4096,0.0471
PCOL,2003-04-01,79.4000,23.3667,104.3646,1.2244,0.7351,0.2299
PCOL,2003-05-01,0.2000,19.8774,71.2563,0.8785,0.7511,-0.2612
PCOL,2003-06-01,18.8000,21.3967,86.6546,-0.6725,0.8530,-0.5077
PCOL,2003-07-01,55.7000,18.3742,57.2697,-0.4925,0.5252,-0.4755
PCOL,2003-08-01,6.4000,17.9129,50.0332,-0.2886,0.3765,-0.3237
PCOL,2003-09-01,89.7000,22.8133,91.0784,0.1778,-0.4208,-0.0512
PCOL,2003-10-01,23.1000,25.8452,128.8468,-0.5708,-0.8476,-0.0946
PCOL,2003-11-01,,26.1767,120.3733,-1.1942,-1.1181,-0.2743
PCOL,2003-12-01,,27.1210,135.2781,-2.5069,-1.5012,-0.4538
PCOL,2004-01-01,21.9000,28.8710,166.7020,-2.9718,-2.3744,-1.3417
PCOL,2004-02-01,70.6000,26.9103,112.6457,-2.0833,-2.3642,-1.4707
PCOL,2004-03-01,,25.4581,128.1406,-2.0103,-3.2190,-2.7901
PCOL,2004-04-01,173.8000,24.4133,118.9689,-0.3054,-2.1502,-2.4088
PCOL,2004-05-01,86.9000,16.1065,37.9974,0.3256,-1.1514,-1.8580
PCOL,2004-06-01,119.7000,18.9367,60.1521,1.4557,-0.1219,-1.2997
PCOL,2004-07-01,58.4000,17.5548,49.9700,1.1938,0.6177,-1.2569
PCOL,2004-08-01,0.0000,18.6677,56.6027,0.5569,0.5497,-1.3124
PCOL,2004-09-01,4.2000,21.8500,80.0591,-0.3693,0.7918,-1.6360
PCOL,2004-10-01,47.2000,24.4548,109.2185,-0.9171,0.2426,-1.4450
PCOL,2004-11-01,319.4000,25.1467,106.7631,0.9470,1.0043,-0.0792
PCOL,2004-12-01,182.2000,27.0645,134.4382,1.6473,0.9513,0.6140
PCOL,2005-01-01,208.5000,27.9645,151.5416,2.2608,1.1678,1.3389
PCOL,2005-02-01,38.1000,26.9714,109.5010,0.6947,1.1022,1.2358
PCOL,2005-03-01,24.0000,26.8968,151.0244,-0.5000,0.8724,1.2397
PCOL,2005-04-01,66.8000,23.2333,102.5947,-1.2524,0.9908,0.9165
PCOL,2005-05-01,84.8000,21.5935,91.2678,-0.7149,-0.0434,0.7152
PCOL,2005-06-01,39.9000,21.0067,82.0188,-0.0829,-0.5007,0.3376
PCOL,2005-07-01,0.0000,17.6871,51.1037,-0.1918,-1.0811,0.1114
PCOL,2005-08-01,0.8000,22.1387,94.2322,-0.8535,-1.2041,-0.0306
PCOL,2005-09-01,72.0000,19.3700,55.8501,-0.4017,-0.4328,0.3212
PCOL,2005-10-01,173.6000,23.5323,97.3593,0.4776,0.1303,0.8328
PCOL,2005-11-01,244.5000,25.7850,115.0697,1.7724,0.7731,0.5272
PCOL,2005-12-01,126.0000,27.4484,140.2183,1.6099,0.9003,0.2950
PCOL,2006-01-01,135.8000,28.3548,157.9519,1.0554,1.0306,-0.0074
PCOL,2006-02-01,45.0000,27.9893,122.3217,-0.2933,1.1024,-0.0304
PCOL,2006-03-01,166.0000,27.2968,157.8373,-0.1319,1.0669,0.4832
PCOL,2006-04-01,70.0000,24.6717,122.7714,-0.3538,0.4753,0.4198
PCOL,2006-05-01,,18.7565,59.9066,-0.2266,-0.4609,0.2182
PCOL,2006-06-01,26.9000,20.2667,73.6819,-0.6380,-0.6314,0.2005
PCOL,2006-07-01,0.0000,21.3935,90.2438,-0.9372,-0.9981,0.0506
PCOL,2006-08-01,0.0000,20.9516,79.9208,-1.1040,-1.0124,0.1025
PCOL,2006-09-01,65.5000,22.4700,87.0425,-0.8945,-1.1773,-0.0428
PCOL,2006-10-01,209.5000,25.5968,125.1809,0.3733,-0.4395,-0.0115
PCOL,2006-11-01,211.9000,25.5467,111.9198,1.4527,0.3550,-0.1260
PCOL,2006-12-01,116.0000,29.1355,167.5847,1.2843,0.3321,-0.2726
PCOL,2007-01-01,356.0000,29.4806,177.4464,1.7994,1.5449,0.4965
PCOL,2007-02-01,50.0000,28.7429,132.4312,0.7640,1.5342,0.4775
PCOL,2007-03-01,179.0000,28.0661,171.5100,1.1171,1.6574,0.4750
PCOL,2007-04-01,98.0000,24.4900,120.0891,-0.1727,1.1988,0.5889
PCOL,2007-05-01,15.7000,17.7484,50.7884,0.1568,0.5866,0.6804
PCOL,2007-06-01,0.0000,18.9800,60.5645,-0.3229,0.5446,0.6296
PCOL,2007-07-01,3.0000,15.8661,36.9333,-0.4106,-0.5047,0.8356
PCOL,2007-08-01,1.0000,17.3032,45.1136,-0.4784,-0.3070,0.9650
PCOL,2007-09-01,2.0000,24.6633,114.9820,-0.8890,-0.9429,0.6321
PCOL,2007-10-01,40.0000,27.8871,161.7263,-1.6566,-1.5036,-0.1498
PCOL,2007-11-01,85.9000,26.2267,121.0618,-1.5728,-1.5041,-0.6893
PCOL,2007-12-01,162.3000,27.8177,145.9337,-0.4928,-1.0681,-0.4152
PCOL,2008-01-01,77.5000,27.4000,142.5804,-0.0793,-1.2421,-1.4272
PCOL,2008-02-01,189.8000,26.6345,109.2293,0.6856,-0.5643,-0.7412
PCOL,2008-03-01,38.8000,25.8581,134.2529,-0.0518,-0.4728,-1.1700
PCOL,2008-04-01,31.0000,22.5833,94.2521,-0.0390,-0.1737,-1.3457
PCOL,2008-05-01,6.8000,19.5871,68.1906,-1.1308,-0.3067,-1.4593
PCOL,2008-06-01,17.6000,15.9533,36.0345,-0.5122,-0.4860,-1.2779
PCOL,2008-07-01,3.2000,21.8452,96.0582,-0.7417,-0.6317,-1.5325
PCOL,2008-08-01,35.3000,21.1484,82.1853,-0.6281,-1.3304,-1.5446
PCOL,2008-09-01,8.5000,21.6100,77.4594,-1.0347,-1.1807,-1.3537
PCOL,2008-10-01,67.7000,25.7613,127.6011,-0.7660,-1.1620,-1.0905
PCOL,2008-11-01,190.3000,26.1167,119.5505,0.0995,-0.4510,-0.6523
PCOL,2008-12-01,92.3000,28.0452,149.5287,0.1792,-0.6542,-0.9552
PCOL,2009-01-01,58.0000,26.6839,131.7291,0.0851,-0.5535,-0.9912
PCOL,2009-02-01,32.8000,28.0500,123.1165,-1.1408,-0.7838,-1.7267
PCOL,2009-03-01,50.2000,27.7903,166.5215,-1.6712,-1.0415,-1.8197
PCOL,2009-04-01,9.8000,25.7300,139.1936,-2.2289,-1.4333,-2.1192
PCOL,2009-05-01,179.6000,21.6645,92.1673,-0.6289,-1.3377,-1.4556
PCOL,2009-06-01,17.6000,16.5933,40.5299,0.0530,-1.1443,-1.4751
PCOL,2009-07-01,91.9000,16.3258,40.2246,1.1898,-0.4695,-0.8625
PCOL,2009-08-01,14.4000,20.0903,70.4968,0.3062,-0.2934,-0.9007
PCOL,2009-09-01,20.8000,21.4700,75.9691,0.0894,0.0136,-0.8436
PCOL,2009-10-01,78.1000,25.9484,130.3911,-0.6700,0.3875,-0.8122
PCOL,2009-11-01,32.8000,31.5033,209.3951,-1.7062,-0.9573,-1.8754
PCOL,2009-12-01,411.7000,27.9839,148.5541,0.7005,0.4920,-0.5150
PCOL,2010-01-01,41.5000,28.6645,163.1643,0.2547,-0.3601,-0.7093
PCOL,2010-02-01,212.9000,29.1179,137.6627,1.7453,0.2921,-0.0504
PCOL,2010-03-01,51.2000,27.1839,155.8940,-0.5736,0.0512,-0.0053
PCOL,2010-04-01,44.5000,23.5133,106.3348,-0.1318,0.0041,0.2534
PCOL,2010-05-01,67.0000,17.2871,46.9441,-0.5380,0.9328,-0.0046
PCOL,2010-06-01,17.6000,19.2033,62.7195,-0.1006,-0.5643,-0.0907
PCOL,2010-07-01,30.3000,17.8000,52.0850,0.1760,-0.0542,-0.3798
PCOL,2010-08-01,0.0000,19.3194,62.7155,-0.4109,-0.7661,-0.4062
PCOL,2010-09-01,86.5000,22.2200,84.1798,-0.0674,-0.2093,-0.1789
PCOL,2010-10-01,93.3000,23.0742,91.8038,0.0941,0.1057,0.0302
PCOL,2010-11-01,161.4000,24.4000,97.5650,0.9044,0.3178,0.9264
PCOL,2010-12-01,32.4000,28.7935,161.7744,0.0588,-0.0945,-0.5701
PCOL,2011-01-01,99.3000,30.0774,188.4004,-0.6007,-0.4367,-0.4392
PCOL,2011-02-01,188.2000,27.4036,114.8289,-0.5276,0.2433,-0.4466
PCOL,2011-03-01,171.4000,27.0000,152.7634,0.5030,0.3218,0.0376
PCOL,2011-04-01,155.4000,25.2533,131.6273,1.1875,0.4280,0.3635
PCOL,2011-05-01,11.8000,21.2419,86.8974,0.2708,-0.2535,0.0008
PCOL,2011-06-01,54.6000,18.8867,59.6786,0.1112,0.3584,0.1547
PCOL,2011-07-01,23.0000,19.8452,72.0931,-0.4083,0.5476,0.0499
PCOL,2011-08-01,5.5000,21.9387,91.7106,-0.4918,-0.2295,-0.0409
PCOL,2011-09-01,51.9000,24.5400,113.2720,-0.9351,-0.6436,-0.2902
PCOL,2011-10-01,71.7000,27.2935,151.6541,-1.1945,-1.2089,-0.6163
PCOL,2011-11-01,212.4000,27.6167,141.2679,0.0163,-0.4214,-0.5867
PCOL,2011-12-01,101.4000,28.4194,155.5714,0.0660,-0.6785,-0.2861
PCOL,2012-01-01,260.5000,28.3065,157.1477,1.2136,0.0985,0.4531
PCOL,2012-02-01,260.6000,27.2690,117.1924,1.6160,1.1656,0.7121
PCOL,2012-03-01,239.0000,24.9613,120.8110,2.4925,1.9310,1.0720
PCOL,2012-04-01,255.4000,23.2533,102.8589,2.7249,2.8498,1.5240
PCOL,2012-05-01,122.1000,20.5710,78.9483,2.2436,2.7431,1.9266
PCOL,2012-06-01,27.4000,18.4567,55.7087,1.4783,2.8418,1.8484
PCOL,2012-07-01,35.8000,15.5258,34.6156,0.5864,2.4468,2.0171
PCOL,2012-08-01,15.2000,21.4935,86.2599,-0.1810,1.5700,2.0676
PCOL,2012-09-01,11.2000,24.3267,110.3541,-0.7129,0.6030,1.9414
PCOL,2012-10-01,135.1000,27.0645,147.8820,-0.8240,-0.1987,2.1650
PCOL,2012-11-01,127.0000,26.3767,123.1431,-0.2524,-0.3992,1.9411
PCOL,2012-12-01,163.3000,29.1129,167.1968,0.4015,-0.2741,2.1087
PCOL,2013-01-01,41.4000,29.0032,168.9949,-0.3961,-0.9530,1.3219
PCOL,2013-02-01,123.0000,28.3536,127.1421,-0.4559,-0.5942,0.7949
PCOL,2013-03-01,,24.7710,118.0785,-1.3901,-0.6943,-0.0943
PCOL,2013-04-01,235.2000,23.2500,102.8148,0.5493,0.0482,-0.1730
PCOL,2013-05-01,117.3000,20.4968,78.1003,0.8188,0.2207,-0.1885
PCOL,2013-06-01,138.3000,18.3333,54.6035,1.9472,0.6361,0.2435
PCOL,2013-07-01,43.3000,17.7516,51.6629,1.1803,1.1758,0.2072
PCOL,2013-08-01,8.6000,16.5968,39.8289,0.7613,1.0556,0.3579
PCOL,2013-09-01,25.0000,22.4033,86.2729,-0.2002,1.3062,0.4996
PCOL,2013-10-01,167.2000,23.9903,103.1341,0.2990,1.0041,0.7827
PCOL,2013-11-01,62.8000,26.0300,118.3686,0.1359,0.5702,0.5643
PCOL,2013-12-01,202.7000,28.6839,159.9396,0.8051,0.3769,0.7360
PCOL,2014-01-01,103.3000,28.3403,157.7104,0.0369,0.1550,1.0011
PCOL,2014-02-01,,28.2446,125.6877,-0.4688,-0.3163,0.5580
PCOL,2014-03-01,163.2000,25.2129,124.4875,-0.4994,0.1819,1.1269
PCOL,2014-04-01,157.3000,23.6100,107.6468,0.2400,0.1116,0.8297
PCOL,2014-05-01,201.8000,20.4194,77.2219,1.7252,0.9569,1.1363
PCOL,2014-06-01,136.3000,18.8500,59.3330,1.9261,1.1099,1.1124
PCOL,2014-07-01,48.3000,18.6903,60.2655,1.5997,1.2967,1.0996
PCOL,2014-08-01,15.0000,21.4645,85.9121,0.4463,1.5331,0.9575
PCOL,2014-09-01,22.4000,25.3367,124.6217,-0.8409,0.9140,0.8094
PCOL,2014-10-01,51.1000,29.0000,181.7928,-1.8984,0.0640,0.0816
PCOL,2014-11-01,123.2000,26.0867,119.1405,-1.2059,-0.5472,0.3087
PCOL,2014-12-01,78.3000,27.4387,140.0706,-0.8676,-1.3032,-0.0920
PCOL,2015-01-01,100.3000,28.3387,157.6835,-0.3035,-1.5649,-0.1036
PCOL,2015-02-01,205.0000,27.3929,114.6948,0.2963,-0.6681,0.7121
PCOL,2015-03-01,70.3000,26.0065,136.5688,0.2665,-0.4793,0.3219
PCOL,2015-04-01,145.0000,24.3500,118.0488,0.8035,0.3076,0.2360
PCOL,2015-05-01,243.7000,20.8258,81.9078,1.2259,1.0378,0.3766
PCOL,2015-06-01,69.8000,20.4367,75.5447,1.5639,1.2854,0.0621
PCOL,2015-07-01,64.4000,18.4935,58.3888,1.4489,1.5587,0.1311
PCOL,2015-08-01,16.4000,22.8194,103.1590,-0.0978,0.7769,0.0703
PCOL,2015-09-01,37.9000,23.5000,99.5200,-0.5068,0.7982,0.2255
PCOL,2015-10-01,192.0000,24.5903,111.0370,0.0355,1.0424,1.0064
PCOL,2015-11-01,207.9000,25.7233,114.2491,1.1714,0.7333,1.3239
PCOL,2015-12-01,320.6000,27.6452,143.2443,2.4300,1.5441,2.1378
PCOL,2016-01-01,123.3000,29.0290,169.4448,1.7884,1.3194,2.1749
PCOL,2016-02-01,71.3000,28.0897,128.0531,0.9452,1.4492,1.6813
PCOL,2016-03-01,179.0000,24.7032,117.1160,0.2153,1.9680,2.1124
PCOL,2016-04-01,90.2000,24.8100,124.8404,0.2919,1.4831,1.9068
PCOL,2016-05-01,,17.0065,44.7027,0.3712,0.8728,1.1950
PCOL,2016-06-01,14.1000,14.8767,29.2426,-0.1545,-0.0410,1.1617
PCOL,2016-07-01,10.3000,17.6065,50.4105,-0.1937,-0.0111,0.9973
PCOL,2016-08-01,25.5000,19.6000,65.4781,-0.1599,0.0717,1.1641
PCOL,2016-09-01,52.3000,20.0767,62.1639,-0.1223,-0.2873,1.3463
PCOL,2016-10-01,101.3000,25.7677,127.6967,-0.0257,-0.2454,0.9656
PCOL,2016-11-01,286.6000,24.7567,101.8900,1.3731,0.8556,1.2892
PCOL,2016-12-01,167.5000,27.1161,135.2059,1.6053,1.0692,0.7700
PCOL,2017-01-01,111.2000,28.8887,167.0084,1.4441,0.9990,0.7347
PCOL,2017-02-01,137.0000,27.6214,117.5791,0.4580,1.2622,1.0105
PCOL,2017-03-01,143.5000,26.6887,147.5593,0.2191,1.2876,0.7721
PCOL,2017-04-01,124.1000,22.5467,93.7954,0.7709,1.5324,1.0069
PCOL,2017-05-01,112.9000,21.0806,84.9401,0.8231,0.8414,1.2650
PCOL,2017-06-01,11.0000,18.9367,60.1521,0.5426,0.4636,1.1448
PCOL,2017-07-01,5.8000,19.7129,70.6665,-0.0947,0.4207,1.0566
PCOL,2017-08-01,45.8000,22.4452,98.1849,-0.6923,0.0741,1.0123
PCOL,2017-09-01,27.0000,23.8033,103.4090,-0.9104,-0.2879,0.7717
PCOL,2017-10-01,21.7000,26.4484,138.0457,-1.3484,-1.0661,0.4395
PCOL,2017-11-01,221.3000,25.4167,110.2261,-0.0639,-0.6172,0.1613
PCOL,2017-12-01,122.8000,28.4145,155.4923,0.2357,-0.5308,-0.0892
PCOL,2018-01-01,144.9000,28.0097,152.2743,0.9245,-0.2349,0.0980
PCOL,2018-02-01,157.0000,26.3393,102.0075,0.5794,0.2949,0.2337
PCOL,2018-03-01,242.2000,25.4710,128.3348,1.4457,1.1706,0.6741
PCOL,2018-04-01,0.3000,25.4467,134.6622,0.7020,1.0908,0.0550
PCOL,2018-05-01,171.0000,21.4355,89.2855,0.8656,0.9594,0.2603
PCOL,2018-06-01,2.9000,16.7567,41.7341,-0.1331,0.9317,0.2994
PCOL,2018-07-01,14.2000,16.8839,44.4757,0.5647,0.8277,0.4294
PCOL,2018-08-01,14.5000,17.3758,45.6816,-0.1961,0.4270,0.5085
PCOL,2018-09-01,,22.7900,90.8003,-0.5824,-0.5943,0.4549
PCOL,2018-10-01,117.2000,24.2806,106.9096,-0.2786,0.1383,0.9197
PCOL,2018-11-01,262.0000,26.2067,120.7861,0.8625,0.4246,1.0280
PCOL,2018-12-01,74.0000,27.8258,146.0602,0.9749,0.2657,0.8864
PCOL,2019-01-01,90.2000,29.8677,184.5019,0.3208,-0.0477,0.5683
PCOL,2019-02-01,197.4000,28.0071,122.5551,-0.1334,0.4661,0.6416
PCOL,2019-03-01,316.0000,25.9194,135.2063,1.4449,1.6762,0.8858
PCOL,2019-04-01,236.6000,24.5467,120.9215,2.5230,2.1115,1.7618
PCOL,2019-05-01,171.6000,21.8419,94.4418,2.5341,1.8490,1.7463
PCOL,2019-06-01,0.2000,20.8533,80.2423,1.1703,1.8158,1.6055
PCOL,2019-07-01,27.8000,16.6065,42.3269,0.3715,2.1428,1.6595
PCOL,2019-08-01,6.4000,19.3161,62.6842,-0.5716,1.6001,1.5734
PCOL,2019-09-01,2.8000,23.2833,96.8025,-0.6798,0.3654,1.5624
PCOL,2019-10-01,40.1000,25.4968,123.7249,-1.2497,-0.6343,1.2351
PCOL,2019-11-01,236.9000,28.5033,155.2619,-0.1653,-0.6107,1.0234
PCOL,2019-12-01,120.9000,26.1387,121.1551,0.4699,-0.1991,1.2781
PCOL,2020-01-01,103.6000,28.4677,159.8392,0.6437,-0.4121,1.4113
PCOL,2020-02-01,26.4000,28.0552,127.5838,-0.6242,-0.6467,0.7844
PCOL,2020-03-01,24.0000,28.2581,175.0397,-1.9446,-0.9534,-0.4834
PCOL,2020-04-01,30.3000,23.1633,101.6736,-2.0985,-0.8867,-1.2573
PCOL,2020-05-01,30.4000,19.6194,68.5268,-1.4870,-1.5608,-1.7596
PCOL,2020-06-01,23.8000,20.7167,78.6807,-0.6764,-1.8858,-1.6482
PCOL,2020-07-01,5.1000,18.9645,62.9468,-0.5716,-1.8956,-1.8407
PCOL,2020-08-01,95.0000,22.3161,96.5074,-0.2972,-1.3105,-1.5978
PCOL,2020-09-01,20.2000,23.8767,104.3642,-0.5155,-0.9381,-1.5547
PCOL,2020-10-01,96.1000,26.9968,146.7784,-0.4613,-0.8258,-1.4114
PCOL,2020-11-01,221.0000,26.2367,121.1998,0.2552,-0.1097,-1.3332
PCOL,2020-12-01,123.0000,27.5290,141.4533,0.6782,0.0709,-1.4116
PCOL,2021-01-01,145.3000,27.3226,141.3796,1.0094,0.3699,-1.1543
PCOL,2021-02-01,56.9000,26.6500,105.6466,0.0641,0.1420,-0.9342
PCOL,2021-03-01,117.6000,25.6355,130.8283,0.0999,0.4823,-0.3738
PCOL,2021-04-01,132.9000,23.2200,102.4188,0.2788,0.8581,0.0252
PCOL,2021-05-01,29.2000,19.7839,70.2587,0.3296,0.1967,0.0139
PCOL,2021-06-01,56.0000,17.2600,45.5940,0.4832,0.3358,0.2636
PCOL,2021-07-01,17.8000,17.5032,49.5322,0.0702,0.1637,0.3622
PCOL,2021-08-01,3.0000,20.3387,73.1341,-0.1330,0.0590,0.1016
PCOL,2021-09-01,23.6000,26.0750,135.7939,-1.0796,-0.4403,-0.0064
PCOL,2021-10-01,155.5000,24.7629,113.3826,-0.4905,-0.3803,0.3477
PCOL,2021-11-01,90.8000,25.5500,111.9634,-0.1314,-0.2784,-0.1158
PCOL,2021-12-01,20.2000,29.4323,172.7387,-0.4256,-1.1464,-0.6496
PCOL,2022-01-01,44.2000,30.8645,203.5234,-2.1970,-1.8882,-1.3315
PCOL,2022-02-01,225.9000,28.6357,130.9611,-1.1038,-0.9395,-0.7294
PCOL,2022-03-01,58.9000,27.0645,153.8570,-0.6371,-0.8459,-1.0683
PCOL,2022-04-01,97.3000,25.3533,133.1913,0.2494,-1.2773,-1.3505
PCOL,2022-05-01,73.8000,17.8452,51.6206,-0.2567,-1.0352,-1.0815
PCOL,2022-06-01,25.0000,16.3700,38.9212,0.3043,-0.3002,-1.1843
PCOL,2022-07-01,2.6000,22.0710,99.0566,-0.1098,0.0154,-1.4621
PCOL,2022-08-01,43.9000,20.5742,75.6943,-0.5053,-0.6318,-1.2968
PCOL,2022-09-01,20.5000,20.5900,67.0364,-0.7584,-0.3794,-1.0187
PCOL,2022-10-01,91.6000,23.3806,95.4964,-0.0677,-0.2161,-1.2129
PCOL,2022-11-01,61.3000,24.6967,101.1537,-0.1247,-0.5352,-1.2927
PCOL,2022-12-01,74.5000,28.8290,162.3710,-0.4258,-0.9300,-1.0189
PCOL,2023-01-01,124.2000,28.6548,162.9997,-0.6932,-0.6208,-0.5241
PCOL,2023-02-01,270.6000,26.4214,102.9613,0.7420,0.3783,-0.2348
PCOL,2023-03-01,140.5000,26.4871,144.2525,1.2409,0.5801,0.1193
PCOL,2023-04-01,173.2000,22.9733,99.2011,1.8568,0.9378,0.5337
PCOL,2023-05-01,70.2000,20.4000,77.0033,0.8791,1.0859,0.4256
PCOL,2023-06-01,11.0000,19.8167,68.8991,0.5437,1.2185,0.2600
PCOL,2023-07-01,23.0000,20.7258,82.0835,-0.3675,1.1289,0.4009
PCOL,2023-08-01,1.5000,23.1097,107.1317,-1.1523,-0.1594,0.1211
PCOL,2023-09-01,1.7000,26.1867,137.5395,-1.8661,-0.8477,-0.2255
PCOL,2023-10-01,28.0000,28.1935,167.0965,-2.7289,-2.0789,-0.7686
PCOL,2023-11-01,77.6000,29.7467,176.3956,-2.6484,-2.6691,-1.0128
PCOL,2023-12-01,116.4000,29.4677,173.3619,-1.8102,-2.6628,-0.8841
PILAR,2000-01-01,291.0000,26.5226,129.0907,,,
PILAR,2000-02-01,185.0000,25.9759,102.2115,,,
PILAR,2000-03-01,63.0000,24.2387,115.5733,0.6221,,
PILAR,2000-04-01,120.1000,22.4967,101.0606,-0.1787,,
PILAR,2000-05-01,68.5000,17.3097,58.3698,-0.6374,,
PILAR,2000-06-01,99.6000,17.0100,54.5408,-0.0299,0.4011,
PILAR,2000-07-01,7.8000,11.5742,21.8477,-0.2279,-0.3281,
PILAR,2000-08-01,38.6000,17.0935,54.2198,-0.3873,-0.7856,
PILAR,2000-09-01,33.4000,18.8800,61.3174,-0.8686,-0.6670,
PILAR,2000-10-01,204.1000,22.7194,94.5931,-0.0787,-0.2543,
PILAR,2000-11-01,113.9000,22.5333,83.3504,0.1882,-0.1656,
PILAR,2000-12-01,200.0000,25.7065,116.8560,0.7821,-0.0041,0.1923
PILAR,2001-01-01,282.7000,26.7323,131.6392,0.9894,0.6453,0.1637
PILAR,2001-02-01,78.0000,27.5786,114.5020,0.6511,0.5672,-0.1571
PILAR,2001-03-01,206.7000,26.0677,138.4503,0.5732,0.9183,0.1678
PILAR,2001-04-01,156.9000,22.4567,100.6151,0.0505,0.7266,0.2655
PILAR,2001-05-01,26.0000,16.5677,52.3545,0.1089,0.5144,0.1698
PILAR,2001-06-01,36.0000,16.5467,50.9267,-0.3898,0.1287,0.0100
PILAR,2001-07-01,10.0000,17.2032,58.4407,-1.0965,-0.7549,-0.0829
PILAR,2001-08-01,39.0000,19.9355,79.4300,-1.1999,-0.7740,-0.1506
PILAR,2001-09-01,103.6000,18.7000,59.8763,-0.7832,-0.8947,0.0434
PILAR,2001-10-01,146.5000,22.3452,90.7724,-0.1200,-0.8975,-0.1018
PILAR,2001-11-01,61.0000,24.3133,100.6658,-0.1154,-0.9643,-0.2952
PILAR,2001-12-01,116.0000,24.8935,107.8959,-0.3325,-0.8492,-0.5069
PILAR,2002-01-01,150.5000,25.8129,120.6847,-0.4963,-0.4775,-0.8611
PILAR,2002-02-01,173.5000,25.3393,92.7914,0.2247,0.0491,-0.5185
PILAR,2002-03-01,358.8000,26.7903,148.1747,1.2599,0.6992,-0.1206
PILAR,2002-04-01,370.0000,22.1300,97.0205,2.3097,1.4490,0.4513
PILAR,2002-05-01,62.1000,20.5677,89.5637,1.8634,1.4885,0.4485
PILAR,2002-06-01,30.2000,15.2600,41.6549,0.8370,1.4251,0.4573
PILAR,2002-07-01,113.2000,14.6968,39.5305,-0.2670,1.5664,0.7637
PILAR,2002-08-01,50.0000,19.0097,70.5851,-0.2249,1.2350,0.8126
PILAR,2002-09-01,101.0000,19.2950,64.7183,0.0582,0.6181,0.7943
PILAR,2002-10-01,166.5000,23.5710,103.6420,-0.0046,-0.2273,0.8118
PILAR,2002-11-01,90.0000,24.6500,104.1620,0.0328,-0.1696,0.8742
PILAR,2002-12-01,57.0000,26.2774,123.4062,-0.5999,-0.4121,0.6907
PILAR,2003-01-01,87.0000,27.7258,144.1224,-1.4589,-1.0414,0.4719
PILAR,2003-02-01,148.0000,26.2821,101.6011,-1.0059,-0.7090,0.3840
PILAR,2003-03-01,121.0000,24.7548,121.7798,-0.5593,-0.8901,-0.1780
PILAR,2003-04-01,100.0000,21.9333,94.8941,-0.1698,-1.1867,-0.9488
PILAR,2003-05-01,0.0000,18.8452,72.0816,-0.9395,-1.5047,-1.0847
PILAR,2003-06-01,46.0000,20.0167,81.6984,-1.1916,-1.3333,-1.1595
PILAR,2003-07-01,1.1000,15.4258,44.5792,-1.5669,-1.2592,-1.5313
PILAR,2003-08-01,52.0000,14.9968,39.1794,-0.9297,-1.4438,-1.4235
PILAR,2003-09-01,96.0000,19.6033,67.3163,-0.4977,-1.2814,-1.4479
PILAR,2003-10-01,165.5000,22.9032,96.5052,0.1790,-0.9479,-1.4281
PILAR,2003-11-01,233.4000,23.6333,93.8203,0.8530,0.0179,-0.9498
PILAR,2003-12-01,212.6000,24.6871,105.6881,1.2333,0.5810,-0.4429
PILAR,2004-01-01,0.0000,27.3839,139.7500,0.1577,0.2073,-0.6806
PILAR,2004-02-01,76.0000,25.5276,97.8882,-0.8488,0.0661,-0.8825
PILAR,2004-03-01,32.0000,24.8839,123.3618,-2.4768,-0.4537,-1.1583
PILAR,2004-04-01,100.0000,23.7500,115.6210,-1.3901,-0.8549,-1.2228
PILAR,2004-05-01,6.0000,15.1226,41.7396,-1.4986,-1.8144,-1.1101
PILAR,2004-06-01,93.0000,17.4367,58.0007,-0.5910,-2.2786,-0.8953
PILAR,2004-07-01,68.8000,15.4806,44.9737,-0.3392,-1.2876,-0.6960
PILAR,2004-08-01,15.0000,16.4774,49.4967,-0.3314,-1.3564,-0.8356
PILAR,2004-09-01,125.9000,19.4400,65.9324,-0.1784,-0.5901,-0.7430
PILAR,2004-10-01,269.0000,21.5194,82.6707,0.7239,0.2777,-0.4049
PILAR,2004-11-01,369.0000,22.8600,86.3825,2.1669,1.4187,-0.0105
PILAR,2004-12-01,262.0000,26.1419,121.8326,2.4864,1.7529,0.0786
PILAR,2005-01-01,52.0000,27.0935,136.1005,1.3416,1.4097,0.2258
PILAR,2005-02-01,19.0000,25.9464,98.4096,-0.6370,1.2611,0.0736
PILAR,2005-03-01,59.3000,24.7903,122.2136,-2.2192,0.8351,0.1492
PILAR,2005-04-01,355.0000,20.9333,84.5133,0.2779,1.1301,0.8750
PILAR,2005-05-01,112.7000,19.4065,77.5299,0.8805,0.2160,1.0462
PILAR,2005-06-01,75.1000,19.2933,74.5641,1.1893,-0.3755,0.9634
PILAR,2005-07-01,14.0000,15.4226,44.5561,-0.4521,-0.1408,0.8312
PILAR,2005-08-01,14.5000,17.3742,56.4567,-0.9693,0.0173,0.8129
PILAR,2005-09-01,22.3000,16.1400,41.5451,-1.1113,0.1960,0.6165
PILAR,2005-10-01,74.5000,20.4806,73.1157,-0.8841,-1.0185,0.1401
PILAR,2005-11-01,98.2000,23.8033,95.5048,-0.5832,-1.1876,-0.6353
PILAR,2005-12-01,156.9000,25.5742,115.3691,-0.2007,-0.9751,-0.9269
PILAR,2006-01-01,116.4000,27.9484,147.0120,-0.3985,-0.9754,-0.7675
PILAR,2006-02-01,59.4000,26.2571,101.3614,-0.6881,-0.9754,-0.6577
PILAR,2006-03-01,416.5000,25.3419,129.0766,0.7395,0.3782,0.3045
PILAR,2006-04-01,150.0000,21.2100,87.3136,1.1986,0.6119,-0.2529
PILAR,2006-05-01,36.0000,15.5935,45.0417,1.3526,0.5679,-0.3764
PILAR,2006-06-01,74.0000,18.1500,64.0713,-0.0929,0.4477,-0.3500
PILAR,2006-07-01,14.5000,18.9516,74.3150,-0.8779,0.3342,-0.4324
PILAR,2006-08-01,61.0000,16.8242,52.1234,-0.7551,0.5303,-0.2897
PILAR,2006-09-01,80.6000,18.1167,55.3459,-0.6524,-0.5670,-0.1667
PILAR,2006-10-01,429.0000,24.2323,111.0116,1.4035,0.5042,0.6611
PILAR,2006-11-01,146.0000,23.8567,96.0369,1.5891,0.7245,0.7782
PILAR,2006-12-01,158.0000,27.5710,139.0427,1.5610,0.7575,0.7225
PILAR,2007-01-01,284.0000,27.1419,136.7048,0.7465,1.4677,1.1530
PILAR,2007-02-01,67.0000,27.0071,108.7021,0.2578,1.3018,1.1536
PILAR,2007-03-01,121.0000,25.8403,135.4710,0.0684,1.1682,0.4105
PILAR,2007-04-01,168.0000,23.2467,109.6329,-0.4710,0.2120,0.3994
PILAR,2007-05-01,83.0000,15.3839,43.5531,0.0233,0.1696,0.5231
PILAR,2007-06-01,8.0000,16.1433,47.9003,-0.1266,-0.0738,0.3959
PILAR,2007-07-01,25.0000,13.2952,30.8225,-0.5254,-0.7665,0.5337
PILAR,2007-08-01,11.2000,13.8613,32.2230,-0.9324,-0.6672,0.4577
PILAR,2007-09-01,53.6000,20.5633,75.7999,-0.8098,-0.7041,0.3357
PILAR,2007-10-01,165.6000,23.6226,104.2063,-0.3699,-0.6896,-0.3555
PILAR,2007-11-01,38.0000,22.2000,80.3228,-0.5051,-1.0969,-0.6186
PILAR,2007-12-01,20.0000,26.1323,121.7207,-1.0454,-1.4303,-0.9760
PILAR,2008-01-01,24.0000,27.1032,136.2212,-2.5096,-2.0703,-1.8046
PILAR,2008-02-01,119.0000,25.8517,101.0031,-1.9425,-1.8244,-1.6059
PILAR,2008-03-01,25.0000,25.2968,128.5063,-1.9582,-2.3546,-1.9041
PILAR,2008-04-01,131.0000,20.6267,81.4729,-0.7212,-2.4382,-1.9344
PILAR,2008-05-01,10.0000,17.2113,57.5496,-1.1831,-2.4755,-2.2392
PILAR,2008-06-01,24.2000,13.8467,32.7247,-0.5272,-1.8563,-2.1278
PILAR,2008-07-01,36.3000,18.8355,73.1896,-1.1201,-1.4149,-2.2381
PILAR,2008-08-01,35.0000,16.8774,52.5337,-0.9059,-1.6176,-2.2256
PILAR,2008-09-01,53.0000,17.0167,47.3749,-0.8081,-1.0220,-2.1269
PILAR,2008-10-01,292.0000,21.8645,86.0020,0.6323,-0.2806,-1.6343
PILAR,2008-11-01,73.0000,24.7283,104.9857,0.5565,-0.2125,-1.6003
PILAR,2008-12-01,27.0000,26.4548,125.4852,-0.0223,-0.6193,-1.5897
PILAR,2009-01-01,90.0000,25.3548,115.4376,-1.6045,-0.5656,-1.3105
PILAR,2009-02-01,280.5000,25.8821,97.8054,-0.1215,0.2917,-0.8065
PILAR,2009-03-01,23.5000,25.4452,130.3859,-0.1719,-0.1727,-0.8165
PILAR,2009-04-01,25.2000,21.9067,94.6079,-0.4442,-1.5311,-1.1776
PILAR,2009-05-01,90.0000,18.9742,73.3132,-1.6346,-1.2608,-0.9806
PILAR,2009-06-01,25.9000,13.3400,29.8320,-0.8621,-0.7772,-0.9666
PILAR,2009-07-01,59.5000,12.5516,26.7187,-0.2012,-0.5020,-0.7586
PILAR,2009-08-01,38.9000,17.6226,58.4818,-0.4260,-1.5358,-0.7647
PILAR,2009-09-01,83.2000,17.9467,54.0655,-0.2206,-0.8165,-0.6956
PILAR,2009-10-01,125.1000,22.1710,89.0257,-0.2006,-0.3247,-1.2087
PILAR,2009-11-01,318.7000,26.7800,127.9584,0.9461,0.3967,-0.5426
PILAR,2009-12-01,194.1000,26.2516,123.1056,1.1494,0.6802,-0.0698
PILAR,2010-01-01,103.2000,27.1226,136.4629,0.8088,0.4310,-0.0910
PILAR,2010-02-01,65.0000,28.1536,120.5208,-0.6004,0.2907,-0.7654
PILAR,2010-03-01,105.0000,25.7161,133.8603,-1.3039,0.0563,-0.5384
PILAR,2010-04-01,83.0000,20.6233,81.4402,-1.0466,-0.0882,-0.3372
PILAR,2010-05-01,158.9000,15.8419,46.8440,0.0315,-0.4333,-0.0743
PILAR,2010-06-01,6.0000,16.1433,47.9003,-0.0447,-0.9740,-0.1780
PILAR,2010-07-01,179.0000,14.4258,37.7458,0.7219,-0.1611,0.1149
PILAR,2010-08-01,29.0000,15.5710,43.0100,0.0350,0.0146,0.1297
PILAR,2010-09-01,107.8000,18.4067,57.5716,0.5450,0.3341,0.1854
PILAR,2010-10-01,130.4000,19.9290,68.3239,0.1096,0.5667,0.2536
PILAR,2010-11-01,37.5000,22.4267,82.3742,-0.0700,-0.0580,-0.3852
PILAR,2010-12-01,358.2000,25.7032,116.8196,0.9591,1.0239,0.0815
PILAR,2011-01-01,103.3000,27.7290,144.1641,0.4283,0.3527,0.0612
PILAR,2011-02-01,203.8000,25.5821,95.0150,1.2041,0.8137,0.4895
PILAR,2011-03-01,47.5000,24.7613,121.8586,-0.5265,0.3457,0.3730
PILAR,2011-04-01,193.2000,21.8867,94.3936,0.3059,0.4877,0.6201
PILAR,2011-05-01,39.0000,18.5613,69.4160,-0.5235,0.5427,0.2556
PILAR,2011-06-01,65.0000,15.7133,44.7950,0.0538,-0.3648,0.4164
PILAR,2011-07-01,86.9000,15.1258,42.4578,-0.2702,0.0036,0.1645
PILAR,2011-08-01,7.8000,16.2484,47.8063,-0.3295,-0.6573,0.0956
PILAR,2011-09-01,76.4000,19.6367,67.6008,-0.4009,-0.2775,-0.0154
PILAR,2011-10-01,224.7000,22.2226,89.5411,0.1419,-0.1200,0.1794
PILAR,2011-11-01,232.2000,24.2500,100.0161,1.0450,0.5330,0.6340
PILAR,2011-12-01,61.5000,25.7419,117.2569,0.7228,0.2376,-0.1430
PILAR,2012-01-01,180.6000,26.7129,131.4027,0.2638,0.2566,0.0999
PILAR,2012-02-01,112.5000,27.4621,117.3515,-0.5587,0.3948,-0.2078
PILAR,2012-03-01,161.0000,24.4484,118.0713,0.0461,0.5257,0.1096
PILAR,2012-04-01,220.9000,20.8367,83.5477,0.5342,0.5340,0.2114
PILAR,2012-05-01,67.0000,19.3484,76.9553,0.5071,-0.0322,0.2650
PILAR,2012-06-01,63.2000,16.2900,48.9880,0.3520,0.2538,0.2493
PILAR,2012-07-01,27.0000,13.5613,32.3770,-0.4922,0.0321,0.1181
PILAR,2012-08-01,80.9000,19.0355,70.8232,-0.3652,0.0936,0.2500
PILAR,2012-09-01,28.0000,20.9567,79.4507,-0.7941,-0.3083,0.0911
PILAR,2012-10-01,137.8000,23.7419,105.5184,-0.5437,-0.7964,-0.1873
PILAR,2012-11-01,56.0000,25.2533,110.6067,-0.9820,-1.0195,-0.7176
PILAR,2012-12-01,284.8000,27.6806,140.4199,0.2439,-0.3956,-0.1507
PILAR,2013-01-01,125.5000,27.3129,138.8526,-0.0171,-0.4317,-0.3238
PILAR,2013-02-01,121.8000,25.8143,97.1700,0.4284,-0.3661,-0.2417
PILAR,2013-03-01,153.5000,22.7581,98.8319,-0.0788,0.0886,-0.2093
PILAR,2013-04-01,157.0000,21.9000,94.5364,0.3528,0.2111,-0.4184
PILAR,2013-05-01,71.4000,18.3355,67.3384,0.2391,0.4416,-0.3789
PILAR,2013-06-01,169.8000,15.9733,46.6578,0.6092,0.3593,-0.0778
PILAR,2013-07-01,76.6000,16.1355,49.8458,0.4192,0.5138,0.0090
PILAR,2013-08-01,48.5000,14.6290,36.8375,0.4602,0.4643,0.0133
PILAR,2013-09-01,61.6000,18.5400,58.6125,-0.2263,0.2626,0.1583
PILAR,2013-10-01,239.2000,22.5290,92.6381,0.4583,0.5872,0.4551
PILAR,2013-11-01,264.1000,24.6633,104.3019,1.2043,1.1440,0.9865
PILAR,2013-12-01,45.6000,27.2726,135.3367,0.7486,0.3687,0.4046
PILAR,2014-01-01,155.0000,28.0645,148.5332,-0.0164,0.2890,0.4554
PILAR,2014-02-01,127.0000,27.4179,112.8526,-0.9492,0.2988,0.4286
PILAR,2014-03-01,438.9000,23.2742,104.4904,1.4168,1.4784,1.1179
PILAR,2014-04-01,268.7000,21.7667,93.1140,2.1474,1.5716,1.3826
PILAR,2014-05-01,157.0000,18.6000,69.7760,2.4399,1.3361,1.5725
PILAR,2014-06-01,168.9000,16.2000,48.3188,1.5453,1.9960,1.5667
PILAR,2014-07-01,88.0000,16.7839,54.9676,0.8710,2.0748,1.5809
PILAR,2014-08-01,0.0000,19.0000,70.4959,0.0220,1.8204,1.3935
PILAR,2014-09-01,156.3000,21.1100,80.9017,-0.2475,0.9724,1.5589
PILAR,2014-10-01,77.0000,25.1355,121.5699,-0.7460,0.1424,1.1158
PILAR,2014-11-01,198.3000,23.9667,97.1400,0.2991,0.1987,0.9755
PILAR,2014-12-01,294.6000,25.0516,109.6048,0.8747,0.4519,1.6152
PILAR,2015-01-01,185.0000,26.7387,131.7181,1.3451,0.5292,1.7201
PILAR,2015-02-01,174.8000,26.3929,102.6670,1.2093,1.0459,1.8483
PILAR,2015-03-01,141.9000,25.2097,127.4107,0.3427,0.8308,1.1181
PILAR,2015-04-01,216.0000,22.6600,102.8920,0.6616,1.3726,0.9686
PILAR,2015-05-01,195.6000,19.3452,76.9234,0.8981,1.4299,1.0442
PILAR,2015-06-01,107.1000,18.2000,64.5104,1.0364,0.9476,0.8557
PILAR,2015-07-01,41.0000,16.4403,52.2166,0.3980,0.7156,0.7470
PILAR,2015-08-01,55.8000,20.5742,85.8988,-0.4769,0.3277,0.8463
PILAR,2015-09-01,12.5000,19.9700,70.4857,-1.1666,0.0352,0.5142
PILAR,2015-10-01,171.7000,21.7387,84.7787,-0.4925,-0.0745,0.8417
PILAR,2015-11-01,124.7000,23.7100,94.5778,-0.1198,-0.4635,0.6662
PILAR,2015-12-01,272.0000,26.2032,122.5430,0.9980,0.0025,0.5771
PILAR,2016-01-01,410.3000,28.2613,151.1322,1.7887,1.0292,1.0814
PILAR,2016-02-01,144.5000,27.9724,122.8405,1.7521,1.2066,0.9603
PILAR,2016-03-01,190.0000,23.2710,104.4545,1.4685,1.6733,1.1303
PILAR,2016-04-01,128.6000,23.5767,113.5374,0.2451,1.4440,0.8949
PILAR,2016-05-01,18.8000,15.7613,46.2542,-0.0362,1.2540,0.5324
PILAR,2016-06-01,137.5000,12.4533,25.1493,0.1191,1.1283,0.7073
PILAR,2016-07-01,23.0000,15.6000,45.8395,-0.1019,0.0735,0.6784
PILAR,2016-08-01,82.0000,17.5097,57.5561,0.1985,0.0849,0.8132
PILAR,2016-09-01,53.0000,17.3667,49.8310,-0.4545,-0.2648,0.9620
PILAR,2016-10-01,402.8000,21.3710,81.2627,1.3899,0.9367,1.5118
PILAR,2016-11-01,193.6000,23.1500,89.1287,1.7473,1.3856,1.6795
PILAR,2016-12-01,368.9000,26.0677,120.9760,2.7344,1.8154,1.8972
PILAR,2017-01-01,113.0000,27.5226,141.5140,1.2727,1.7980,1.2467
PILAR,2017-02-01,150.7000,26.1929,100.7464,1.0120,1.8759,1.3127
PILAR,2017-03-01,90.8000,24.7806,122.0952,-0.5486,1.7704,1.0371
PILAR,2017-04-01,516.2000,20.6867,82.0625,1.8491,2.1092,1.9905
PILAR,2017-05-01,316.5000,19.3194,76.6689,2.6158,2.4951,2.5533
PILAR,2017-06-01,61.0000,16.7300,52.3391,2.7670,1.7972,2.3387
PILAR,2017-07-01,3.5000,18.0419,65.7718,0.5911,1.6925,2.2558
PILAR,2017-08-01,73.0000,19.3194,73.4744,-0.8444,1.5330,2.2032
PILAR,2017-09-01,77.8000,20.6900,76.9644,-0.8986,1.6351,2.1982
PILAR,2017-10-01,195.3000,21.6387,83.8138,0.1866,0.5227,1.7423
PILAR,2017-11-01,165.5000,23.1000,88.6516,0.6066,-0.1332,1.6807
PILAR,2017-12-01,65.5000,27.2161,134.6423,0.2279,-0.4774,0.9438
PILAR,2018-01-01,433.2000,26.2387,125.6877,1.2320,0.9925,1.7230
PILAR,2018-02-01,42.0000,26.2464,101.2587,0.5537,0.7831,1.4768
PILAR,2018-03-01,113.5000,24.4677,118.3035,0.8840,0.7626,1.5371
PILAR,2018-04-01,24.0000,24.9633,130.8454,-1.7280,-0.0939,0.2197
PILAR,2018-05-01,438.4000,20.1484,85.0985,0.8751,0.9704,0.5124
PILAR,2018-06-01,1.5000,14.6533,37.6640,0.7161,1.0851,0.3979
PILAR,2018-07-01,9.0000,14.6484,39.2082,1.0972,-0.2154,0.4799
PILAR,2018-08-01,31.3000,14.5839,36.5558,-0.9668,0.0143,0.4677
PILAR,2018-09-01,128.5000,21.1200,80.9969,-0.4085,0.2277,0.5859
PILAR,2018-10-01,238.0000,22.2290,89.6057,0.6143,1.1667,0.6783
PILAR,2018-11-01,252.0000,25.0700,108.6239,1.3443,0.4061,0.8425
PILAR,2018-12-01,167.7000,26.3032,123.7073,1.3281,0.7084,1.1151
PILAR,2019-01-01,161.1000,27.6774,143.4988,0.6887,0.8814,0.3995
PILAR,2019-02-01,95.5000,25.9250,98.2079,-0.1208,0.8905,0.5436
PILAR,2019-03-01,141.0000,23.6774,109.0426,-0.1932,0.8348,0.6361
PILAR,2019-04-01,209.1000,22.0533,96.1882,0.3550,0.7059,1.1699
PILAR,2019-05-01,532.6000,19.7903,81.3932,2.4354,1.7422,1.3982
PILAR,2019-06-01,3.0000,18.9600,71.4067,2.0301,1.3837,1.3236
PILAR,2019-07-01,112.0000,15.0871,42.1885,1.8483,1.5527,1.5530
PILAR,2019-08-01,0.0000,16.6516,50.8060,-0.8122,1.3972,1.4492
PILAR,2019-09-01,0.5000,19.6767,67.9432,-0.8056,1.0628,1.1821
PILAR,2019-10-01,111.0000,22.9065,96.5389,-1.1999,0.7121,0.8610
PILAR,2019-11-01,190.0000,26.1500,120.6149,-0.3810,-0.9089,0.6785
PILAR,2019-12-01,68.0000,25.9097,119.1630,-0.2797,-0.8235,0.4384
PILAR,2020-01-01,165.5000,26.6194,130.2633,-0.1533,-0.9964,0.4834
PILAR,2020-02-01,93.5000,25.5379,97.9868,-0.6176,-0.7662,0.4788
PILAR,2020-03-01,45.4000,26.2194,140.4581,-0.9154,-0.9021,0.1493
PILAR,2020-04-01,34.0000,21.0733,85.9235,-1.5685,-1.2456,-0.2981
PILAR,2020-05-01,32.4000,17.4129,59.2378,-1.7524,-1.7948,-1.7543
PILAR,2020-06-01,67.0000,18.1900,64.4224,-0.9992,-1.4798,-1.5202
PILAR,2020-07-01,24.5000,14.9161,41.0116,-0.7535,-1.7827,-1.8059
PILAR,2020-08-01,7.0000,18.3419,64.5890,-0.9661,-2.1177,-1.8288
PILAR,2020-09-01,25.0000,20.3333,73.7125,-1.3434,-1.8239,-1.7657
PILAR,2020-10-01,107.0000,23.7774,105.9103,-1.2104,-1.5109,-1.8107
PILAR,2020-11-01,254.0000,24.3033,100.5631,0.1524,-0.5838,-1.5322
PILAR,2020-12-01,83.8000,25.6484,116.2019,0.2443,-0.7501,-1.4714
PILAR,2021-01-01,200.0000,26.1387,124.5019,0.6450,-0.3240,-1.3426
PILAR,2021-02-01,65.0000,25.7036,96.1387,-0.4090,-0.2078,-1.4277
PILAR,2021-03-01,252.8000,24.3645,117.0683,0.5589,0.5384,-0.7201
PILAR,2021-04-01,152.2000,21.9100,94.6436,0.4634,0.7482,-0.4051
PILAR,2021-05-01,28.5000,16.9774,55.6277,0.4849,0.0478,-0.4059
PILAR,2021-06-01,63.0000,14.7000,37.9625,-0.1413,0.2804,-0.3427
PILAR,2021-07-01,0.0000,15.0290,41.7866,-0.7745,-0.2057,-0.4138
PILAR,2021-08-01,6.5000,17.8581,60.4412,-0.9602,-0.3056,-0.4035
PILAR,2021-09-01,175.5000,21.1467,81.2510,-0.4945,-0.4925,-0.0094
PILAR,2021-10-01,66.5000,21.7726,85.1070,-0.3478,-0.8551,-0.0626
PILAR,2021-11-01,265.5000,25.2000,110.0277,0.8221,-0.0259,-0.0571
PILAR,2021-12-01,26.7000,26.6597,127.9112,-0.2615,-0.5843,-0.2456
PILAR,2022-01-01,20.0000,31.5194,198.1517,-1.3517,-1.2681,-0.9799
PILAR,2022-02-01,38.0000,28.7821,127.3120,-3.8648,-1.4632,-1.1581
PILAR,2022-03-01,177.0000,24.1452,114.4691,-2.0222,-1.6457,-1.3884
PILAR,2022-04-01,288.0000,21.5000,90.3075,0.5102,-0.5246,-0.9534
PILAR,2022-05-01,66.3000,16.4419,51.3731,1.0402,-1.2216,-0.8273
PILAR,2022-06-01,76.7000,13.8800,32.9206,0.9483,-0.5041,-0.7718
PILAR,2022-07-01,31.0000,19.1290,76.0542,-0.3983,0.0744,-0.7815
PILAR,2022-08-01,22.0000,17.0452,53.8395,-0.7019,0.3060,-0.7164
PILAR,2022-09-01,32.0000,17.1700,48.4418,-1.1228,-0.0148,-1.0477
PILAR,2022-10-01,125.0000,20.8516,76.4479,-0.4833,-0.6799,-0.8451
PILAR,2022-11-01,98.0000,22.6633,84.5493,-0.2010,-0.6870,-1.2799
PILAR,2022-12-01,41.0000,27.2710,135.3169,-0.6966,-1.3966,-1.2582
PILAR,2023-01-01,124.0000,28.0194,147.9405,-1.2074,-1.2808,-0.7884
PILAR,2023-02-01,12.0000,26.9000,107.6347,-2.1032,-1.6401,-0.8071
PILAR,2023-03-01,167.0000,26.7032,146.9817,-1.1685,-1.4312,-0.9342
PILAR,2023-04-01,81.5000,21.0267,85.4519,-1.0233,-1.7353,-1.5665
PILAR,2023-05-01,122.5000,18.4387,68.2835,-0.0532,-1.4974,-1.4392
PILAR,2023-06-01,24.0000,17.9100,61.9885,-0.4070,-1.1884,-1.7066
PILAR,2023-07-01,61.6000,17.0677,57.3047,-0.3552,-1.0409,-1.5441
PILAR,2023-08-01,42.5000,19.7581,77.6866,-0.9474,-0.7400,-1.5550
PILAR,2023-09-01,143.1000,20.7033,77.0876,-0.2647,-0.5229,-1.2906
PILAR,2023-10-01,212.5000,22.3452,90.7724,0.4116,0.0269,-1.0633
PILAR,2023-11-01,248.7000,25.1800,109.8110,1.2856,0.3676,-0.6881
PILAR,2023-12-01,168.0000,26.7226,128.6618,1.1597,0.6614,-0.3066
PJC,2000-01-01,123.5000,26.0387,123.2081,,,
PJC,2000-02-01,80.2000,24.9552,91.9799,,,
PJC,2000-03-01,191.7000,23.9161,110.5715,-0.2879,,
PJC,2000-04-01,212.6000,23.0233,105.3927,0.2915,,
PJC,2000-05-01,157.2000,18.5000,66.0606,0.7956,,
PJC,2000-06-01,175.7000,19.1867,70.8716,0.9055,0.3844,
PJC,2000-07-01,67.2000,14.6452,36.5758,0.5423,0.4952,
PJC,2000-08-01,119.0000,20.2387,79.9689,0.2809,0.6785,
PJC,2000-09-01,123.2000,19.9133,67.7431,0.0208,0.5862,
PJC,2000-10-01,183.6000,24.7581,116.2842,0.2153,0.4414,
PJC,2000-11-01,197.9000,23.3933,90.2378,0.5611,0.5016,
PJC,2000-12-01,176.8000,24.7516,105.6413,0.6373,0.3787,0.5757
PJC,2001-01-01,137.1000,25.4129,115.6540,0.4118,0.3449,0.6368
PJC,2001-02-01,353.2000,24.2750,82.6493,1.1746,1.1693,1.4219
PJC,2001-03-01,142.8000,24.3484,115.8446,0.9775,1.0706,1.2753
PJC,2001-04-01,177.8000,23.4300,110.3030,1.1827,1.0713,1.1667
PJC,2001-05-01,45.2000,17.9290,60.8881,-0.2358,0.6353,0.8693
PJC,2001-06-01,67.4000,16.7667,49.9097,-0.2899,0.4409,0.6203
PJC,2001-07-01,17.8000,19.5419,77.4481,-1.0811,0.1413,0.3571
PJC,2001-08-01,37.0000,22.6000,106.5537,-1.4622,-1.2026,0.0320
PJC,2001-09-01,176.2000,21.7033,84.7406,-0.9468,-0.9358,0.1408
PJC,2001-10-01,98.6000,23.4484,100.9558,-0.5841,-1.2250,-0.0708
PJC,2001-11-01,200.8000,23.6467,92.8014,0.3959,-0.7176,-0.0698
PJC,2001-12-01,294.7000,23.3581,90.8613,0.9344,0.0081,0.3298
PJC,2002-01-01,76.7000,25.0581,111.5008,0.7841,0.1017,0.1622
PJC,2002-02-01,213.9000,23.7250,77.8669,0.9142,0.8501,-0.2494
PJC,2002-03-01,80.5000,26.0323,137.8506,-0.4380,0.3129,-0.5156
PJC,2002-04-01,39.8000,25.3067,134.7779,-0.8077,-0.0336,-1.0484
PJC,2002-05-01,272.5000,21.2548,94.7846,-0.5486,0.2281,-0.4172
PJC,2002-06-01,1.9000,19.5667,74.5804,-0.6423,-0.8446,-0.7067
PJC,2002-07-01,23.3000,17.8484,61.1814,-0.3022,-0.8571,-0.6361
PJC,2002-08-01,35.6000,22.2677,102.5272,-1.9788,-1.7124,-0.6276
PJC,2002-09-01,35.5000,22.4533,92.5689,-1.8502,-1.7112,-1.1189
PJC,2002-10-01,125.8000,26.0065,132.1558,-1.6022,-1.3299,-1.1325
PJC,2002-11-01,175.9000,24.6667,103.5751,-0.6494,-1.7848,-1.2543
PJC,2002-12-01,121.9000,25.8935,118.7898,-0.2911,-1.4558,-1.9682
PJC,2003-01-01,388.9000,24.8484,109.0905,1.1398,-0.1703,-0.8706
PJC,2003-02-01,125.0000,24.0464,80.6405,1.0151,0.2493,-1.1783
PJC,2003-03-01,119.2000,23.9935,111.5048,1.0358,0.4871,-0.9590
PJC,2003-04-01,152.3000,22.0033,93.6756,-0.0577,0.7213,-0.4588
PJC,2003-05-01,79.0000,19.2613,73.3657,-0.2746,0.4809,-1.0208
PJC,2003-06-01,84.5000,20.4933,84.1183,-0.3167,0.4710,-0.7785
PJC,2003-07-01,32.8000,19.2710,74.6860,-0.9345,-0.7602,-0.7917
PJC,2003-08-01,16.4000,17.4258,54.1867,-1.2289,-1.0959,-0.6964
PJC,2003-09-01,130.0000,21.4133,81.8270,-0.9059,-0.9293,-0.3596
PJC,2003-10-01,134.8000,23.6387,103.1008,-0.4486,-1.0399,-0.2403
PJC,2003-11-01,271.8000,24.2233,98.8029,0.6696,-0.3687,0.0689
PJC,2003-12-01,161.1000,25.1613,110.2494,0.6824,-0.1735,0.2125
PJC,2004-01-01,181.6000,25.4355,115.9215,0.8424,0.2324,-0.4471
PJC,2004-02-01,19.9000,24.5517,88.1622,-0.4121,0.1187,-0.8110
PJC,2004-03-01,61.9000,25.0032,124.1232,-1.1286,-0.3020,-1.0435
PJC,2004-04-01,218.6000,23.1200,106.5474,-0.8214,0.0056,-0.8654
PJC,2004-05-01,225.0000,16.3323,47.7717,0.5446,0.0216,-0.3130
PJC,2004-06-01,243.0000,17.9500,59.5959,1.6369,0.5123,0.2465
PJC,2004-07-01,88.1000,17.0677,54.4632,1.3096,0.3955,0.4693
PJC,2004-08-01,0.9000,19.7935,75.4743,0.1137,0.3723,0.3613
PJC,2004-09-01,26.4000,22.9233,97.6933,-1.4660,0.3390,0.0032
PJC,2004-10-01,323.2000,23.0129,96.1515,-0.2221,0.7553,0.5829
PJC,2004-11-01,167.0000,23.1367,87.6853,0.5837,0.4017,0.3087
PJC,2004-12-01,88.2000,24.7645,105.7846,0.8389,-0.3572,0.1040
PJC,2005-01-01,229.6000,24.0097,99.7707,0.3680,0.0119,0.2960
PJC,2005-02-01,45.9000,25.0500,89.6885,-0.2947,0.1277,0.3684
PJC,2005-03-01,30.4000,25.0806,125.1252,-0.7593,0.0396,0.2721
PJC,2005-04-01,130.0000,23.0367,105.5515,-1.4796,-0.7494,0.0086
PJC,2005-05-01,80.9000,21.3032,95.3468,-1.2672,-1.1330,-0.5915
PJC,2005-06-01,116.8000,20.5933,85.1900,-0.4514,-0.9302,-1.0921
PJC,2005-07-01,18.9000,16.5065,49.9267,-0.7922,-1.6071,-1.3130
PJC,2005-08-01,42.5000,20.9355,87.3281,-0.9898,-1.6116,-1.2108
PJC,2005-09-01,90.2000,17.0700,45.3776,-0.9028,-1.0219,-0.8213
PJC,2005-10-01,232.1000,22.4323,89.9686,0.1119,-0.5468,-1.1047
PJC,2005-11-01,169.1000,23.6400,92.7334,0.7194,-0.1926,-1.1147
PJC,2005-12-01,235.1000,24.4710,102.5542,1.1213,0.1892,-0.6184
PJC,2006-01-01,86.1000,25.3000,114.3224,0.3127,0.1997,-1.1415
PJC,2006-02-01,160.2000,24.4000,83.7608,0.3131,0.6431,-0.7412
PJC,2006-03-01,169.3000,24.6742,119.9195,-0.1300,0.6595,-0.2807
PJC,2006-04-01,203.0000,22.4233,98.3975,0.5611,0.5241,-0.0328
PJC,2006-05-01,45.8000,17.1355,54.1251,0.1306,0.2131,-0.0142
PJC,2006-06-01,60.7000,19.7833,76.7473,-0.2275,-0.3522,-0.1606
PJC,2006-07-01,49.6000,20.2258,84.6960,-1.0921,-0.3790,-0.1732
PJC,2006-08-01,53.3000,20.4065,81.7042,-1.2307,-0.7953,-0.1224
PJC,2006-09-01,116.8000,20.7867,75.7439,-0.8472,-0.8290,-0.1340
PJC,2006-10-01,125.6000,24.2129,109.7416,-0.5297,-1.1943,-0.5309
PJC,2006-11-01,69.7000,23.7533,93.8941,-0.5044,-1.2608,-0.8579
PJC,2006-12-01,353.5000,25.1032,109.5889,0.5862,-0.2155,-0.4963
PJC,2007-01-01,339.2000,24.5000,105.1570,1.5595,0.7796,0.3098
PJC,2007-02-01,212.0000,24.5893,85.4613,2.1513,1.3189,0.4572
PJC,2007-03-01,89.3000,25.1355,125.8380,1.0005,1.0516,0.2031
PJC,2007-04-01,167.8000,23.1500,106.9074,0.1582,1.2074,0.0716
PJC,2007-05-01,37.5000,17.8290,60.0088,-0.6932,1.2132,0.0285
PJC,2007-06-01,6.0000,19.1433,70.4560,-0.8706,0.1069,-0.1196
PJC,2007-07-01,39.2000,16.7452,51.8263,-1.3735,-0.8553,-0.0506
PJC,2007-08-01,46.7000,18.1129,59.9203,-1.3068,-1.4373,-0.0042
PJC,2007-09-01,3.2000,25.0200,122.6654,-1.7181,-1.7971,-0.5050
PJC,2007-10-01,53.2000,25.0290,119.6234,-2.1640,-2.3732,-0.7712
PJC,2007-11-01,155.4000,23.8633,95.0292,-1.5655,-1.9948,-0.4977
PJC,2007-12-01,124.6000,24.6871,104.9266,-0.6203,-1.6234,-1.2391
PJC,2008-01-01,242.4000,24.1935,101.7702,0.5133,-0.9767,-1.5645
PJC,2008-02-01,481.7000,23.8759,81.9884,1.9823,0.6086,-0.6407
PJC,2008-03-01,117.2000,23.8161,109.3730,1.9365,1.0592,-0.4981
PJC,2008-04-01,117.6000,21.6567,89.8853,1.4828,1.3826,-0.6045
PJC,2008-05-01,71.8000,18.2258,63.5443,-0.4385,1.2045,-0.5058
PJC,2008-06-01,30.7000,16.5467,48.2243,-0.5908,1.0759,-0.3569
PJC,2008-07-01,72.0000,20.9968,93.3508,-0.9001,0.5006,-0.3845
PJC,2008-08-01,117.8000,20.8581,86.4907,-0.7523,-0.9167,-0.2447
PJC,2008-09-01,62.8000,19.5167,64.2892,-0.6521,-0.9548,0.1169
PJC,2008-10-01,126.0000,23.6903,103.6873,-0.3894,-0.9769,0.3813
PJC,2008-11-01,314.0000,24.1300,97.8158,0.5931,-0.1529,0.8309
PJC,2008-12-01,78.3000,25.1097,109.6622,0.4462,-0.2060,0.6856
PJC,2009-01-01,232.1000,23.6290,95.7089,0.9877,0.3864,0.6734
PJC,2009-02-01,127.1000,24.7107,86.5632,0.1301,0.4201,-0.4078
PJC,2009-03-01,132.8000,24.9226,123.0846,0.3430,0.4611,-0.4019
PJC,2009-04-01,0.2000,24.1900,119.8518,-1.1601,-0.0675,-0.8786
PJC,2009-05-01,128.0000,20.6419,87.8391,-1.1627,-0.7562,-0.7735
PJC,2009-06-01,109.6000,16.7933,50.1165,-0.8315,-0.3958,-0.5242
PJC,2009-07-01,136.7000,16.7903,52.1907,0.3304,-0.6003,-0.1907
PJC,2009-08-01,80.4000,19.4935,72.5352,0.1633,-0.7309,-0.2637
PJC,2009-09-01,53.9000,19.6900,65.7848,-0.2260,-0.8181,-0.2962
PJC,2009-10-01,432.1000,23.2129,98.3400,1.0262,0.8915,0.6382
PJC,2009-11-01,209.3000,26.4767,124.5199,1.3624,1.0478,0.2536
PJC,2009-12-01,244.1000,24.5323,103.2236,1.9800,1.3281,0.7551
PJC,2010-01-01,258.4000,24.2710,102.6193,1.2543,1.5687,0.8102
PJC,2010-02-01,160.6000,25.3036,92.0689,1.1835,1.7701,0.8893
PJC,2010-03-01,110.3000,24.9613,123.5824,0.4655,1.7655,0.8243
PJC,2010-04-01,49.5000,22.4433,98.6259,-0.6666,0.4384,1.0223
PJC,2010-05-01,290.0000,17.1323,54.0986,0.2758,0.9785,1.5546
PJC,2010-06-01,6.6000,19.7567,76.4786,-0.0238,0.2187,1.2055
PJC,2010-07-01,75.3000,17.5839,58.8510,0.3218,-0.3103,1.0176
PJC,2010-08-01,0.0000,19.8710,76.2445,-1.5971,-0.8857,0.7810
PJC,2010-09-01,336.3000,21.3633,81.3310,0.3862,0.1596,1.5155
PJC,2010-10-01,118.5000,21.6613,82.1462,0.4856,0.4748,0.6939
PJC,2010-11-01,146.5000,22.6767,83.2230,1.1370,-0.1702,0.6321
PJC,2010-12-01,76.9000,24.9935,108.3480,-0.2963,-0.0236,0.1247
PJC,2011-01-01,71.5000,25.5258,116.9952,-0.7909,-0.2607,-0.4994
PJC,2011-02-01,253.6000,24.4464,84.1759,-0.1585,0.6539,-0.1820
PJC,2011-03-01,67.4000,23.7677,108.7960,-0.2145,-0.4582,-0.2695
PJC,2011-04-01,211.4000,22.9967,105.0755,0.5802,-0.1864,0.2056
PJC,2011-05-01,8.2000,19.2226,72.9829,-0.7038,-0.6886,-0.7332
PJC,2011-06-01,67.7000,17.5933,56.5649,-0.3862,-0.5193,-0.4721
PJC,2011-07-01,91.5000,19.2968,74.9464,-0.9425,-0.2768,-0.4717
PJC,2011-08-01,27.5000,20.0742,78.2892,-0.8514,-1.1609,-0.3910
PJC,2011-09-01,47.6000,22.0933,88.7582,-1.2017,-1.1599,-1.3712
PJC,2011-10-01,172.2000,23.7871,104.7926,-0.8607,-1.3233,-1.2639
PJC,2011-11-01,164.5000,24.3100,99.7249,-0.1667,-0.7880,-1.2588
PJC,2011-12-01,69.4000,24.9355,107.6945,-0.1507,-0.9893,-1.2823
PJC,2012-01-01,186.5000,25.0839,111.7997,-0.1101,-0.7528,-0.8767
PJC,2012-02-01,216.7000,24.5310,87.9691,0.2326,-0.0509,-1.0122
PJC,2012-03-01,109.5000,23.6065,106.8862,0.4407,0.1142,-0.8657
PJC,2012-04-01,286.8000,22.2000,95.8688,0.9925,0.5688,-0.5897
PJC,2012-05-01,59.8000,19.8387,79.2240,0.2790,0.2607,-0.4447
PJC,2012-06-01,277.5000,17.8700,58.9076,1.2917,1.1781,0.1948
PJC,2012-07-01,19.1000,17.1613,55.2430,0.2217,0.7903,0.0359
PJC,2012-08-01,24.0000,21.4387,92.8931,-0.0420,0.0682,-0.0192
PJC,2012-09-01,65.0000,23.2867,101.7718,-1.6907,-0.0809,-0.0058
PJC,2012-10-01,221.6000,24.6194,114.5974,-0.6964,-0.4047,0.1142
PJC,2012-11-01,207.2000,24.5767,102.5951,0.2827,0.0709,0.2337
PJC,2012-12-01,118.5000,25.6355,115.7352,0.4821,-0.7692,0.3555
PJC,2013-01-01,120.4000,24.8032,108.5755,-0.0113,-0.5774,0.1684
PJC,2013-02-01,67.8000,24.9321,88.5952,-0.7437,-0.3881,-0.2898
PJC,2013-03-01,155.8000,24.2161,114.2151,-0.5051,-0.0858,-0.1685
PJC,2013-04-01,276.0000,21.0833,83.8268,0.4751,0.2344,-0.1646
PJC,2013-05-01,199.7000,20.0677,81.6248,1.1248,0.2843,0.2527
PJC,2013-06-01,265.1000,18.5400,64.8255,1.7889,0.9941,0.1980
PJC,2013-07-01,8.3000,17.9290,61.9029,0.7262,0.7633,0.1456
PJC,2013-08-01,2.5000,17.6387,55.9254,-0.1542,0.6467,0.1920
PJC,2013-09-01,65.3000,21.5067,82.7579,-1.5577,0.4328,0.2497
PJC,2013-10-01,289.1000,22.6935,92.7196,0.0229,0.4482,0.5129
PJC,2013-11-01,182.0000,24.4133,100.8312,0.7041,0.3128,0.4445
PJC,2013-12-01,124.3000,25.6419,115.8110,0.8262,-0.4157,0.4612
PJC,2014-01-01,243.4000,24.3323,103.2947,0.5578,0.3199,0.8301
PJC,2014-02-01,322.2000,24.4536,84.2399,1.2764,1.3510,1.5401
PJC,2014-03-01,190.4000,23.1806,101.9440,1.6118,1.7064,1.6642
PJC,2014-04-01,153.0000,22.1333,95.1219,1.2666,1.2397,1.3050
PJC,2014-05-01,143.0000,18.6516,67.4780,0.5191,1.2203,1.1888
PJC,2014-06-01,76.5000,18.7967,67.1856,0.1150,1.2232,0.6528
PJC,2014-07-01,168.2000,17.8097,60.8368,0.3712,1.1102,1.1063
PJC,2014-08-01,21.9000,21.2258,90.5129,-0.4133,0.0012,1.0642
PJC,2014-09-01,199.1000,23.8633,108.4572,0.0439,0.0095,1.3602
PJC,2014-10-01,102.2000,25.9419,131.3049,-0.7492,-0.3238,0.7341
PJC,2014-11-01,303.5000,23.7867,94.2372,0.7548,0.1850,1.0939
PJC,2014-12-01,163.5000,24.3774,101.5377,0.6179,0.3796,1.2409
PJC,2015-01-01,156.5000,24.9194,109.9026,0.9723,0.1547,0.9827
PJC,2015-02-01,235.2000,25.0250,89.4559,0.6764,0.9309,0.7222
PJC,2015-03-01,193.9000,24.1871,113.8593,0.7622,0.8936,0.6982
PJC,2015-04-01,185.7000,22.8033,102.7934,0.9307,1.2824,0.7696
PJC,2015-05-01,271.0000,19.4742,75.4936,1.1540,1.2352,1.1059
PJC,2015-06-01,69.3000,19.7067,75.9762,0.7592,0.9976,1.0617
PJC,2015-07-01,277.5000,18.4000,66.2215,1.3346,1.5607,1.3463
PJC,2015-08-01,15.0000,23.4645,117.4818,-0.1049,0.7022,1.2543
PJC,2015-09-01,248.4000,23.3933,102.9887,0.6760,0.9339,1.4028
PJC,2015-10-01,214.8000,24.1000,108.4156,0.1499,1.0161,1.7622
PJC,2015-11-01,291.8000,24.2067,98.6262,1.5232,1.0079,1.7201
PJC,2015-12-01,447.8000,24.4355,102.1679,2.3023,2.1841,2.4422
PJC,2016-01-01,219.6000,24.8355,108.9432,2.3180,1.8586,2.5997
PJC,2016-02-01,309.4000,24.9448,91.8807,2.4065,2.8682,2.7737
PJC,2016-03-01,139.7000,23.2742,103.0175,1.1821,2.5333,2.6689
PJC,2016-04-01,40.4000,23.9400,116.6569,0.2986,1.9520,2.2762
PJC,2016-05-01,307.8000,17.4710,56.9245,0.4669,2.1384,2.4142
PJC,2016-06-01,43.6000,15.5833,41.2585,0.2936,0.9895,2.4366
PJC,2016-07-01,22.3000,18.7419,69.4700,0.4407,0.4253,1.7801
PJC,2016-08-01,147.0000,20.2677,80.2676,-0.5697,-0.1385,2.2138
PJC,2016-09-01,29.9000,20.0700,69.1380,-0.8294,-0.4324,1.7397
PJC,2016-10-01,163.9000,23.1323,97.4539,-0.1504,0.1144,1.6347
PJC,2016-11-01,70.2000,23.6167,92.4955,-0.6741,-0.9552,1.0514
PJC,2016-12-01,235.0000,23.9419,96.8872,0.3207,-0.4117,0.4604
PJC,2017-01-01,90.5000,25.0581,111.5008,-0.1455,-0.3097,0.0687
PJC,2017-02-01,199.7000,24.7929,87.3136,0.5565,-0.1338,-0.2544
PJC,2017-03-01,72.7000,24.5871,118.8217,-0.4298,-0.1602,-0.5160
PJC,2017-04-01,234.1000,20.9933,82.8993,0.4974,0.1604,0.1877
PJC,2017-05-01,157.2000,20.8290,89.9248,0.2699,0.4905,-0.3767
PJC,2017-06-01,88.7000,18.1933,61.7200,0.6340,0.0796,-0.2992
PJC,2017-07-01,4.3000,18.7645,69.6879,-0.5276,-0.0883,-0.3564
PJC,2017-08-01,75.5000,21.3677,92.0955,-1.0619,-0.5900,-0.6222
PJC,2017-09-01,47.6000,24.5533,116.8033,-1.7645,-0.6820,-0.7194
PJC,2017-10-01,176.8000,23.5903,102.5529,-0.7775,-0.9942,-0.6940
PJC,2017-11-01,349.6000,23.0933,87.2588,0.7387,-0.2184,0.1936
PJC,2017-12-01,302.0000,24.6806,104.8553,1.8803,0.4200,0.3690
PJC,2018-01-01,211.5000,23.7516,97.0056,2.0359,1.0614,0.7614
PJC,2018-02-01,227.5000,23.9000,79.3696,1.5842,1.6221,0.8627
PJC,2018-03-01,221.1000,24.4806,117.4883,1.1881,2.1859,1.2776
PJC,2018-04-01,11.8000,24.3033,121.3177,0.1124,1.5855,0.5452
PJC,2018-05-01,109.2000,20.8806,90.5055,-0.6254,0.7450,0.4033
PJC,2018-06-01,41.7000,16.9333,51.2104,-1.3789,-0.0140,0.2956
PJC,2018-07-01,2.2000,18.5613,67.7419,-1.0710,-0.7157,0.2951
PJC,2018-08-01,45.4000,17.5548,55.2364,-1.2683,-1.3676,0.3152
PJC,2018-09-01,201.5000,20.9367,77.1737,-0.4081,-1.2800,0.8742
PJC,2018-10-01,233.2000,23.7000,103.7975,0.6264,-0.3144,1.0286
PJC,2018-11-01,160.1000,24.0100,96.5557,0.9699,-0.1416,0.4620
PJC,2018-12-01,168.5000,25.0548,109.0404,0.6674,0.1195,0.0521
PJC,2019-01-01,143.6000,26.3065,126.5302,0.1010,0.4252,-0.2475
PJC,2019-02-01,292.8000,24.8321,87.6739,0.8058,1.1877,-0.0713
PJC,2019-03-01,286.3000,24.4323,116.8853,1.2981,1.3421,0.1287
PJC,2019-04-01,197.0000,23.0133,105.2737,1.6107,1.2132,0.7190
PJC,2019-05-01,135.0000,20.7000,88.4831,0.9260,1.1545,0.7982
PJC,2019-06-01,54.5000,20.5167,84.3676,-0.0704,0.8424,0.7403
PJC,2019-07-01,28.9000,17.4677,57.8455,-0.7822,0.6786,0.8442
PJC,2019-08-01,7.6000,20.2065,79.6378,-1.6061,-0.3562,0.6670
PJC,2019-09-01,13.1000,23.5500,104.7922,-2.1080,-1.4195,0.0292
PJC,2019-10-01,61.6000,25.5032,125.6075,-2.4234,-2.1040,-0.5753
PJC,2019-11-01,212.4000,26.2700,122.0078,-1.1320,-1.9069,-0.4893
PJC,2019-12-01,229.4000,24.2419,100.0765,0.1835,-1.2194,-0.2688
PJC,2020-01-01,211.0000,25.3032,114.3603,0.9657,-0.7047,-0.0230
PJC,2020-02-01,158.3000,25.0414,92.8086,0.8514,-0.1655,-0.4581
PJC,2020-03-01,192.4000,25.9774,137.0966,0.4973,0.3856,-0.8274
PJC,2020-04-01,86.8000,22.1367,95.1591,-0.0481,0.5880,-1.1624
PJC,2020-05-01,129.3000,19.0097,70.8991,-0.0871,0.4721,-1.1220
PJC,2020-06-01,99.4000,19.3067,72.0302,-0.2435,0.0951,-0.9298
PJC,2020-07-01,18.8000,18.9258,71.2565,-0.5009,-0.4777,-1.0083
PJC,2020-08-01,196.2000,20.6032,83.7692,-0.1873,-0.2945,-0.4077
PJC,2020-09-01,18.1000,24.0967,111.2370,-0.9168,-0.8840,-0.4123
PJC,2020-10-01,237.7000,24.8613,117.5494,0.0976,-0.3719,0.1556
PJC,2020-11-01,218.3000,24.5300,102.0892,0.1177,-0.1485,0.2329
PJC,2020-12-01,138.5000,25.1097,109.6622,0.7283,-0.1429,-0.0711
PJC,2021-01-01,,23.6984,96.4413,-0.4101,-0.3124,-0.6803
PJC,2021-02-01,,23.2464,73.8474,-1.6879,-1.0582,-1.1430
PJC,2021-03-01,,23.3968,104.4346,-2.8923,-1.1050,-1.7005
PJC,2021-04-01,113.5000,22.3733,97.8278,-1.8562,-1.5469,-1.6146
PJC,2021-05-01,17.3000,19.9032,79.8959,-1.7658,-2.3459,-2.0549
PJC,2021-06-01,38.0000,17.1067,52.5849,-1.1060,-2.5490,-2.2123
PJC,2021-07-01,66.2000,17.4935,58.0680,-1.1577,-2.0661,-1.9858
PJC,2021-08-01,48.6000,20.7290,85.1060,-0.9813,-1.8987,-2.5526
PJC,2021-09-01,12.3000,25.8483,133.5093,-1.7518,-1.9736,-2.6633
PJC,2021-10-01,351.7000,24.1435,108.9259,-0.2002,-0.9995,-2.1889
PJC,2021-11-01,138.5000,25.5533,113.5390,0.1352,-0.6449,-2.5396
PJC,2021-12-01,50.1000,26.6871,128.4919,0.3567,-0.9023,-2.9693
PJC,2022-01-01,153.0000,27.0032,135.4324,-0.9345,-0.8638,-2.5131
PJC,2022-02-01,82.7000,27.1643,110.7292,-1.2964,-0.8294,-2.3359
PJC,2022-03-01,258.2000,24.7452,120.8187,0.0306,0.1753,-1.4508
PJC,2022-04-01,124.1000,24.0800,118.4395,-0.0340,-0.7427,-1.4859
PJC,2022-05-01,128.2000,17.8032,59.7832,0.4677,-0.5692,-1.0358
PJC,2022-06-01,65.2000,17.4100,55.0446,-0.2049,-0.2231,-0.9530
PJC,2022-07-01,0.5000,21.6774,101.4268,-0.8466,-0.6885,-1.3232
PJC,2022-08-01,123.2000,19.2258,69.9724,-0.9455,-0.3674,-1.0177
PJC,2022-09-01,183.9000,19.1900,61.5279,-0.2591,-0.4261,-0.2309
PJC,2022-10-01,194.4000,21.8226,83.7465,0.8272,-0.0216,-0.6503
PJC,2022-11-01,204.0000,22.4167,80.7640,1.1443,0.1844,-0.3368
PJC,2022-12-01,68.8000,25.4000,112.9905,0.3585,-0.0198,-0.2298
PJC,2023-01-01,299.4000,24.0097,99.7707,0.7918,1.0701,0.3227
PJC,2023-02-01,498.0000,22.7750,70.0154,2.0718,2.3123,1.5982
PJC,2023-03-01,182.6000,24.4065,116.5645,2.4778,2.1327,1.4076
PJC,2023-04-01,125.7000,21.9133,92.6823,1.8541,1.8813,1.4810
PJC,2023-05-01,145.7000,20.7581,89.1301,0.1830,1.6616,1.4493
PJC,2023-06-01,55.4000,18.1300,61.1627,-0.2072,1.7887,1.4065
PJC,2023-07-01,14.9000,19.9903,82.1552,-0.8087,0.8798,1.4968
PJC,2023-08-01,39.4000,22.8742,109.9487,-1.7044,-1.0158,1.1614
PJC,2023-09-01,40.9000,24.7767,119.5867,-2.3194,-1.6277,0.5949
PJC,2023-10-01,105.2000,25.7903,129.3183,-1.9444,-1.8786,0.1986
PJC,2023-11-01,100.6000,26.7600,128.0154,-1.6012,-2.2581,-0.2618
PJC,2023-12-01,147.8000,26.4355,125.3648,-0.8902,-2.1292,-0.0558
PTOC,2000-01-01,43.0000,30.1226,194.5386,,,
PTOC,2000-02-01,163.8000,28.0586,128.9978,,,
PTOC,2000-03-01,102.7000,26.9065,151.2863,-0.9059,,
PTOC,2000-04-01,44.0000,25.4667,133.3081,-0.5372,,
PTOC,2000-05-01,112.4000,21.1645,81.2265,-0.5580,,
PTOC,2000-06-01,138.4000,21.2200,79.9339,0.0265,-0.6524,
PTOC,2000-07-01,21.5000,15.4484,29.8962,0.4325,-0.1276,
PTOC,2000-08-01,163.4000,21.3000,79.4618,0.6836,0.0460,
PTOC,2000-09-01,26.0000,22.0500,78.5079,0.1432,0.0322,
PTOC,2000-10-01,94.1000,27.2161,150.8819,-0.1084,0.1455,
PTOC,2000-11-01,158.8000,25.5933,111.2706,-0.3052,0.2020,
PTOC,2000-12-01,142.0000,27.3290,139.0103,-0.0079,0.0091,-0.5418
PTOC,2001-01-01,92.0000,28.7226,166.8401,-0.1030,-0.2273,-0.3417
PTOC,2001-02-01,263.4000,27.3679,114.9223,0.4101,0.0024,-0.0476
PTOC,2001-03-01,52.0000,26.9613,152.2836,-0.1153,-0.1671,-0.1810
PTOC,2001-04-01,88.1000,25.6367,136.2015,0.0252,-0.1361,-0.0746
PTOC,2001-05-01,21.5000,19.7839,65.3350,-1.0734,-0.4679,-0.2685
PTOC,2001-06-01,14.8000,19.4700,60.5473,-0.7390,-0.6499,-0.5401
PTOC,2001-07-01,23.5000,21.8516,91.5496,-0.8589,-0.6244,-0.6967
PTOC,2001-08-01,1.0000,24.5032,124.8885,-1.3694,-1.7130,-1.2490
PTOC,2001-09-01,115.5000,24.5767,111.4213,-1.0459,-1.2797,-1.0976
PTOC,2001-10-01,74.6000,26.2581,134.4026,-0.9942,-1.3272,-1.1056
PTOC,2001-11-01,153.8000,26.4767,124.1482,-0.1123,-1.0330,-1.1534
PTOC,2001-12-01,280.7000,25.9323,117.3587,0.6798,-0.2453,-0.7278
PTOC,2002-01-01,101.2000,27.9484,152.7575,0.7181,-0.1860,-0.6665
PTOC,2002-02-01,176.2000,26.1321,99.0022,0.9349,0.5093,-0.8545
PTOC,2002-03-01,122.8000,28.1903,175.8461,-0.1194,0.3168,-0.7298
PTOC,2002-04-01,23.3000,26.1800,145.7394,-0.5097,0.1013,-0.9263
PTOC,2002-05-01,90.2000,23.6968,116.9767,-1.1374,-0.0971,-0.8811
PTOC,2002-06-01,8.2000,19.6733,62.6118,-1.1461,-0.9051,-0.9040
PTOC,2002-07-01,79.7000,18.2258,50.9743,-0.2543,-0.5989,-0.6486
PTOC,2002-08-01,12.5000,23.4871,108.9328,-0.6473,-1.2750,-0.5766
PTOC,2002-09-01,15.5000,24.4833,110.0614,-0.8872,-1.4447,-0.8363
PTOC,2002-10-01,165.5000,28.6226,177.5250,-1.1422,-1.0005,-0.7102
PTOC,2002-11-01,82.8000,27.8133,145.5367,-0.9305,-1.1427,-0.9545
PTOC,2002-12-01,145.7000,29.0774,169.8106,-0.5131,-1.0227,-1.4567
PTOC,2003-01-01,162.8000,28.4065,160.9861,-0.4347,-1.1292,-1.3128
PTOC,2003-02-01,87.3000,27.0464,110.6230,-0.2172,-0.8429,-1.5844
PTOC,2003-03-01,219.6000,26.4355,142.9053,0.3047,-0.2058,-1.2343
PTOC,2003-04-01,67.2000,23.6800,105.4152,0.1029,-0.3004,-1.0094
PTOC,2003-05-01,15.0000,21.3806,83.9341,-0.1356,-0.3229,-1.1218
PTOC,2003-06-01,16.5000,22.4167,95.4169,-1.0346,-0.5246,-1.1873
PTOC,2003-07-01,13.0000,20.3097,72.2919,-1.1687,-0.7549,-1.4239
PTOC,2003-08-01,17.0000,19.4710,59.4726,-1.0009,-0.8282,-1.2786
PTOC,2003-09-01,101.9000,23.4400,95.6305,-0.4938,-1.1034,-1.0091
PTOC,2003-10-01,86.5000,26.2065,133.5519,-0.4247,-1.1385,-1.1024
PTOC,2003-11-01,165.8000,27.3333,137.5854,-0.0409,-0.7597,-0.8607
PTOC,2003-12-01,268.4000,27.2645,137.9540,0.5782,0.0068,-0.4544
PTOC,2004-01-01,30.0000,29.1194,174.3934,0.0984,-0.2972,-0.8386
PTOC,2004-02-01,130.5000,27.2379,117.2126,0.0213,-0.0969,-0.7419
PTOC,2004-03-01,119.5000,26.6419,146.5386,-0.8621,-0.2160,-1.0167
PTOC,2004-04-01,165.6000,25.3533,131.4030,0.1300,0.0719,-0.8246
PTOC,2004-05-01,174.0000,17.4323,43.4288,0.7009,0.4227,-0.3019
PTOC,2004-06-01,102.0000,20.2100,68.2934,0.9773,0.0915,-0.0108
PTOC,2004-07-01,99.3000,18.8806,57.1251,1.0128,0.7204,0.2489
PTOC,2004-08-01,1.3000,20.3419,68.4939,0.0697,0.4541,0.1858
PTOC,2004-09-01,41.2000,23.7600,99.9083,-0.4273,0.3473,0.0194
PTOC,2004-10-01,227.8000,25.0290,115.1380,-0.0444,0.6098,0.4268
PTOC,2004-11-01,271.0000,25.2567,106.6156,1.0652,0.7209,0.7699
PTOC,2004-12-01,168.8000,27.0355,134.2488,1.4630,0.7236,0.5287
PTOC,2005-01-01,264.2000,26.7129,132.0174,1.5434,1.0132,1.2191
PTOC,2005-02-01,41.0000,27.4286,115.7472,0.4845,0.9892,1.0010
PTOC,2005-03-01,22.0000,26.8581,150.4100,-0.3561,0.7652,0.7480
PTOC,2005-04-01,161.2000,24.2933,114.4839,-0.8517,0.5484,0.7794
PTOC,2005-05-01,100.7000,22.6355,100.8967,-0.4170,-0.0144,0.4501
PTOC,2005-06-01,47.9000,22.0133,89.9864,0.0477,-0.2883,0.2576
PTOC,2005-07-01,9.0000,18.7839,56.1855,-0.4597,-0.9630,0.0291
PTOC,2005-08-01,14.0000,22.6419,96.7816,-0.9473,-0.9945,-0.0110
PTOC,2005-09-01,27.7000,20.2600,59.7374,-0.8856,-0.6245,0.0575
PTOC,2005-10-01,191.8000,24.9645,114.1829,-0.1718,-0.5090,-0.0325
PTOC,2005-11-01,335.0000,26.1833,119.7637,1.2493,0.2587,0.0980
PTOC,2005-12-01,,27.2935,138.4286,0.7781,-0.0769,-0.3485
PTOC,2006-01-01,136.9000,27.9435,152.6721,0.3336,0.0339,-0.7359
PTOC,2006-02-01,84.0000,27.8714,121.8877,-1.0726,0.1899,-0.6389
PTOC,2006-03-01,223.8000,27.3742,159.9396,0.0775,0.5150,-0.1381
PTOC,2006-04-01,105.8000,24.6800,120.4697,0.0832,0.2023,-0.2971
PTOC,2006-05-01,38.0000,18.3613,51.3516,0.2080,-0.6195,-0.3312
PTOC,2006-06-01,82.9000,21.3067,80.9924,-0.1125,-0.1065,-0.2171
PTOC,2006-07-01,9.0000,22.6855,103.3114,-0.5525,-0.3901,-0.3394
PTOC,2006-08-01,42.0000,21.8581,86.3790,-0.7337,-0.4139,-0.2397
PTOC,2006-09-01,125.0000,24.0333,103.6654,-0.6195,-0.5716,-0.1017
PTOC,2006-10-01,289.0000,26.4161,137.0313,0.6598,0.0315,0.0894
PTOC,2006-11-01,290.0000,26.0233,117.4178,1.6036,0.6622,-0.0201
PTOC,2006-12-01,136.9000,28.1839,153.5385,1.4477,0.6011,0.2915
PTOC,2007-01-01,187.0000,28.1758,156.8056,0.9222,1.0043,0.4083
PTOC,2007-02-01,111.0000,27.8607,121.7366,0.0394,1.1105,0.4771
PTOC,2007-03-01,157.0000,27.5290,162.8777,0.0949,1.0246,0.3001
PTOC,2007-04-01,134.9000,25.3967,132.1292,-0.0476,0.5405,0.3445
PTOC,2007-05-01,18.0000,18.5452,53.0298,-0.1768,-0.1757,0.2894
PTOC,2007-06-01,,19.9400,65.3924,-0.5061,-0.3521,0.1176
PTOC,2007-07-01,4.5000,17.2419,42.6157,-0.7441,-0.6050,0.2611
PTOC,2007-08-01,21.9000,18.5839,51.1633,-0.7099,-0.6748,0.2996
PTOC,2007-09-01,,25.9567,132.9046,-1.1247,-1.1686,-0.0955
PTOC,2007-10-01,58.9000,27.7484,160.6141,-1.5481,-1.5968,-0.7571
PTOC,2007-11-01,280.0000,26.5250,124.8811,-0.4036,-0.8326,-0.8032
PTOC,2007-12-01,240.0000,27.2613,137.9013,0.7830,-0.2097,-0.4912
PTOC,2008-01-01,211.4000,27.3484,142.4245,1.5232,0.1678,-0.3900
PTOC,2008-02-01,281.4000,26.5690,108.1735,1.5971,0.8434,0.0853
PTOC,2008-03-01,60.0000,26.2742,140.1104,0.8132,1.0123,-0.1056
PTOC,2008-04-01,53.7000,24.0833,111.3206,0.2063,1.1512,-0.2618
PTOC,2008-05-01,42.7000,20.3581,71.6550,-0.9142,0.5582,-0.2460
PTOC,2008-06-01,57.4000,17.1500,40.2033,-0.3473,0.2722,-0.0327
PTOC,2008-07-01,79.0000,21.9774,93.2616,-0.1120,-0.0166,0.0286
PTOC,2008-08-01,51.0000,22.0258,88.5367,-0.1578,-0.7904,0.0073
PTOC,2008-09-01,60.4000,22.1367,79.5081,-0.3557,-0.5597,0.2983
PTOC,2008-10-01,137.8000,25.9194,128.8873,-0.2286,-0.3145,0.5785
PTOC,2008-11-01,268.8000,26.4900,124.3501,0.6847,0.2959,0.5516
PTOC,2008-12-01,74.0000,27.8355,147.4971,0.4259,-0.0184,0.1052
PTOC,2009-01-01,103.5000,27.0129,136.8625,0.2169,-0.0860,-0.1580
PTOC,2009-02-01,113.6000,27.4464,115.9906,-0.5726,0.0380,-0.6154
PTOC,2009-03-01,44.4000,28.0290,172.6197,-0.8976,-0.3522,-0.7420
PTOC,2009-04-01,60.0000,26.0400,143.2391,-1.2121,-0.6950,-0.8096
PTOC,2009-05-01,132.7000,22.5097,99.0980,-0.9833,-1.1254,-0.6448
PTOC,2009-06-01,38.6000,17.8367,45.6338,-0.2773,-0.8649,-0.7085
PTOC,2009-07-01,53.0000,18.2097,50.8289,0.1722,-0.7287,-0.6652
PTOC,2009-08-01,24.3000,21.6258,83.4517,-0.3176,-0.9473,-0.7221
PTOC,2009-09-01,33.0000,23.0233,90.2521,-0.6014,-0.6748,-0.8228
PTOC,2009-10-01,154.8000,26.3355,135.6858,-0.5040,-0.2956,-0.7958
PTOC,2009-11-01,321.8000,29.8900,183.6121,0.5232,0.0765,-0.8124
PTOC,2009-12-01,429.2000,27.6968,145.1381,1.9807,1.0425,0.1176
PTOC,2010-01-01,144.3000,28.1871,157.0085,1.8573,0.9953,0.1704
PTOC,2010-02-01,269.2000,28.4286,129.9277,1.8615,1.6071,0.5302
PTOC,2010-03-01,144.0000,27.6323,164.8571,0.5502,1.7155,0.8001
PTOC,2010-04-01,75.0000,24.1533,112.3682,0.4316,1.5468,0.9147
PTOC,2010-05-01,165.6000,18.6774,54.2600,0.2944,1.4656,1.1078
PTOC,2010-06-01,15.0000,20.9100,76.2262,0.0906,0.3598,0.9733
PTOC,2010-07-01,89.2000,18.3613,52.2074,0.4609,0.5267,1.0598
PTOC,2010-08-01,0.9000,20.3806,68.9155,-0.4754,-0.1894,1.0378
PTOC,2010-09-01,90.0000,23.2433,93.0651,-0.1551,-0.1258,1.1720
PTOC,2010-10-01,136.3000,23.9323,99.6353,-0.1568,0.1345,1.2154
PTOC,2010-11-01,185.3000,24.6733,98.8710,0.6180,0.0477,1.0874
PTOC,2010-12-01,129.3000,28.4677,158.5857,0.4932,0.1588,0.3005
PTOC,2011-01-01,144.6000,29.1000,174.0196,0.1670,-0.0737,0.2580
PTOC,2011-02-01,275.7000,27.2714,113.6206,0.5391,0.7090,0.3160
PTOC,2011-03-01,156.5000,27.3935,160.3048,0.6595,0.7066,0.3594
PTOC,2011-04-01,243.0000,25.9600,141.8237,1.2435,0.9154,0.7091
PTOC,2011-05-01,14.4000,22.3677,97.0955,0.1005,0.3585,0.2181
PTOC,2011-06-01,23.6000,20.6300,72.9808,-0.1380,0.2901,0.2483
PTOC,2011-07-01,59.0000,21.2290,83.3955,-0.8519,0.3073,0.0914
PTOC,2011-08-01,13.2000,23.1968,104.6467,-0.9053,-0.5981,0.0313
PTOC,2011-09-01,150.8000,25.7033,128.7637,-0.4842,-0.5017,0.0957
PTOC,2011-10-01,202.8000,27.2355,151.2285,-0.0687,-0.6877,0.1339
PTOC,2011-11-01,222.2000,28.1467,151.2414,0.7326,-0.1234,0.0943
PTOC,2011-12-01,252.1000,27.8548,147.8284,1.1023,0.4090,0.4345
PTOC,2012-01-01,430.1000,28.0032,153.7269,2.0200,1.3742,1.1992
PTOC,2012-02-01,203.5000,27.7379,124.2998,2.0515,1.8840,0.9939
PTOC,2012-03-01,148.9000,25.9355,134.3644,1.7012,1.8621,1.0394
PTOC,2012-04-01,309.8000,24.1467,112.2682,1.3783,2.2805,1.2777
PTOC,2012-05-01,131.9000,21.7548,88.7681,1.2253,2.2020,1.5860
PTOC,2012-06-01,140.6000,19.6933,62.8175,1.4913,2.1267,1.8945
PTOC,2012-07-01,43.1000,17.4355,44.1790,0.6171,1.3046,1.9507
PTOC,2012-08-01,11.4000,23.0419,102.4090,-0.0500,0.7660,1.9518
PTOC,2012-09-01,68.5000,25.6467,127.8497,-0.8214,0.5229,1.7551
PTOC,2012-10-01,133.9000,27.8129,161.8224,-0.9859,-0.2590,1.5617
PTOC,2012-11-01,234.6000,27.2867,136.8287,0.0790,-0.0635,1.6271
PTOC,2012-12-01,65.5000,29.0968,170.1757,-0.1590,-0.7331,1.1140
PTOC,2013-01-01,68.9000,29.2000,175.9570,-0.5998,-1.1459,0.1492
PTOC,2013-02-01,71.6000,28.6929,133.8664,-1.6189,-1.0320,-0.2148
PTOC,2013-03-01,123.1000,26.8774,150.7601,-1.1036,-0.9081,-0.3243
PTOC,2013-04-01,376.7000,24.1167,111.8186,0.8717,0.1632,-0.1497
PTOC,2013-05-01,76.8000,22.2000,94.7651,1.0693,-0.2456,-0.3080
PTOC,2013-06-01,215.1000,20.1767,67.9306,1.7965,0.6227,-0.1283
PTOC,2013-07-01,2.7000,19.3806,62.1530,0.3765,0.7784,-0.2794
PTOC,2013-08-01,0.0000,18.7161,52.3478,0.2057,0.8106,-0.1793
PTOC,2013-09-01,28.8000,23.5633,97.2640,-0.9983,0.6777,-0.2028
PTOC,2013-10-01,215.2000,25.1226,116.5326,-0.0914,0.1168,0.1230
PTOC,2013-11-01,231.5000,27.0800,133.5123,0.6564,0.5114,0.1235
PTOC,2013-12-01,325.2000,28.4355,158.0065,1.6761,0.5780,0.8114
PTOC,2014-01-01,272.1000,27.7161,148.6983,1.7747,1.1660,1.3824
PTOC,2014-02-01,36.0000,27.7143,119.6837,1.0148,1.0677,1.3298
PTOC,2014-03-01,276.5000,26.2968,140.4994,0.8752,1.6932,1.7295
PTOC,2014-04-01,94.2000,25.2100,129.0205,0.1149,1.2891,0.9934
PTOC,2014-05-01,305.0000,21.0290,79.5604,1.5250,1.6753,1.5926
PTOC,2014-06-01,138.8000,20.5000,71.5070,1.2369,1.3738,1.3973
PTOC,2014-07-01,69.5000,20.3355,72.5888,1.3715,0.9791,1.5352
PTOC,2014-08-01,2.4000,22.8516,99.7041,-0.1498,0.9356,1.4253
PTOC,2014-09-01,50.8000,26.9167,149.4318,-1.1167,0.1559,1.3512
PTOC,2014-10-01,28.9000,29.6323,198.5411,-2.3118,-0.3224,0.6847
PTOC,2014-11-01,427.8000,27.0333,132.7711,0.1621,-0.0725,1.1756
PTOC,2014-12-01,56.6000,28.1677,153.2551,0.1721,-0.6725,0.5164
PTOC,2015-01-01,167.0000,29.0161,172.4061,0.9528,-0.6812,0.1893
PTOC,2015-02-01,211.3000,28.5000,130.9842,-0.0893,-0.0323,0.6052
PTOC,2015-03-01,46.0000,27.0129,153.2265,-0.1456,-0.0627,-0.0138
PTOC,2015-04-01,105.2000,25.8033,139.0800,-0.2999,0.4062,-0.0113
PTOC,2015-05-01,244.1000,22.2194,95.0320,0.0659,-0.0989,-0.2084
PTOC,2015-06-01,60.2000,21.8867,88.3260,0.4607,0.1416,-0.4564
PTOC,2015-07-01,155.6000,20.0032,68.8303,1.0184,0.4558,-0.2228
PTOC,2015-08-01,21.9000,24.1806,119.6597,-0.1821,-0.1608,-0.2240
PTOC,2015-09-01,118.2000,25.0033,117.7857,-0.0305,0.2166,0.0315
PTOC,2015-10-01,162.8000,25.6903,125.2478,-0.2944,0.4591,0.5587
PTOC,2015-11-01,177.0000,27.1867,135.2170,0.4253,0.0925,-0.0870
PTOC,2015-12-01,366.8000,28.2226,154.2201,1.3810,0.8966,0.6996
PTOC,2016-01-01,325.6000,28.5032,162.7628,1.8872,1.1378,1.1191
PTOC,2016-02-01,374.5000,28.0241,128.4868,2.6427,2.1626,1.5266
PTOC,2016-03-01,220.3000,25.8226,132.4858,2.1904,2.4083,1.9994
PTOC,2016-04-01,85.7000,25.8000,139.0220,1.3330,2.1528,1.9525
PTOC,2016-05-01,272.0000,19.1613,58.9290,1.1925,2.6295,2.1064
PTOC,2016-06-01,47.5000,15.9200,31.6191,0.8748,2.0802,2.2117
PTOC,2016-07-01,11.8000,19.5355,63.7699,0.8809,1.4466,1.8784
PTOC,2016-08-01,60.9000,22.1355,89.9675,-0.3239,0.5741,2.0439
PTOC,2016-09-01,54.9000,21.5633,73.0519,-0.5149,0.2165,1.9992
PTOC,2016-10-01,135.0000,26.0323,130.7081,-0.2026,0.4125,1.9191
PTOC,2016-11-01,252.1000,25.9900,116.9331,0.6241,0.1464,2.1435
PTOC,2016-12-01,204.5000,27.4710,141.3538,0.9957,0.3088,1.7837
PTOC,2017-01-01,39.6000,29.6774,185.4119,0.2914,-0.0162,1.0267
PTOC,2017-02-01,185.4000,28.4679,130.5081,-0.1213,0.2750,0.5482
PTOC,2017-03-01,68.9000,27.5935,164.1129,-1.0350,0.0080,0.0828
PTOC,2017-04-01,162.1000,24.0567,110.9233,0.0809,0.1714,0.3494
PTOC,2017-05-01,142.8000,22.6484,101.0824,0.0127,-0.1570,-0.0891
PTOC,2017-06-01,28.2000,20.8767,75.8347,0.2553,-0.5619,-0.2533
PTOC,2017-07-01,0.8000,21.4323,85.9996,-0.4690,-0.3382,-0.3396
PTOC,2017-08-01,49.8000,23.8097,113.8356,-1.1029,-0.7824,-0.4306
PTOC,2017-09-01,130.5000,25.7367,129.3034,-0.8009,-0.4207,-0.3802
PTOC,2017-10-01,65.9000,26.7613,142.8944,-0.7518,-0.9048,-0.5926
PTOC,2017-11-01,210.9000,26.4867,124.2996,0.0806,-0.7323,-0.7203
PTOC,2017-12-01,169.0000,28.2355,154.4478,0.1489,-0.4986,-0.8486
PTOC,2018-01-01,284.7000,28.0581,154.7006,1.1213,0.2675,-0.1278
PTOC,2018-02-01,182.8000,27.3857,115.1645,1.0381,0.7077,-0.0949
PTOC,2018-03-01,68.6000,26.8710,150.6433,0.5971,0.4317,-0.0609
PTOC,2018-04-01,35.2000,26.6100,153.6071,-0.7102,0.2914,-0.5010
PTOC,2018-05-01,241.3000,23.0355,106.7650,-0.3281,0.4536,-0.2593
PTOC,2018-06-01,28.7000,18.3200,49.7464,-0.0009,0.3334,-0.1905
PTOC,2018-07-01,2.6000,19.1097,59.3919,0.3122,-0.3231,-0.1171
PTOC,2018-08-01,12.4000,19.1258,56.1368,-0.6441,-0.7377,-0.0647
PTOC,2018-09-01,53.4000,24.5067,110.4003,-0.8583,-0.6428,-0.2150
PTOC,2018-10-01,225.1000,26.3742,136.3305,-0.0378,0.1068,0.2111
PTOC,2018-11-01,481.5000,27.7567,144.5819,1.6955,0.7862,0.8431
PTOC,2018-12-01,239.2000,28.2742,155.1322,2.2392,1.1215,1.0163
PTOC,2019-01-01,76.3000,30.4290,200.9987,1.3993,0.9062,0.3768
PTOC,2019-02-01,173.9000,28.8536,136.3015,0.0090,1.1636,0.3005
PTOC,2019-03-01,397.8000,27.3258,159.0290,0.7654,2.0491,1.1058
PTOC,2019-04-01,198.2000,26.0167,142.8253,1.5460,1.9527,1.5333
PTOC,2019-05-01,127.5000,23.1742,108.8538,1.4680,0.9874,1.2489
PTOC,2019-06-01,9.1000,22.1567,91.8911,-0.0210,0.4423,1.0963
PTOC,2019-07-01,43.1000,18.8065,56.4038,-0.3922,0.8095,1.2038
PTOC,2019-08-01,13.3000,21.5290,82.2525,-0.9042,0.4585,1.1415
PTOC,2019-09-01,8.1000,25.7267,129.1413,-1.1440,-0.8318,0.9827
PTOC,2019-10-01,49.0000,27.8903,163.2807,-1.8370,-1.5102,0.4734
PTOC,2019-11-01,181.5000,29.9567,184.9371,-1.3766,-1.6026,-0.4004
PTOC,2019-12-01,268.6000,27.1677,136.3799,0.0996,-0.7427,-0.2752
PTOC,2020-01-01,145.0000,29.0968,173.9573,0.5221,-0.8026,-0.0278
PTOC,2020-02-01,73.0000,28.2966,132.5615,0.2475,-0.7666,-0.2788
PTOC,2020-03-01,74.0000,29.0871,194.5476,-1.1811,-0.7647,-1.2264
PTOC,2020-04-01,72.3000,24.3367,115.1442,-1.2716,-0.4958,-1.4909
PTOC,2020-05-01,56.6000,20.9968,79.1671,-1.0339,-0.5671,-1.6027
PTOC,2020-06-01,118.9000,21.2367,80.1367,-0.1153,-0.9233,-1.2744
PTOC,2020-07-01,9.8000,20.5516,75.1083,-0.2361,-1.0658,-1.4144
PTOC,2020-08-01,85.1000,23.0677,102.7796,-0.2096,-0.9018,-1.2764
PTOC,2020-09-01,42.2000,25.1733,120.3899,-0.8805,-0.7390,-1.1615
PTOC,2020-10-01,205.0000,28.1258,167.7720,-0.2881,-0.4390,-0.7591
PTOC,2020-11-01,46.4000,26.9867,132.0329,-0.6735,-0.6744,-0.9767
PTOC,2020-12-01,200.0000,28.7710,164.1022,-0.0406,-0.6853,-1.2338
PTOC,2021-01-01,336.1000,27.5548,145.9236,0.7135,0.2349,-0.6521
PTOC,2021-02-01,28.4000,27.1714,112.2815,0.7216,0.0050,-0.7161
PTOC,2021-03-01,68.3000,26.9258,151.6378,0.1428,-0.0132,-0.6183
PTOC,2021-04-01,107.5000,25.1967,128.8004,-1.0500,-0.2216,-0.5618
PTOC,2021-05-01,61.5000,21.7581,88.8106,-0.7051,-0.0139,-0.5742
PTOC,2021-06-01,8.7000,19.6433,62.3042,-0.5322,-0.3345,-0.8173
PTOC,2021-07-01,6.0000,20.2710,71.8482,-0.7933,-1.3192,-0.8188
PTOC,2021-08-01,32.4000,23.2129,104.8817,-1.0716,-1.2730,-0.9640
PTOC,2021-09-01,5.4000,27.8983,167.7456,-1.8106,-1.5987,-1.1884
PTOC,2021-10-01,200.2000,26.3048,135.1768,-0.9334,-1.2434,-1.1141
PTOC,2021-11-01,,28.0633,149.8010,-1.4331,-1.7521,-1.2860
PTOC,2021-12-01,8.8000,30.1113,190.0794,-1.5633,-2.3172,-1.8754
PTOC,2022-01-01,102.3000,30.6226,205.1541,-2.9075,-2.4886,-2.6907
PTOC,2022-02-01,62.7000,29.4429,145.4916,-2.3228,-2.5370,-2.6876
PTOC,2022-03-01,162.4000,27.4355,161.0982,-1.0238,-1.8008,-2.4497
PTOC,2022-04-01,103.0000,26.2800,147.5437,-0.6702,-2.2863,-2.5148
PTOC,2022-05-01,63.6000,19.7548,65.0261,-0.2120,-1.6354,-2.4423
PTOC,2022-06-01,66.4000,18.7500,53.6142,-0.1502,-0.8529,-2.2572
PTOC,2022-07-01,0.0000,24.5065,132.5467,-0.6419,-0.9682,-2.4432
PTOC,2022-08-01,44.6000,22.1548,90.2216,-0.9062,-0.8241,-2.3681
PTOC,2022-09-01,150.8000,22.3533,82.0471,-0.5735,-0.5683,-1.7305
PTOC,2022-10-01,193.3000,23.9968,100.5047,0.5987,-0.0687,-1.6548
PTOC,2022-11-01,103.0000,25.9233,115.9678,0.7512,-0.1096,-1.2848
PTOC,2022-12-01,89.6000,29.3258,174.5368,-0.0019,-0.4640,-1.0272
PTOC,2023-01-01,308.4000,28.8194,168.6612,0.2382,0.4921,-0.3884
PTOC,2023-02-01,660.4000,26.4464,102.8967,2.6105,2.3310,1.2340
PTOC,2023-03-01,255.5000,27.5677,163.6180,3.2114,2.3956,1.4566
PTOC,2023-04-01,150.8000,24.2833,114.3319,2.8661,2.2377,1.6543
PTOC,2023-05-01,78.7000,22.3839,97.3216,0.5693,2.2218,1.6125
PTOC,2023-06-01,30.0000,21.3133,81.0742,-0.1505,2.3171,1.4565
PTOC,2023-07-01,2.2000,22.6065,102.1543,-0.9325,1.6236,1.5362
PTOC,2023-08-01,35.6000,25.6032,143.9040,-1.5166,-0.5946,1.3827
PTOC,2023-09-01,19.8000,27.5967,161.9618,-2.1898,-1.5183,0.8606
PTOC,2023-10-01,73.3000,29.3323,192.1268,-2.3422,-2.1909,0.3274
PTOC,2023-11-01,,30.2633,191.1171,-3.0808,-3.0096,-0.1290
PTOC,2023-12-01,,29.4484,176.9023,-3.4338,-3.6667,-0.3673
SEST,2000-01-01,128.0000,28.3516,156.7439,,,
SEST,2000-02-01,115.0000,27.0310,113.9543,,,
SEST,2000-03-01,54.0000,26.1581,139.2361,-1.0808,,
SEST,2000-04-01,72.0000,24.0967,115.7338,-1.1893,,
SEST,2000-05-01,265.5000,18.1194,56.4806,0.0835,,
SEST,2000-06-01,244.0000,19.0700,63.8373,1.2813,0.3094,
SEST,2000-07-01,41.0000,13.0387,22.3074,1.5232,0.4897,
SEST,2000-08-01,41.0000,19.9903,71.7865,0.5178,0.3693,
SEST,2000-09-01,142.0000,21.0333,73.4111,-0.0409,0.9310,
SEST,2000-10-01,195.0000,25.3258,121.9554,0.2407,1.3272,
SEST,2000-11-01,247.0000,24.8800,104.2200,1.0326,1.1053,
SEST,2000-12-01,129.0000,26.5806,127.3960,0.7435,0.4671,0.4700
SEST,2001-01-01,40.8000,27.6484,145.8304,-0.1340,-0.0167,0.2801
SEST,2001-02-01,236.0000,27.1786,111.7592,-0.2371,0.5837,0.5846
SEST,2001-03-01,36.0000,27.0484,153.2917,-0.9766,-0.1437,0.5065
SEST,2001-04-01,191.0000,23.7600,111.1482,0.1185,-0.1154,0.8033
SEST,2001-05-01,81.5000,17.6516,52.3917,-0.4051,-0.6064,0.3673
SEST,2001-06-01,18.1000,17.6933,51.4721,0.0602,-0.7665,-0.1844
SEST,2001-07-01,110.3000,18.8677,64.5035,-0.1220,-0.1064,-0.1121
SEST,2001-08-01,66.3000,22.0129,94.6925,-0.4504,-0.7749,-0.1057
SEST,2001-09-01,165.5000,21.0600,73.6789,0.2325,0.1226,-0.0443
SEST,2001-10-01,39.0000,24.1516,106.4045,-0.3796,-0.4944,-0.4234
SEST,2001-11-01,237.0000,25.9367,117.4506,0.4033,-0.1078,-0.4881
SEST,2001-12-01,113.0000,26.2161,122.4402,-0.1156,-0.0097,-0.5190
SEST,2002-01-01,196.2000,26.4935,129.0046,0.5609,0.0767,-0.0509
SEST,2002-02-01,126.0000,26.1750,100.3073,0.1011,0.2897,-0.3151
SEST,2002-03-01,195.5000,27.7871,165.6313,0.2999,0.0451,0.0760
SEST,2002-04-01,28.4000,25.4500,135.4091,-0.6684,-0.1167,-0.4243
SEST,2002-05-01,201.5000,21.3710,90.7542,-0.1657,-0.1532,-0.2015
SEST,2002-06-01,113.0000,18.3017,56.7226,-0.0221,0.1144,0.0356
SEST,2002-07-01,39.9000,16.0355,40.4217,0.5105,-0.1616,-0.0860
SEST,2002-08-01,59.9000,20.8871,81.4338,-0.1622,-0.3621,-0.0678
SEST,2002-09-01,66.0000,22.1700,85.3966,-0.6057,-0.5790,-0.3674
SEST,2002-10-01,100.0000,26.2871,135.7345,-0.8317,-0.2678,-0.2808
SEST,2002-11-01,185.0000,26.0367,118.7564,-0.2922,-0.4601,-0.4271
SEST,2002-12-01,50.0000,28.6097,157.3811,-0.8331,-1.2311,-0.7039
SEST,2003-01-01,154.8000,28.3258,156.3343,-0.6133,-1.2362,-0.9048
SEST,2003-02-01,184.0000,27.5214,115.8582,-0.6014,-0.7999,-0.7800
SEST,2003-03-01,73.0000,27.1371,154.7407,-0.4455,-1.0994,-1.1130
SEST,2003-04-01,60.0000,23.7233,110.6561,-0.7504,-1.1736,-0.9429
SEST,2003-05-01,49.1000,20.3742,79.1156,-1.4535,-1.6802,-1.3760
SEST,2003-06-01,61.2000,22.1233,97.8153,-1.1119,-1.3030,-1.6781
SEST,2003-07-01,25.0000,18.6065,61.9700,-1.0149,-1.4884,-1.8005
SEST,2003-08-01,71.0000,16.5452,41.6868,-0.6232,-1.6997,-1.6304
SEST,2003-09-01,207.0000,22.1517,85.1938,0.2572,-0.6773,-1.1796
SEST,2003-10-01,248.4000,25.1613,119.6929,1.0134,0.0883,-0.6899
SEST,2003-11-01,259.6000,25.7733,115.3378,1.4734,0.7486,-0.4690
SEST,2003-12-01,352.0000,26.3387,124.0925,1.8632,1.6373,0.4112
SEST,2004-01-01,65.5000,27.9839,150.9728,1.0422,1.4828,0.2003
SEST,2004-02-01,60.6000,27.2207,116.2668,0.1183,1.2036,-0.1218
SEST,2004-03-01,90.2000,25.3387,127.0687,-1.5806,0.6484,-0.0035
SEST,2004-04-01,291.8000,24.7667,125.2229,0.0521,0.7853,0.5447
SEST,2004-05-01,285.3000,16.4065,42.4596,1.3878,1.1286,1.1832
SEST,2004-06-01,249.2000,19.0400,63.5492,2.1865,0.9836,1.6689
SEST,2004-07-01,116.5000,18.4452,60.4389,1.8051,1.4573,1.8642
SEST,2004-08-01,3.6000,19.5097,66.9379,0.5659,1.4324,1.6697
SEST,2004-09-01,39.9000,22.3967,87.9294,-0.6929,1.3961,1.3012
SEST,2004-10-01,308.4000,24.0484,105.1030,0.1448,1.5148,1.4650
SEST,2004-11-01,355.7000,24.4567,99.2054,1.5379,1.5585,1.7057
SEST,2004-12-01,158.5000,26.6290,128.0635,1.8254,1.0453,1.2775
SEST,2005-01-01,110.6000,27.3677,141.6174,0.9118,0.7390,1.3978
SEST,2005-02-01,16.3000,26.7286,106.5243,-0.9267,0.6415,1.3217
SEST,2005-03-01,20.5000,26.7710,148.8174,-2.2441,0.3408,1.1168
SEST,2005-04-01,183.0000,23.6667,109.8983,-1.3208,-0.1807,0.9019
SEST,2005-05-01,171.0000,21.3065,89.9692,-0.2090,-0.9675,0.5159
SEST,2005-06-01,98.9000,21.7900,93.6401,0.4769,-1.0903,0.0617
SEST,2005-07-01,10.0000,17.6855,53.5591,-0.1154,-1.1525,-0.2013
SEST,2005-08-01,31.0000,21.3871,87.1615,-0.9517,-0.9852,-0.1820
SEST,2005-09-01,238.8000,17.8067,45.4929,0.1533,0.3878,0.4385
SEST,2005-10-01,306.4000,23.3226,96.2437,1.2887,0.8892,0.4554
SEST,2005-11-01,150.2000,26.4933,124.8403,1.6018,0.6903,-0.1364
SEST,2005-12-01,115.6000,27.3000,137.5557,0.7262,0.5908,-0.2773
SEST,2006-01-01,106.0000,28.9903,167.1057,-0.7082,0.5257,-0.3595
SEST,2006-02-01,110.4000,27.0107,109.7874,-0.8702,0.7337,-0.1142
SEST,2006-03-01,328.1000,26.2226,140.2251,0.3226,0.7141,0.6823
SEST,2006-04-01,,23.5383,108.1946,0.0848,-0.5610,0.2358
SEST,2006-05-01,,17.6500,52.3779,-0.2007,-0.9203,-0.1103
SEST,2006-06-01,37.0000,20.5667,79.3157,-1.7948,-1.0185,-0.2376
SEST,2006-07-01,60.0000,21.0194,87.9718,-1.1508,-0.8596,-0.1957
SEST,2006-08-01,77.0000,20.2597,74.6011,-0.7740,-0.8512,-0.0400
SEST,2006-09-01,,21.8167,81.5440,-1.0396,-2.3112,-0.8011
SEST,2006-10-01,157.0000,26.2387,135.0179,-0.7047,-1.5526,-1.3741
SEST,2006-11-01,125.0000,24.8533,103.8994,-0.5871,-1.1707,-1.3876
SEST,2006-12-01,,28.7855,160.1760,-1.1105,-1.7981,-1.8432
SEST,2007-01-01,139.0000,28.8952,165.5345,-1.4792,-1.7899,-1.7262
SEST,2007-02-01,69.0000,28.2518,124.9141,-2.1727,-2.1319,-1.9186
SEST,2007-03-01,83.0000,27.5032,160.8157,-1.4364,-2.1093,-2.9126
SEST,2007-04-01,136.2000,23.9967,114.3591,-1.0733,-2.1102,-2.4057
SEST,2007-05-01,189.9000,17.2000,48.6317,0.1107,-1.4326,-1.7213
SEST,2007-06-01,0.0000,19.0467,63.6131,0.1834,-0.9472,-1.7930
SEST,2007-07-01,16.0000,15.6161,37.4581,-0.0425,-0.9229,-1.7710
SEST,2007-08-01,7.0000,17.8468,51.8203,-1.2038,-0.8701,-1.9324
SEST,2007-09-01,15.0000,24.8467,118.4894,-1.5128,-0.9930,-2.0089
SEST,2007-10-01,179.0000,26.7177,142.2224,-1.0708,-0.9212,-1.9573
SEST,2007-11-01,139.0000,25.1083,106.9920,-0.5639,-1.4710,-1.9194
SEST,2007-12-01,,27.5387,141.0401,-0.8026,-1.9001,-1.8537
SEST,2008-01-01,69.9000,27.2323,139.6122,-1.5867,-2.1882,-2.0031
SEST,2008-02-01,147.6000,27.0241,113.8708,-1.5724,-1.7278,-1.6967
SEST,2008-03-01,176.2000,26.1355,138.8910,-0.3487,-0.9962,-1.3233
SEST,2008-04-01,125.6000,21.7067,85.7261,0.2410,-0.9812,-1.2667
SEST,2008-05-01,73.9000,18.2355,57.5270,0.1532,-1.0573,-1.6692
SEST,2008-06-01,57.4000,15.6733,36.3324,0.0693,-0.3155,-1.3936
SEST,2008-07-01,31.4000,21.8258,98.0225,-0.5301,-0.3023,-1.5392
SEST,2008-08-01,26.6000,20.8484,81.0009,-0.9896,-0.6922,-1.5704
SEST,2008-09-01,87.9000,19.0267,55.0351,-0.9087,-0.7126,-1.1385
SEST,2008-10-01,277.0000,23.9419,103.7717,0.4403,-0.1305,-0.7321
SEST,2008-11-01,161.0000,26.1833,120.6888,0.8708,-0.0320,-0.7081
SEST,2008-12-01,41.4000,27.5968,141.8963,0.2516,-0.5507,-0.5922
SEST,2009-01-01,41.0000,26.5419,129.6828,-1.3472,-0.6501,-0.6462
SEST,2009-02-01,131.3000,26.9714,109.3292,-1.4921,-0.3132,-0.6799
SEST,2009-03-01,29.2000,27.0516,153.3442,-1.6893,-1.0297,-1.1596
SEST,2009-04-01,12.2000,24.6633,123.7276,-1.8929,-2.6562,-1.6426
SEST,2009-05-01,372.3000,21.0387,86.7588,-0.0766,-1.2261,-0.8065
SEST,2009-06-01,128.0000,15.7967,37.1599,0.9500,-0.3355,-0.6053
SEST,2009-07-01,142.3000,15.2581,35.0429,1.8019,0.4521,-0.1274
SEST,2009-08-01,28.5000,19.2710,64.6115,0.4892,0.2292,-0.0789
SEST,2009-09-01,107.0000,20.0567,64.0367,0.2570,0.8501,-0.0523
SEST,2009-10-01,150.7000,23.8452,102.5710,-0.0490,1.3924,-0.3893
SEST,2009-11-01,115.0000,28.3900,152.2785,-0.0553,0.2446,-0.6065
SEST,2009-12-01,213.7000,26.9032,131.8891,0.1486,0.2093,-0.1061
SEST,2010-01-01,124.0000,27.4774,143.2542,-0.2120,-0.3086,0.0758
SEST,2010-02-01,110.8000,28.1000,122.9954,-0.0740,-0.2071,-0.0132
SEST,2010-03-01,245.0000,26.3548,142.2670,0.0376,0.0390,0.5592
SEST,2010-04-01,145.0000,23.2033,103.8288,0.3438,0.0109,0.9221
SEST,2010-05-01,163.8000,17.9677,55.1332,0.8974,0.5752,0.5002
SEST,2010-06-01,42.0000,19.0833,63.9656,0.3250,0.1793,0.2188
SEST,2010-07-01,135.0000,16.7903,46.1334,0.5529,0.5912,0.1719
SEST,2010-08-01,4.0000,19.0903,62.8864,-0.3100,0.4167,0.1134
SEST,2010-09-01,99.1000,21.0900,73.9809,-0.0484,0.1152,0.0673
SEST,2010-10-01,321.4000,21.3194,74.3538,0.7249,0.8850,0.5663
SEST,2010-11-01,91.0000,23.9667,93.6008,0.9701,0.4808,0.6501
SEST,2010-12-01,187.1000,26.3677,124.4859,1.1264,0.7904,0.6038
SEST,2011-01-01,41.2000,28.5355,159.6826,-0.7131,0.0020,0.3602
SEST,2011-02-01,356.2000,26.6500,105.6270,0.6410,1.1453,0.9897
SEST,2011-03-01,97.2000,26.8355,149.8502,0.0803,0.8768,0.6235
SEST,2011-04-01,104.9000,24.8967,127.1209,0.5535,-0.1525,0.4691
SEST,2011-05-01,26.5000,20.8323,84.3349,-1.2247,-0.3873,0.0483
SEST,2011-06-01,101.1000,18.5633,59.0842,-0.5845,-0.4774,0.2128
SEST,2011-07-01,131.6000,19.2258,68.0838,-0.0884,0.2741,0.1480
SEST,2011-08-01,67.1000,19.9903,71.7865,0.1903,-0.8102,0.2858
SEST,2011-09-01,148.5000,22.5300,89.4419,0.2758,-0.3104,0.3708
SEST,2011-10-01,211.2000,25.1548,119.6047,0.4129,0.1577,-0.0266
SEST,2011-11-01,251.2000,25.9733,117.9283,1.0306,0.8707,0.3219
SEST,2011-12-01,48.2000,27.2226,136.4378,0.3678,0.3937,-0.0661
SEST,2012-01-01,157.4000,27.8452,148.8325,-0.0565,0.1810,0.2620
SEST,2012-02-01,131.5000,28.0241,126.4024,-0.8178,0.2194,-0.3854
SEST,2012-03-01,137.1000,25.5032,129.4537,-0.2343,0.0147,-0.2211
SEST,2012-04-01,246.7000,22.8967,99.9345,0.4775,0.2341,0.2209
SEST,2012-05-01,189.7000,20.4484,79.9463,0.9471,0.1415,0.6353
SEST,2012-06-01,150.0000,18.6967,60.3118,1.2844,0.8095,0.7493
SEST,2012-07-01,77.9000,16.5000,43.8783,0.8144,0.8995,0.6790
SEST,2012-08-01,2.6000,21.9000,93.3036,-0.1690,0.5539,0.4702
SEST,2012-09-01,16.8000,24.0567,107.9837,-1.3395,0.1761,0.0916
SEST,2012-10-01,260.2000,25.1065,118.9448,-0.6006,0.1544,0.2188
SEST,2012-11-01,151.8000,26.6533,127.0189,0.0564,-0.1917,-0.0620
SEST,2012-12-01,192.1000,29.2548,167.7956,0.6211,-0.4727,0.2291
SEST,2013-01-01,35.2000,28.1645,153.7901,-0.7846,-1.1897,-0.1007
SEST,2013-02-01,137.3000,26.8250,107.6323,-0.7527,-0.6165,-0.0358
SEST,2013-03-01,43.7000,24.8081,119.5715,-1.4726,-0.5477,-0.2586
SEST,2013-04-01,145.7000,23.1467,103.1019,-0.3774,-1.0068,-0.5464
SEST,2013-05-01,216.7000,19.7065,71.8917,0.2441,-0.4531,-0.4482
SEST,2013-06-01,187.8000,18.5633,59.0842,1.1634,-0.0121,-0.3406
SEST,2013-07-01,3.8000,18.2613,58.7239,0.7487,0.2414,-0.5884
SEST,2013-08-01,12.0000,16.6935,42.7701,-0.1139,0.0010,-0.4205
SEST,2013-09-01,74.9000,21.4000,77.1487,-0.9072,0.2926,-0.1782
SEST,2013-10-01,136.6000,24.0581,105.2246,-0.3659,0.2491,-0.4787
SEST,2013-11-01,143.9000,26.2500,121.5739,-0.0681,-0.2481,-0.4856
SEST,2013-12-01,13.4000,28.6806,158.5055,-0.9308,-1.5500,-0.9755
SEST,2014-01-01,77.1000,28.4710,158.6474,-1.8077,-1.6957,-0.8654
SEST,2014-02-01,75.4000,28.6357,129.8540,-2.5949,-1.8290,-1.1180
SEST,2014-03-01,214.0000,26.4806,144.2271,-0.7632,-1.4342,-0.6863
SEST,2014-04-01,237.0000,23.2867,104.9039,0.4199,-0.9287,-0.4336
SEST,2014-05-01,166.5000,20.5065,80.6003,1.0466,-0.6327,-0.5989
SEST,2014-06-01,306.0000,18.5133,58.6281,1.7360,0.9212,-0.2697
SEST,2014-07-01,139.9000,18.3806,59.8335,1.5438,1.4642,0.0877
SEST,2014-08-01,3.3000,21.8516,92.7125,0.8343,1.3504,-0.0655
SEST,2014-09-01,203.9000,23.7400,103.9496,0.1380,1.4488,0.1995
SEST,2014-10-01,38.2000,27.0806,147.8441,-0.9837,0.6168,-0.1686
SEST,2014-11-01,284.5000,25.6300,113.5044,0.4860,0.9218,0.2189
SEST,2014-12-01,138.0000,26.5645,127.1740,0.0424,0.0343,0.6053
SEST,2015-01-01,72.0000,28.2645,155.3643,0.1782,-0.6659,0.6009
SEST,2015-02-01,154.9000,27.7893,119.1279,-0.5766,-0.1221,0.8162
SEST,2015-03-01,45.5000,26.7742,148.8689,-1.3634,-1.0344,0.3977
SEST,2015-04-01,359.7000,25.3700,134.1897,0.4699,0.4007,0.6263
SEST,2015-05-01,351.4000,20.7129,82.9540,1.4574,0.7605,1.0547
SEST,2015-06-01,128.6000,20.8267,82.2311,2.0010,0.8869,0.5816
SEST,2015-07-01,198.1000,17.6484,53.2369,1.7154,1.6454,0.7372
SEST,2015-08-01,56.4000,23.9871,121.1974,0.3180,1.3216,0.7955
SEST,2015-09-01,116.3000,23.8967,105.9329,0.1372,1.6867,0.5812
SEST,2015-10-01,152.2000,24.7323,113.9217,-0.4515,1.0748,0.9320
SEST,2015-11-01,344.9000,25.0300,106.0357,1.0455,0.9728,1.0880
SEST,2015-12-01,562.4000,26.2548,122.9604,2.5773,2.2177,2.0109
SEST,2016-01-01,284.3000,28.1452,153.4866,2.8580,2.1767,2.4378
SEST,2016-02-01,346.9000,28.0379,126.5813,2.8028,2.9669,2.7902
SEST,2016-03-01,73.2000,25.7323,132.8224,1.0622,2.7803,2.8718
SEST,2016-04-01,235.1000,25.4233,135.0018,0.9327,2.9453,2.6359
SEST,2016-05-01,147.6000,17.6419,52.3092,0.3636,2.5566,2.3000
SEST,2016-06-01,5.8000,14.9333,31.6184,0.5249,1.1345,2.1562
SEST,2016-07-01,12.9000,18.4935,60.8956,-0.2334,0.4984,1.7600
SEST,2016-08-01,196.5000,20.1161,73.0923,-0.0781,0.1247,2.1468
SEST,2016-09-01,154.8000,19.8800,62.4292,0.5165,0.7011,2.3102
SEST,2016-10-01,196.0000,23.8387,102.4913,1.1355,0.6772,2.4186
SEST,2016-11-01,106.5000,24.7400,102.5438,0.6188,0.3360,1.9482
SEST,2016-12-01,257.6000,26.4032,124.9679,0.7996,0.9168,1.2930
SEST,2017-01-01,128.0000,27.2903,140.4693,0.3066,1.0401,0.9686
SEST,2017-02-01,109.7000,26.8107,107.4677,0.2981,0.6095,0.4482
SEST,2017-03-01,136.0000,26.0032,136.8810,-0.4216,0.2570,0.5918
SEST,2017-04-01,248.5000,23.0033,101.2780,0.4254,0.4624,0.7051
SEST,2017-05-01,243.9000,21.1355,87.9104,1.1070,1.0102,0.8487
SEST,2017-06-01,49.3000,18.8000,61.2746,1.0611,0.4903,0.8811
SEST,2017-07-01,5.2000,19.9742,75.9797,0.0479,0.2680,0.8277
SEST,2017-08-01,87.8000,22.1742,96.6998,-0.9325,0.2246,0.5104
SEST,2017-09-01,20.8000,24.6167,115.3651,-1.5495,-0.1535,0.0389
SEST,2017-10-01,263.3000,24.3129,108.4592,-0.0685,-0.1218,0.1968
SEST,2017-11-01,151.1000,24.8000,103.2600,0.2270,-0.5885,0.3079
SEST,2017-12-01,175.7000,27.5806,141.6581,0.8286,-0.3852,0.0561
SEST,2018-01-01,297.8000,25.8968,120.8300,0.9244,0.6021,0.5327
SEST,2018-02-01,166.3000,26.6536,105.6677,0.9789,0.8530,0.6739
SEST,2018-03-01,232.4000,25.4613,128.8430,1.2643,1.5193,0.9204
SEST,2018-04-01,3.2000,25.7500,140.0463,-0.2005,0.5130,0.2312
SEST,2018-05-01,150.0000,21.3645,90.6755,-0.2078,0.5558,-0.0181
SEST,2018-06-01,20.8000,16.9033,45.1411,-1.0028,0.3355,-0.0506
SEST,2018-07-01,4.4000,17.7516,54.1365,-0.4432,-0.6059,0.0046
SEST,2018-08-01,41.2000,17.0581,45.5089,-0.8431,-0.9069,0.0166
SEST,2018-09-01,191.5000,21.6067,79.3089,-0.0321,-0.8659,0.5379
SEST,2018-10-01,219.6000,23.5903,99.4527,0.7905,0.2347,0.4529
SEST,2018-11-01,137.1000,26.7600,128.4850,0.8471,0.0334,0.3556
SEST,2018-12-01,35.0000,27.4226,139.3379,-0.2168,-0.2987,0.0021
SEST,2019-01-01,101.1000,28.9323,166.1458,-1.4404,-0.3645,-0.6596
SEST,2019-02-01,202.8000,27.1893,111.8858,-0.8437,0.0331,-0.5734
SEST,2019-03-01,172.6000,25.2323,125.5408,0.0463,-0.2359,-0.7351
SEST,2019-04-01,310.6000,24.2533,117.9091,1.2223,0.0629,0.1607
SEST,2019-05-01,277.4000,20.5452,81.0383,1.6288,0.7742,0.5038
SEST,2019-06-01,26.2000,21.1200,85.6031,1.2182,0.9332,0.4175
SEST,2019-07-01,35.6000,16.9419,47.3406,0.3120,1.1169,0.5110
SEST,2019-08-01,7.4000,19.9871,71.7533,-1.2455,0.5666,0.3627
SEST,2019-09-01,3.6000,22.8767,93.4536,-1.4819,0.0380,-0.1586
SEST,2019-10-01,57.0000,25.5710,125.3784,-1.9760,-1.1259,-0.6806
SEST,2019-11-01,112.6000,28.5733,155.1212,-1.7758,-2.4802,-0.8291
SEST,2019-12-01,245.6000,26.2000,122.2239,-0.2845,-1.4123,-0.1906
SEST,2020-01-01,95.4000,27.2581,139.9927,-0.1510,-1.5877,-0.1359
SEST,2020-02-01,21.8000,26.6310,109.1759,-0.4067,-1.7145,-0.6270
SEST,2020-03-01,24.1000,27.3355,158.0135,-2.4199,-1.9665,-1.1629
SEST,2020-04-01,19.1000,22.4533,94.4748,-2.7869,-2.0078,-2.0445
SEST,2020-05-01,285.5000,19.1710,66.4203,-0.2998,-0.6575,-1.9650
SEST,2020-06-01,85.5000,20.3400,76.8298,0.4436,-1.2067,-1.7323
SEST,2020-07-01,28.2000,18.5226,61.1707,0.6414,-1.1484,-1.8040
SEST,2020-08-01,80.7000,20.5290,77.4866,-0.4811,-0.7147,-1.5787
SEST,2020-09-01,8.3000,22.9967,94.8691,-1.1050,-0.5011,-1.5679
SEST,2020-10-01,74.1000,26.2613,135.3520,-1.3144,-0.4389,-1.5446
SEST,2020-11-01,139.4000,25.7733,115.3378,-1.1588,-1.3672,-1.3310
SEST,2020-12-01,406.8000,26.9387,132.3895,0.8308,-0.1373,-0.8703
SEST,2021-01-01,279.1000,26.0903,123.4430,1.6951,0.5995,-0.3028
SEST,2021-02-01,47.6000,25.7786,96.0038,1.4231,0.4065,-0.1973
SEST,2021-03-01,110.0000,25.4323,128.4214,0.1289,0.6601,0.1066
SEST,2021-04-01,124.1000,23.0300,101.6158,-0.6237,0.9584,0.3549
SEST,2021-05-01,7.9000,19.3323,68.0386,-0.6978,0.6584,-0.3764
SEST,2021-06-01,215.4000,17.1133,46.7713,0.3402,0.2602,0.0512
SEST,2021-07-01,63.3000,17.6806,53.5170,0.2777,-0.3358,0.1615
SEST,2021-08-01,9.1000,21.0032,82.7415,0.2101,-0.4453,-0.0379
SEST,2021-09-01,40.8000,24.8283,118.2384,-1.2892,-0.7102,-0.0140
SEST,2021-10-01,434.4000,24.4677,110.4557,0.5403,0.5315,0.9344
SEST,2021-11-01,197.1000,26.4567,124.3445,1.1762,1.0078,1.0466
SEST,2021-12-01,6.7000,28.3355,153.0859,0.8877,-0.1868,0.0203
SEST,2022-01-01,89.1000,29.4452,174.7503,-1.4286,-0.6014,-0.6377
SEST,2022-02-01,69.1000,27.7250,118.3378,-2.5969,-0.4925,-0.6401
SEST,2022-03-01,199.6000,26.2065,139.9775,-0.8224,0.0836,-0.4206
SEST,2022-04-01,186.9000,24.0533,115.1368,0.0944,-1.0264,-0.2854
SEST,2022-05-01,274.5000,17.8774,54.3406,1.3055,-0.3515,0.4401
SEST,2022-06-01,95.0000,16.5400,42.4088,1.2776,0.4495,0.1482
SEST,2022-07-01,16.9000,22.0452,100.8799,0.6139,0.4558,-0.0962
SEST,2022-08-01,218.7000,19.3774,65.6423,0.2945,1.1756,0.4817
SEST,2022-09-01,226.8000,18.7133,52.4709,0.8578,1.5514,1.0771
SEST,2022-10-01,342.7000,22.1258,82.7250,2.1608,2.1274,0.9300
SEST,2022-11-01,163.3000,24.0233,94.2381,1.8720,1.6687,0.9214
SEST,2022-12-01,5.1000,27.9613,147.3486,0.6048,1.0290,0.9310
SEST,2023-01-01,125.3000,27.7129,146.8103,-0.9533,1.2408,1.0785
SEST,2023-02-01,275.4000,26.0500,98.9370,-0.2832,1.3184,1.5775
SEST,2023-03-01,243.6000,26.4000,142.9686,0.9104,1.0708,1.6651
SEST,2023-04-01,157.4000,22.9967,101.1937,1.2329,0.3328,1.6320
SEST,2023-05-01,71.5000,20.3903,79.2957,0.4277,0.0301,1.1312
SEST,2023-06-01,50.1000,19.6867,69.9502,-0.1937,0.5054,0.9655
SEST,2023-07-01,66.9000,20.9323,86.9284,-0.6446,0.5109,1.1119
SEST,2023-08-01,94.4000,22.6194,102.3834,-0.6458,-0.2198,0.7379
SEST,2023-09-01,105.3000,24.9700,120.1873,-0.6147,-0.7287,0.2747
SEST,2023-10-01,171.5000,25.8806,129.7910,-0.2483,-0.7960,-0.2970
SEST,2023-11-01,404.6000,26.6033,126.3354,1.1183,0.4040,0.2518
SEST,2023-12-01,197.0000,27.8355,145.4517,1.3838,0.6694,0.7273
SGUA,2000-01-01,112.8000,26.7613,132.3751,,,
SGUA,2000-02-01,159.8000,25.5172,97.3699,,,
SGUA,2000-03-01,136.5000,24.5645,118.2745,-0.2299,,
SGUA,2000-04-01,41.2000,21.8233,91.1384,-0.3974,,
SGUA,2000-05-01,89.3000,16.8742,51.2559,-0.5356,,
SGUA,2000-06-01,127.0000,18.1033,60.1900,-0.2635,-0.4585,
SGUA,2000-07-01,94.4000,13.0903,26.7003,0.3477,-0.1227,
SGUA,2000-08-01,200.1000,18.6613,64.0318,0.8146,0.1575,
SGUA,2000-09-01,143.7000,19.9433,67.3969,0.8581,0.3766,
SGUA,2000-10-01,289.5000,23.5710,101.9689,1.3838,1.2557,
SGUA,2000-11-01,240.5000,23.9067,95.1818,1.4228,1.6443,
SGUA,2000-12-01,250.7000,24.8871,106.9592,1.7003,1.9199,1.0216
SGUA,2001-01-01,174.0000,25.9226,121.7272,1.1320,1.8649,1.2022
SGUA,2001-02-01,287.6000,25.3429,92.3297,1.3474,2.0756,1.5333
SGUA,2001-03-01,98.2000,25.1903,126.3758,0.5749,1.7027,1.4180
SGUA,2001-04-01,111.2000,23.7833,114.3058,0.3052,1.0099,1.5344
SGUA,2001-05-01,69.1000,17.8645,59.5624,-0.6989,0.5062,1.4636
SGUA,2001-06-01,140.0000,16.5500,47.5248,-0.0277,0.3138,1.5274
SGUA,2001-07-01,55.1000,18.1387,63.0336,-0.0531,0.0861,1.3392
SGUA,2001-08-01,38.4000,21.0484,87.9163,-0.3734,-0.8588,0.8727
SGUA,2001-09-01,156.5000,20.9200,76.4403,-0.4430,-0.4371,0.8823
SGUA,2001-10-01,81.2000,23.3645,99.6336,-0.5026,-0.4965,0.3566
SGUA,2001-11-01,177.0000,24.9833,106.8900,0.1425,-0.2627,0.1625
SGUA,2001-12-01,220.3000,24.4032,101.5692,0.3370,-0.1620,0.0977
SGUA,2002-01-01,144.3000,25.1387,112.2713,0.5821,-0.0093,0.0451
SGUA,2002-02-01,125.7000,24.4321,83.8463,0.4461,0.3366,-0.3562
SGUA,2002-03-01,41.2000,26.9097,150.3765,-0.7795,-0.3846,-0.5702
SGUA,2002-04-01,22.6000,25.5933,138.6620,-1.7493,-0.7640,-0.8710
SGUA,2002-05-01,379.7000,20.8355,89.3151,-0.2078,0.0849,-0.1283
SGUA,2002-06-01,7.9000,19.0867,69.1864,0.0462,-0.6069,-0.5327
SGUA,2002-07-01,43.7000,16.5387,49.4259,0.5940,-0.7542,-0.5269
SGUA,2002-08-01,88.0000,20.3452,80.3904,-0.9258,-0.8884,-0.3760
SGUA,2002-09-01,94.5000,20.0667,68.5001,-0.4133,-0.3622,-0.5188
SGUA,2002-10-01,112.0000,24.2097,109.4075,-0.3668,0.0918,-0.4632
SGUA,2002-11-01,265.9000,24.1433,97.6834,0.4664,-0.3757,-0.2051
SGUA,2002-12-01,142.2000,26.0194,120.2552,0.4467,-0.0564,-0.4597
SGUA,2003-01-01,118.4000,26.2323,125.5943,0.3989,-0.0620,-0.5635
SGUA,2003-02-01,267.6000,25.8679,97.4525,0.4084,0.5517,-0.2253
SGUA,2003-03-01,127.0000,25.4000,129.1649,0.2892,0.4463,0.0540
SGUA,2003-04-01,156.9000,22.0200,93.3173,0.6328,0.6741,0.5173
SGUA,2003-05-01,61.2000,18.4226,64.5883,-0.2465,0.0285,-0.2440
SGUA,2003-06-01,109.5000,20.0400,78.6623,-0.0692,0.0624,-0.0033
SGUA,2003-07-01,65.1000,18.7129,68.4252,-0.4345,0.0771,0.0030
SGUA,2003-08-01,36.0000,16.0097,42.7671,-0.4535,-0.6029,-0.0344
SGUA,2003-09-01,145.8000,20.1767,69.4934,-0.2021,-0.2993,0.0964
SGUA,2003-10-01,146.4000,23.2935,98.8386,0.0672,-0.3610,0.2128
SGUA,2003-11-01,187.4000,24.3600,100.0090,0.5362,-0.0130,0.0032
SGUA,2003-12-01,296.0000,25.0419,108.7206,1.0478,0.5769,0.4305
SGUA,2004-01-01,171.2000,26.3903,127.5971,1.0302,0.7515,0.5607
SGUA,2004-02-01,62.1000,24.9690,91.9564,0.4869,0.6657,0.0451
SGUA,2004-03-01,119.7000,24.6581,119.4644,-0.4919,0.3813,0.0514
SGUA,2004-04-01,165.6000,23.6300,112.3753,-0.4374,0.4025,0.0244
SGUA,2004-05-01,304.1000,16.5323,48.5657,0.9888,1.0271,0.6907
SGUA,2004-06-01,113.7000,17.3167,53.5442,1.2518,0.5562,0.7653
SGUA,2004-07-01,116.8000,17.0323,53.4056,1.2954,0.6300,0.9343
SGUA,2004-08-01,0.7000,18.3452,61.2145,-0.2193,0.5155,0.7982
SGUA,2004-09-01,35.8000,22.6367,94.0856,-0.9013,0.2958,0.4548
SGUA,2004-10-01,352.4000,22.2581,87.6837,0.2145,1.0821,1.0071
SGUA,2004-11-01,269.6000,23.4067,90.0284,1.3249,0.8022,1.2386
SGUA,2004-12-01,177.7000,24.8871,106.9592,1.8538,0.8413,0.9456
SGUA,2005-01-01,156.8000,25.6581,118.4832,0.8971,0.7484,0.9322
SGUA,2005-02-01,45.0000,26.1107,99.8805,-0.2676,0.7693,0.8689
SGUA,2005-03-01,2.6000,26.2484,140.8388,-1.5475,0.4713,0.5163
SGUA,2005-04-01,112.0000,23.9367,116.2568,-1.8511,-0.5544,0.3688
SGUA,2005-05-01,110.5000,20.9806,90.9632,-1.3317,-1.1828,-0.2442
SGUA,2005-06-01,100.7000,20.5400,83.9368,-0.3900,-1.3980,-0.3582
SGUA,2005-07-01,42.5000,16.6935,50.6539,-0.4119,-1.5846,-0.5471
SGUA,2005-08-01,76.1000,19.3452,70.3978,-0.4900,-1.3415,-0.3723
SGUA,2005-09-01,182.2000,17.2000,45.6441,0.1546,-0.2651,0.1368
SGUA,2005-10-01,345.0000,22.6258,91.5505,1.3661,0.7087,0.1076
SGUA,2005-11-01,85.8000,24.4067,100.5143,1.2791,0.5812,-0.4005
SGUA,2005-12-01,52.4000,25.4645,113.6191,0.3721,0.2887,-0.7503
SGUA,2006-01-01,94.5000,26.8161,133.0907,-1.2760,0.1737,-0.9561
SGUA,2006-02-01,116.5000,25.3464,92.3640,-1.0268,0.2434,-0.7447
SGUA,2006-03-01,211.0000,25.1613,125.9926,-0.1786,0.0481,-0.1552
SGUA,2006-04-01,,22.0433,93.5780,-0.4829,-1.3029,-0.3897
SGUA,2006-05-01,,16.3565,47.2174,-0.9036,-1.4328,-0.5662
SGUA,2006-06-01,65.4000,18.8233,66.7008,-1.4603,-1.1938,-0.6141
SGUA,2006-07-01,35.4000,20.0355,81.9075,-1.1495,-1.2252,-0.7160
SGUA,2006-08-01,,18.6968,64.3529,-1.2605,-1.5794,-0.9032
SGUA,2006-09-01,,19.5883,64.2832,-1.6903,-2.1874,-1.4461
SGUA,2006-10-01,,24.5194,113.1317,-2.1891,-2.2681,-2.4628
SGUA,2006-11-01,,24.1033,97.2578,-2.4560,-2.4756,-2.6966
SGUA,2006-12-01,,26.9548,131.9785,-3.0602,-3.0251,-2.8985
SGUA,2007-01-01,368.8000,25.6774,118.7187,-0.4530,-1.7936,-2.0834
SGUA,2007-02-01,166.9000,25.7679,96.4635,0.4262,-1.2518,-1.9547
SGUA,2007-03-01,98.0000,25.5065,130.5954,0.8938,-1.1259,-2.2826
SGUA,2007-04-01,,23.5033,110.7958,-1.0098,-1.1167,-2.3310
SGUA,2007-05-01,47.6000,18.8161,68.2857,-1.6121,-0.8149,-2.2565
SGUA,2007-06-01,1.5000,18.0167,59.4341,-1.7929,-0.5262,-2.4156
SGUA,2007-07-01,26.0000,15.3000,40.2637,-1.1358,-1.5709,-2.3249
SGUA,2007-08-01,12.0000,18.2032,59.9751,-1.3133,-2.0519,-2.2790
SGUA,2007-09-01,18.8000,23.8667,108.1534,-1.5253,-2.2855,-2.3494
SGUA,2007-10-01,100.8000,24.5516,113.5241,-1.5147,-1.8831,-2.0685
SGUA,2007-11-01,330.0000,23.8267,94.3453,0.1519,-0.8583,-1.1556
SGUA,2007-12-01,155.5000,25.8065,117.6812,0.7693,-0.4850,-0.7002
SGUA,2008-01-01,85.9000,25.2581,113.6805,0.6993,-0.5374,-1.4489
SGUA,2008-02-01,224.4000,25.5000,97.1967,0.1706,0.1345,-1.2945
SGUA,2008-03-01,37.6000,24.7613,120.7860,-0.4791,0.1578,-1.4321
SGUA,2008-04-01,,21.7800,90.6626,-0.8479,-0.1389,-1.3772
SGUA,2008-05-01,,17.5000,56.4149,-2.0992,-1.2792,-1.4746
SGUA,2008-06-01,,15.3233,38.8009,-1.7673,-1.5862,-1.4224
SGUA,2008-07-01,,19.8000,79.3965,-1.6865,-1.7950,-1.6005
SGUA,2008-08-01,215.3000,20.0548,77.4044,-0.4595,-1.7516,-1.0951
SGUA,2008-09-01,50.3000,18.7867,57.5844,-0.2838,-1.4456,-0.8747
SGUA,2008-10-01,293.7000,23.8258,104.8979,1.0353,-0.3472,-0.3398
SGUA,2008-11-01,183.6000,24.5233,101.7846,0.7813,0.1807,-0.7473
SGUA,2008-12-01,57.0000,26.3065,123.7812,0.5004,0.0746,-1.0274
SGUA,2009-01-01,186.4000,25.1000,111.8166,-0.0767,0.6536,-0.7532
SGUA,2009-02-01,83.1000,26.0429,99.1983,-0.6201,0.0746,-1.1377
SGUA,2009-03-01,30.1000,25.7258,133.5740,-0.8379,-0.2931,-1.1926
SGUA,2009-04-01,14.7000,23.7567,113.9686,-2.0116,-1.4238,-1.2158
SGUA,2009-05-01,155.8000,20.5710,86.3598,-1.4008,-1.4735,-0.8770
SGUA,2009-06-01,88.3000,15.7533,41.7345,-0.4762,-1.0223,-0.6493
SGUA,2009-07-01,197.7000,16.2258,47.0011,0.7968,-0.7234,-0.0438
SGUA,2009-08-01,69.4000,19.0645,67.7400,0.4767,-0.6541,-0.4009
SGUA,2009-09-01,116.4000,19.9167,67.1598,0.4896,-0.0652,-0.2522
SGUA,2009-10-01,359.8000,22.9645,95.2041,1.0179,1.2912,-0.0540
SGUA,2009-11-01,186.1000,26.5633,125.6244,1.2749,1.2586,-0.1097
SGUA,2009-12-01,324.7000,25.8742,118.4964,1.9177,1.8350,0.5953
SGUA,2010-01-01,141.6000,26.3387,126.9410,0.8639,1.3445,0.4419
SGUA,2010-02-01,126.7000,26.5143,103.9975,0.6893,1.4209,0.5413
SGUA,2010-03-01,124.0000,25.6355,132.3425,-0.4070,1.2113,0.7838
SGUA,2010-04-01,114.0000,22.7533,101.7259,-0.4203,0.2749,1.0657
SGUA,2010-05-01,114.9000,17.5194,56.5793,-0.2235,0.2668,1.0377
SGUA,2010-06-01,26.4000,18.4600,63.3634,-0.3811,-0.6657,0.8266
SGUA,2010-07-01,82.3000,16.9258,52.5310,-0.2843,-0.6068,0.5185
SGUA,2010-08-01,2.9000,18.1581,59.5840,-0.9534,-0.9174,0.3688
SGUA,2010-09-01,140.0000,20.9267,76.5045,-0.3647,-0.6362,0.4055
SGUA,2010-10-01,168.5000,20.8645,73.9557,-0.0148,-0.3176,-0.0345
SGUA,2010-11-01,145.0000,23.3467,89.4219,0.5475,-0.3282,-0.0473
SGUA,2010-12-01,,24.6710,104.5303,-0.3148,-0.5897,-0.8680
SGUA,2011-01-01,161.1000,26.9194,134.4441,-0.7022,-0.6018,-0.8359
SGUA,2011-02-01,269.0000,26.1429,100.2046,-0.0698,0.2620,-0.4477
SGUA,2011-03-01,90.4000,26.2355,140.6565,0.2109,-0.1705,-0.5586
SGUA,2011-04-01,80.8000,23.6367,112.4588,-0.0912,-0.6581,-0.6752
SGUA,2011-05-01,1.0000,20.2484,82.8389,-1.6098,-1.1989,-1.0503
SGUA,2011-06-01,97.0000,17.9933,59.2316,-1.0272,-0.6391,-0.8497
SGUA,2011-07-01,207.5000,18.6452,67.7748,-0.0448,-0.2021,-0.5570
SGUA,2011-08-01,133.3000,19.7258,74.1047,0.6570,-0.6256,-0.2515
SGUA,2011-09-01,47.2000,21.9033,86.2696,0.2845,-0.5821,-0.5217
SGUA,2011-10-01,242.9000,24.1774,109.0240,0.2553,0.0541,-0.4178
SGUA,2011-11-01,217.9000,24.7633,104.4290,0.5218,0.7871,-0.2655
SGUA,2011-12-01,70.0000,25.7839,117.4102,0.4816,0.4697,-0.1159
SGUA,2012-01-01,111.2000,26.2774,126.1645,-0.2845,-0.1157,-0.2248
SGUA,2012-02-01,172.8000,26.6586,109.2628,-0.5653,-0.0991,-0.5020
SGUA,2012-03-01,54.2000,24.4290,116.5643,-0.6522,-0.1883,-0.5340
SGUA,2012-04-01,238.0000,22.0000,93.0943,0.2154,-0.1460,-0.0700
SGUA,2012-05-01,113.0000,19.1710,71.7294,0.1019,-0.4238,0.2495
SGUA,2012-06-01,120.0000,17.6100,55.9660,0.7204,0.0038,0.3172
SGUA,2012-07-01,43.7000,17.2806,55.4811,-0.0560,0.0159,-0.0756
SGUA,2012-08-01,3.0000,20.9903,87.2790,-0.7600,-0.5523,-0.4522
SGUA,2012-09-01,35.0000,22.5600,93.2488,-1.5441,-0.5363,-0.5029
SGUA,2012-10-01,219.8000,24.4871,112.7402,-0.7806,-0.6836,-0.5739
SGUA,2012-11-01,101.1000,25.8200,116.5768,-0.3828,-0.9058,-0.9176
SGUA,2012-12-01,143.5000,26.8387,130.4863,0.0022,-1.1072,-0.7561
SGUA,2013-01-01,75.9000,25.6968,118.9546,-0.8411,-1.2313,-0.8311
SGUA,2013-02-01,305.6000,25.1643,90.6263,0.4086,-0.0654,-0.4289
SGUA,2013-03-01,142.4000,24.1323,112.8719,0.4889,0.2677,-0.1873
SGUA,2013-04-01,137.2000,21.4417,87.0005,0.9246,0.0523,-0.4363
SGUA,2013-05-01,241.2000,19.3839,73.8464,0.7058,0.7390,-0.1053
SGUA,2013-06-01,371.7000,18.0467,59.6951,1.9109,1.8283,0.5357
SGUA,2013-07-01,13.3000,16.9516,52.7422,1.5507,1.8412,0.4648
SGUA,2013-08-01,6.0000,16.9710,49.8656,0.6193,0.9010,0.5683
SGUA,2013-09-01,99.5000,20.6000,73.3994,-0.9123,0.8884,0.7832
SGUA,2013-10-01,199.2000,22.8677,94.1512,-0.0891,1.0902,0.7781
SGUA,2013-11-01,149.9000,25.3700,111.3020,0.3338,0.6142,0.9151
SGUA,2013-12-01,98.3000,26.7323,129.1277,0.0450,-0.6931,0.8041
SGUA,2014-01-01,170.5000,26.4097,127.8437,-0.2881,-0.3746,1.0208
SGUA,2014-02-01,52.1000,26.7804,106.7685,-0.8249,-0.4163,0.3339
SGUA,2014-03-01,154.2000,24.2032,113.7482,-0.4102,-0.3609,0.3620
SGUA,2014-04-01,266.1000,22.6550,100.5722,0.2417,-0.1286,0.6574
SGUA,2014-05-01,156.7000,19.0613,70.6538,0.9125,0.0523,0.4494
SGUA,2014-06-01,157.9000,19.5300,73.4992,1.1085,0.4870,-0.1400
SGUA,2014-07-01,172.5000,17.5710,57.9697,0.8805,0.7549,0.2599
SGUA,2014-08-01,24.0000,20.7742,84.9322,0.1744,0.7317,0.2159
SGUA,2014-09-01,252.9000,22.9433,97.4796,0.5254,1.1554,0.5484
SGUA,2014-10-01,47.7000,25.2258,121.9191,-0.4562,0.2646,0.0865
SGUA,2014-11-01,136.3000,24.4767,101.2753,0.0627,0.0715,0.0772
SGUA,2014-12-01,96.7000,25.7129,116.5610,-0.9237,-0.3273,0.1057
SGUA,2015-01-01,107.2000,26.4355,128.1729,-0.6057,-0.8542,-0.0598
SGUA,2015-02-01,164.9000,25.5750,94.5737,-0.4043,-0.3437,0.2644
SGUA,2015-03-01,110.3000,25.0774,124.8896,-0.3748,-1.0067,0.1221
SGUA,2015-04-01,108.9000,22.6033,99.9693,-0.2104,-0.6805,-0.2866
SGUA,2015-05-01,253.1000,19.2161,72.1753,0.3611,-0.1170,-0.0384
SGUA,2015-06-01,76.1000,19.0400,68.7418,0.4684,-0.0131,-0.2398
SGUA,2015-07-01,380.0000,17.7419,59.4670,1.8292,1.2595,0.2959
SGUA,2015-08-01,51.5000,21.9065,97.6719,0.8656,0.8316,0.3339
SGUA,2015-09-01,174.2000,22.6600,94.3413,1.1882,1.1790,0.1388
SGUA,2015-10-01,129.3000,24.6065,114.1931,-0.2971,1.2015,0.3694
SGUA,2015-11-01,329.4000,24.0233,96.4100,1.0731,1.3911,0.8746
SGUA,2015-12-01,588.9000,24.8065,106.0488,2.6610,3.0691,2.1227
SGUA,2016-01-01,136.6000,26.4871,128.8330,2.6350,1.9760,2.1926
SGUA,2016-02-01,189.1000,26.2034,104.4180,2.0880,2.4381,2.2275
SGUA,2016-03-01,127.6000,23.8129,108.9806,0.0359,2.2227,2.3080
SGUA,2016-04-01,88.2000,24.5433,124.1780,-0.1960,2.0419,2.1991
SGUA,2016-05-01,329.2000,17.6000,57.2678,0.7407,2.1798,2.4195
SGUA,2016-06-01,196.2000,15.1850,37.8852,1.3600,1.0099,2.7819
SGUA,2016-07-01,52.1000,17.9226,61.0748,1.4735,0.9483,1.9857
SGUA,2016-08-01,270.1000,18.7355,64.7044,1.1905,1.3898,2.5953
SGUA,2016-09-01,37.5000,19.4700,63.2656,0.3383,1.2282,2.3407
SGUA,2016-10-01,287.0000,22.5129,90.3523,1.2834,2.0654,2.7770
SGUA,2016-11-01,81.7000,23.8000,94.0675,0.2779,1.0390,2.1859
SGUA,2016-12-01,234.3000,24.8613,106.6673,1.0019,0.9261,1.3107
SGUA,2017-01-01,100.4000,25.9129,121.6075,-0.0532,0.8809,1.2383
SGUA,2017-02-01,164.3000,26.1786,100.5655,0.3358,0.3529,1.1858
SGUA,2017-03-01,171.8000,24.9548,123.2883,-0.0692,0.6310,1.2607
SGUA,2017-04-01,267.7000,21.3567,86.0952,0.9207,0.5749,1.8004
SGUA,2017-05-01,256.0000,20.6323,87.0391,1.3804,1.2440,1.5461
SGUA,2017-06-01,57.5000,18.1167,60.3068,1.1601,0.7642,1.1441
SGUA,2017-07-01,0.0000,17.6806,58.9275,0.0159,0.6240,1.0185
SGUA,2017-08-01,95.8000,20.3806,80.7602,-0.8482,0.4420,0.5351
SGUA,2017-09-01,12.8000,24.3767,114.3465,-1.4831,-0.1263,0.3406
SGUA,2017-10-01,347.4000,22.6968,92.3087,0.3280,0.1534,0.4907
SGUA,2017-11-01,196.8000,22.8433,84.4338,0.7931,-0.0618,0.8087
SGUA,2017-12-01,355.4000,25.5806,114.9887,2.2116,0.8517,1.0935
SGUA,2018-01-01,155.3000,25.2032,113.0317,1.3633,1.2235,1.2528
SGUA,2018-02-01,139.3000,24.9321,88.4411,1.0978,1.3540,1.2205
SGUA,2018-03-01,205.4000,25.3774,128.8627,0.3334,1.9943,1.2906
SGUA,2018-04-01,3.2000,24.1700,119.2651,-0.5070,0.6437,0.5380
SGUA,2018-05-01,100.5000,20.5581,86.2173,-0.7196,0.2761,0.1397
SGUA,2018-06-01,50.5000,16.9833,50.8723,-1.1954,-0.6467,0.1460
SGUA,2018-07-01,6.0000,18.8323,69.5806,-0.8663,-1.0622,0.1340
SGUA,2018-08-01,109.3000,16.6000,47.0461,-0.5818,-1.0171,0.2561
SGUA,2018-09-01,173.5000,20.7633,74.9420,-0.0365,-0.9304,0.7685
SGUA,2018-10-01,287.2000,22.7581,92.9666,1.1918,0.2651,0.6135
SGUA,2018-11-01,121.1000,24.7767,104.5771,0.9903,0.2736,0.3679
SGUA,2018-12-01,19.8000,25.8000,117.6037,0.0457,-0.0963,-0.5144
SGUA,2019-01-01,194.5000,28.3710,154.3873,-0.8148,0.2972,-0.5201
SGUA,2019-02-01,129.3000,26.6750,105.6659,-0.7721,0.1513,-0.5922
SGUA,2019-03-01,211.3000,25.5161,130.7259,0.2065,0.0831,-0.5815
SGUA,2019-04-01,96.8000,24.1433,118.9189,-0.1167,-0.7505,-0.3334
SGUA,2019-05-01,287.6000,22.0677,103.9066,0.6827,-0.1043,0.1091
SGUA,2019-06-01,9.3000,20.0167,78.4213,-0.0617,0.0051,-0.0697
SGUA,2019-07-01,27.5000,17.0742,53.7525,-0.0836,-0.2487,0.0275
SGUA,2019-08-01,3.2000,19.4806,71.7037,-1.6107,-0.6048,-0.3144
SGUA,2019-09-01,13.2000,23.4133,102.8269,-1.7565,-1.2749,-0.8131
SGUA,2019-10-01,95.7000,26.0258,132.3672,-1.8322,-1.3329,-1.4363
SGUA,2019-11-01,187.1000,26.4133,123.7648,-0.9477,-1.8176,-1.3089
SGUA,2019-12-01,679.1000,24.7903,105.8673,2.1815,0.6777,0.4614
SGUA,2020-01-01,155.9000,26.2290,125.5536,2.4305,0.8875,0.4363
SGUA,2020-02-01,65.7000,25.9069,101.3346,2.0598,1.0086,0.2838
SGUA,2020-03-01,58.5000,25.5677,131.4235,-1.0428,1.0700,-0.1146
SGUA,2020-04-01,34.5000,21.6000,88.7027,-1.6029,1.0056,-0.1985
SGUA,2020-05-01,92.0000,17.6581,57.7667,-1.1359,0.8983,-0.5925
SGUA,2020-06-01,64.5000,19.3367,71.5985,-0.7305,-1.3281,-0.4284
SGUA,2020-07-01,25.0000,17.6355,58.5319,-0.6091,-1.5843,-0.4476
SGUA,2020-08-01,140.6000,19.1742,68.7712,-0.3947,-1.1547,-0.0793
SGUA,2020-09-01,7.2000,24.4333,115.0478,-0.9886,-1.2936,-0.1268
SGUA,2020-10-01,80.7000,25.9968,131.9787,-1.1002,-1.2819,-0.1651
SGUA,2020-11-01,60.1000,25.4367,112.0739,-1.9531,-1.6276,-0.4682
SGUA,2020-12-01,433.3000,25.5645,114.7979,0.5553,-0.3438,-1.1487
SGUA,2021-01-01,323.5000,25.1097,111.9301,1.7064,0.5857,-0.6630
SGUA,2021-02-01,56.5000,25.0143,89.2105,1.7836,0.1929,-0.6553
SGUA,2021-03-01,190.0000,25.3774,128.8627,0.6726,0.8251,-0.3010
SGUA,2021-04-01,18.5000,22.8633,103.0262,-0.9056,0.7018,-0.3808
SGUA,2021-05-01,40.5000,19.5065,75.0826,-0.9170,0.7664,-0.5626
SGUA,2021-06-01,101.7000,16.7400,48.9752,-0.9689,-0.2364,-0.4045
SGUA,2021-07-01,29.3000,16.2871,47.4701,-0.5722,-1.1326,-0.3640
SGUA,2021-08-01,8.5000,21.2113,89.7195,-0.8480,-1.3255,-0.7696
SGUA,2021-09-01,6.7000,25.1017,123.5217,-1.9916,-2.0451,-0.7936
SGUA,2021-10-01,495.8000,23.6984,103.4269,0.4544,-0.1570,0.3689
SGUA,2021-11-01,22.5000,26.7433,127.8787,0.3359,-0.4294,0.2313
SGUA,2021-12-01,12.0000,28.4758,152.5052,0.2174,-1.1865,-0.9777
SGUA,2022-01-01,183.1000,28.7613,160.0440,-2.0420,-1.0233,-1.4883
SGUA,2022-02-01,90.1000,28.1464,121.7155,-1.5079,-0.8281,-1.4853
SGUA,2022-03-01,274.5000,25.5097,130.6389,0.1607,0.1760,-1.2602
SGUA,2022-04-01,246.0000,23.6600,112.7514,0.6983,-0.8220,-0.6755
SGUA,2022-05-01,151.2000,17.5500,56.8403,1.2627,-0.0496,-0.3344
SGUA,2022-06-01,135.4000,16.7800,49.2839,1.0100,0.8021,-0.2467
SGUA,2022-07-01,13.5000,20.2387,84.1136,0.0297,0.4531,-0.3846
SGUA,2022-08-01,119.6000,18.5710,63.2188,-0.1714,0.7811,-0.0241
SGUA,2022-09-01,274.3000,18.4800,55.1418,0.5057,1.0588,0.8391
SGUA,2022-10-01,312.5000,21.6677,81.6913,1.8194,1.4148,0.4270
SGUA,2022-11-01,85.4000,22.6200,82.2772,1.6048,1.0820,0.7043
SGUA,2022-12-01,103.2000,26.1710,122.1094,0.5542,0.6942,1.0123
SGUA,2023-01-01,121.0000,25.6839,118.7973,-0.6510,0.9637,0.9597
SGUA,2023-02-01,391.0000,24.1893,81.6692,0.9152,1.8809,1.8093
SGUA,2023-03-01,90.2000,25.3323,128.2597,0.8279,0.9479,1.3588
SGUA,2023-04-01,146.3000,22.6833,100.9038,1.0231,0.2565,1.1389
SGUA,2023-05-01,45.6000,20.1581,81.8693,-0.7415,0.1074,0.8092
SGUA,2023-06-01,58.8000,17.6033,55.9102,-0.5031,0.1900,0.5974
SGUA,2023-07-01,49.8000,18.8677,69.9264,-0.8897,0.1054,0.7261
SGUA,2023-08-01,98.3000,21.0290,87.7035,-0.6105,-1.0512,0.6094
SGUA,2023-09-01,84.3000,23.7567,106.8456,-0.7603,-0.9900,-0.0137
SGUA,2023-10-01,242.3000,25.0645,119.8769,0.0328,-0.6878,-0.2972
SGUA,2023-11-01,299.3000,25.4333,112.0353,0.8903,0.1711,0.1829
SGUA,2023-12-01,66.1000,27.3065,136.5608,0.6690,-0.1079,0.0492
SJBA,2000-01-01,182.8000,26.4000,127.6203,,,
SJBA,2000-02-01,150.4000,25.6172,98.7299,,,
SJBA,2000-03-01,113.1000,24.1871,114.9058,0.0342,,
SJBA,2000-04-01,225.0000,22.0767,96.3381,0.4528,,
SJBA,2000-05-01,153.7000,17.6806,61.3744,0.6768,,
SJBA,2000-06-01,126.0000,17.6500,59.6315,1.0414,0.8305,
SJBA,2000-07-01,17.9000,12.5032,26.3421,0.2939,0.5549,
SJBA,2000-08-01,77.7000,17.9258,60.8679,-0.1438,0.4020,
SJBA,2000-09-01,76.0000,19.5200,66.4860,-0.4874,0.4518,
SJBA,2000-10-01,303.6000,22.6097,93.3776,0.7711,0.8065,
SJBA,2000-11-01,158.5000,22.5633,83.5482,1.0799,0.7316,
SJBA,2000-12-01,163.4000,25.1290,110.4187,1.3048,0.6736,0.9836
SJBA,2001-01-01,314.0000,25.5516,117.6559,1.2335,1.5388,1.4237
SJBA,2001-02-01,100.0000,26.3036,101.8091,0.8300,1.4619,1.2559
SJBA,2001-03-01,135.4000,25.2323,127.6640,0.5842,1.4545,1.2857
SJBA,2001-04-01,132.5000,22.5400,101.4492,-0.3707,0.6961,0.9824
SJBA,2001-05-01,34.3000,16.6903,53.1719,-0.4750,0.2846,0.6422
SJBA,2001-06-01,92.7000,16.8233,52.9207,-0.2801,0.2259,0.5616
SJBA,2001-07-01,54.8000,17.6452,62.0861,-0.5138,-0.7088,0.5651
SJBA,2001-08-01,117.5000,20.7677,87.7917,-0.2186,-0.5604,0.6041
SJBA,2001-09-01,185.3000,18.7033,59.7771,0.2808,-0.0181,0.9585
SJBA,2001-10-01,121.9000,22.5806,93.0794,0.4835,-0.0282,0.4068
SJBA,2001-11-01,157.2000,24.2967,100.4471,0.6326,0.3107,0.3523
SJBA,2001-12-01,75.2000,25.0258,109.2932,-0.2829,-0.0203,0.0931
SJBA,2002-01-01,143.5000,25.5548,117.6928,-0.3011,0.1288,-0.4057
SJBA,2002-02-01,34.6000,24.9857,89.5835,-1.0016,-0.2556,-0.5589
SJBA,2002-03-01,272.0000,25.9677,137.1275,0.0380,-0.2127,-0.1908
SJBA,2002-04-01,314.2000,22.2900,98.6718,1.0837,0.6207,0.3548
SJBA,2002-05-01,150.7000,20.1097,84.5536,1.6985,0.6615,0.6109
SJBA,2002-06-01,89.9000,15.6800,44.4172,1.2484,1.0034,0.6282
SJBA,2002-07-01,129.7000,15.0806,41.9990,0.5680,1.2644,0.9183
SJBA,2002-08-01,152.4000,19.0516,70.8315,0.6526,1.8265,1.0784
SJBA,2002-09-01,163.1000,19.2400,64.1377,0.9405,1.6805,0.9963
SJBA,2002-10-01,253.7000,22.7613,94.9438,1.3106,1.4471,1.4013
SJBA,2002-11-01,226.4000,24.0400,97.8269,1.5483,1.7036,1.6285
SJBA,2002-12-01,250.9000,25.1548,110.7011,1.7525,2.0856,2.1908
SJBA,2003-01-01,175.9000,26.6548,130.7084,1.1802,1.9152,2.2543
SJBA,2003-02-01,122.5000,25.7857,96.8934,0.6321,1.6882,2.5204
SJBA,2003-03-01,71.6000,24.1290,114.2205,-0.4244,1.1002,1.9388
SJBA,2003-04-01,124.3000,21.9167,94.6097,-0.5197,0.5455,1.3471
SJBA,2003-05-01,3.4000,18.9290,72.7332,-1.1264,-0.3436,0.9260
SJBA,2003-06-01,137.0000,20.0500,81.8999,-0.5025,-0.7417,0.9557
SJBA,2003-07-01,12.5000,16.3645,51.4698,-0.9362,-1.1458,0.5690
SJBA,2003-08-01,67.3000,16.3839,48.6595,-0.3841,-1.1798,0.3794
SJBA,2003-09-01,78.8000,20.5567,75.6245,-0.7059,-0.9581,0.0942
SJBA,2003-10-01,194.4000,23.1581,99.1166,0.1042,-0.6460,-0.0928
SJBA,2003-11-01,271.9000,23.3300,90.7933,1.0004,0.4917,0.0618
SJBA,2003-12-01,206.1000,23.9968,98.4483,1.5371,0.7205,-0.0341
SJBA,2004-01-01,37.9000,26.7968,132.4476,0.5398,0.4784,-0.4413
SJBA,2004-02-01,73.6000,25.1483,94.2926,-0.6458,0.3048,-0.5745
SJBA,2004-03-01,77.0000,25.2484,127.8672,-1.6995,0.0633,-0.5982
SJBA,2004-04-01,169.7000,23.2100,109.1215,-0.6670,-0.0938,-0.5095
SJBA,2004-05-01,42.9000,15.4742,44.0460,-0.5451,-0.9452,-0.3124
SJBA,2004-06-01,118.0000,17.6217,59.3935,0.1096,-1.1826,-0.3022
SJBA,2004-07-01,82.0000,16.0419,48.9815,-0.0510,-0.5727,-0.0920
SJBA,2004-08-01,19.2000,17.3226,55.8970,-0.2622,-0.6479,-0.2538
SJBA,2004-09-01,70.3000,20.9033,78.8385,-0.6748,-0.4498,-0.2878
SJBA,2004-10-01,,22.2081,89.3038,-1.4792,-1.1630,-0.8180
SJBA,2004-11-01,429.0000,22.7817,85.5748,0.8196,0.4309,-0.3525
SJBA,2004-12-01,174.0000,25.5323,114.8813,1.1765,0.4332,-0.4927
SJBA,2005-01-01,,26.2194,125.4579,0.9873,-0.2799,-0.5815
SJBA,2005-02-01,,25.8714,97.6970,-1.6849,-0.5631,-0.8013
SJBA,2005-03-01,72.2000,25.3339,128.9474,-2.5460,-0.7906,-0.8180
SJBA,2005-04-01,,22.1017,96.6099,-2.3229,-0.8254,-1.2597
SJBA,2005-05-01,213.8000,19.9427,82.8174,-0.7389,-1.8727,-0.8890
SJBA,2005-06-01,,19.6025,77.4257,-0.8708,-2.5869,-1.2705
SJBA,2005-07-01,31.5000,15.9806,48.5171,-0.3734,-2.0169,-1.4092
SJBA,2005-08-01,15.6000,18.8645,69.1129,-1.5721,-1.7909,-1.4557
SJBA,2005-09-01,92.4000,16.8633,46.1952,-0.7513,-1.2770,-1.3042
SJBA,2005-10-01,121.4000,20.3968,72.2617,-0.3412,-0.5780,-0.9164
SJBA,2005-11-01,,25.0083,107.9302,-0.6771,-1.7412,-2.1567
SJBA,2005-12-01,,25.5210,114.7549,-1.7523,-1.9314,-2.6171
SJBA,2006-01-01,,26.0161,123.0516,-3.0801,-2.4852,-2.6108
SJBA,2006-02-01,91.1000,25.8125,97.1441,-2.2682,-2.2346,-2.3692
SJBA,2006-03-01,168.2000,24.8032,122.3295,-1.1327,-2.2364,-2.0957
SJBA,2006-04-01,49.0000,21.6567,91.8409,-0.6171,-2.7259,-1.9510
SJBA,2006-05-01,33.0000,16.6758,53.0569,-0.7051,-2.2579,-2.3550
SJBA,2006-06-01,92.1000,18.7111,68.9573,-0.8496,-1.5523,-2.0868
SJBA,2006-07-01,90.0000,20.4489,89.6176,-0.5767,-0.9477,-2.0401
SJBA,2006-08-01,109.2000,18.8742,69.2012,-0.2107,-0.7282,-1.7874
SJBA,2006-09-01,87.0000,19.8183,69.0439,-0.2417,-0.8609,-1.8640
SJBA,2006-10-01,,24.2597,111.2701,-0.9370,-1.1912,-2.2944
SJBA,2006-11-01,195.0000,23.5117,92.5632,-0.5416,-0.6049,-1.7283
SJBA,2006-12-01,,27.1952,134.4158,-1.5394,-1.3633,-1.7818
SJBA,2007-01-01,399.0000,26.1952,125.1700,0.7995,-0.0697,-0.6762
SJBA,2007-02-01,,26.3375,102.1363,-0.3689,-0.7286,-0.9489
SJBA,2007-03-01,112.2000,25.3968,129.7457,0.3159,-0.8977,-1.1271
SJBA,2007-04-01,,22.8717,105.2054,-2.1258,-0.8687,-1.3010
SJBA,2007-05-01,210.2000,15.5177,44.3551,-0.3336,-0.5686,-0.7787
SJBA,2007-06-01,13.1000,17.0233,54.5004,-0.4792,-0.1386,-0.9614
SJBA,2007-07-01,97.0000,13.4742,31.7315,0.5149,-1.1198,-0.7777
SJBA,2007-08-01,,16.0581,46.2868,-0.7392,-0.8509,-1.0216
SJBA,2007-09-01,103.4000,21.7167,86.6958,-0.3786,-0.6883,-1.0252
SJBA,2007-10-01,184.7000,23.2065,99.6328,-0.2589,0.1856,-0.4662
SJBA,2007-11-01,208.0000,21.5800,74.7778,0.7626,0.0391,-0.3772
SJBA,2007-12-01,,26.8500,130.2098,-0.0651,-0.3665,-0.3650
SJBA,2008-01-01,36.1000,26.3935,127.5427,-1.1673,-1.1090,-1.3986
SJBA,2008-02-01,204.4000,25.1345,94.1639,-1.3213,-0.3674,-0.8036
SJBA,2008-03-01,120.4000,24.3032,116.2838,-0.4566,-0.4258,-0.7420
SJBA,2008-04-01,206.4000,20.3667,78.8232,0.7999,-0.2296,-0.0689
SJBA,2008-05-01,89.6000,17.8097,62.4952,0.3422,-0.7240,-0.4725
SJBA,2008-06-01,103.0000,14.3333,35.5212,0.6930,0.1850,-0.1564
SJBA,2008-07-01,60.0000,19.6613,81.2712,-0.1524,0.4956,-0.4080
SJBA,2008-08-01,35.6000,18.1661,62.9192,-0.4814,-0.1190,-0.3531
SJBA,2008-09-01,122.0000,17.6467,51.7220,-0.4641,0.1795,-0.1973
SJBA,2008-10-01,262.1000,20.5952,74.0237,0.7412,0.4478,0.1055
SJBA,2008-11-01,88.5000,24.7600,105.2825,0.7980,0.2536,-0.3341
SJBA,2008-12-01,112.0000,25.3710,113.0835,0.4063,-0.0544,0.0438
SJBA,2009-01-01,214.1000,24.1258,101.9882,-0.0289,0.5396,0.6532
SJBA,2009-02-01,245.6000,24.9786,89.5197,0.9345,1.3226,0.7929
SJBA,2009-03-01,19.3000,25.3806,129.5407,0.3374,0.5522,0.4462
SJBA,2009-04-01,23.6000,23.4533,111.9911,-0.8676,-0.7036,-0.1938
SJBA,2009-05-01,196.6000,19.8710,82.0776,-1.1386,-0.0948,0.0630
SJBA,2009-06-01,43.8000,14.4533,36.2660,-0.3909,-0.0557,-0.1134
SJBA,2009-07-01,133.0000,13.6661,32.8685,0.6932,-0.1101,0.2453
SJBA,2009-08-01,170.0000,18.5403,66.1945,0.6347,-0.3499,0.6396
SJBA,2009-09-01,111.6000,18.7833,60.4155,0.8707,0.3792,0.5817
SJBA,2009-10-01,179.3000,22.2871,90.0969,0.8121,1.1453,0.2845
SJBA,2009-11-01,348.8000,25.7767,116.3729,1.4807,1.6351,1.0418
SJBA,2009-12-01,240.6000,25.6419,116.1134,1.8433,2.1074,1.4339
SJBA,2010-01-01,88.8000,26.4032,127.6591,1.2014,1.5446,0.9633
SJBA,2010-02-01,129.4000,27.5321,114.0589,0.0105,1.1765,0.5340
SJBA,2010-03-01,320.8000,25.5323,131.4752,0.3816,1.7479,1.4586
SJBA,2010-04-01,137.8000,21.1767,86.8580,0.8733,1.5915,1.9031
SJBA,2010-05-01,223.8000,16.3323,50.3780,1.6844,1.3476,2.0940
SJBA,2010-06-01,67.1000,16.5000,50.4254,0.7952,0.8924,2.1237
SJBA,2010-07-01,169.0000,14.3871,37.3551,1.2205,1.6067,2.2267
SJBA,2010-08-01,24.1000,16.8419,52.1163,0.1227,1.4279,1.7993
SJBA,2010-09-01,197.0000,19.2733,64.4146,0.7691,1.1911,2.0622
SJBA,2010-10-01,163.9000,20.5613,73.7211,0.5428,1.3552,2.0654
SJBA,2010-11-01,39.7000,22.6267,84.1331,0.4517,0.4226,1.1846
SJBA,2010-12-01,393.0000,24.8452,107.3403,1.2702,1.5667,1.6927
SJBA,2011-01-01,30.8000,26.8323,132.8845,0.2307,0.5772,1.4919
SJBA,2011-02-01,171.2000,24.7821,87.7779,0.9339,1.0563,1.7082
SJBA,2011-03-01,24.0000,24.3597,116.9572,-1.3227,0.0716,0.8256
SJBA,2011-04-01,,22.7000,103.2510,-1.3306,-0.8238,0.3586
SJBA,2011-05-01,71.6000,18.0774,64.8598,-1.8663,-0.5819,-0.1350
SJBA,2011-06-01,121.7000,15.9067,46.0325,-0.7292,-1.5998,0.0384
SJBA,2011-07-01,106.2000,16.0452,49.0061,0.2333,-0.8217,-0.1802
SJBA,2011-08-01,14.4000,18.6032,66.7549,-0.1097,-1.4825,-0.2511
SJBA,2011-09-01,142.6000,21.3900,83.4863,-0.2081,-0.7442,-0.4641
SJBA,2011-10-01,291.5000,22.8323,95.6823,0.5859,0.6133,-0.1573
SJBA,2011-11-01,165.7000,24.9400,107.1977,1.1775,0.8371,0.1459
SJBA,2011-12-01,89.4000,25.5290,114.8451,0.7295,0.3971,-0.7578
SJBA,2012-01-01,41.9000,27.2710,138.3580,-1.0025,-0.2954,-0.7417
SJBA,2012-02-01,80.2000,28.3793,127.3876,-1.7206,-0.2716,-1.1106
SJBA,2012-03-01,39.0000,24.7935,122.2108,-2.1405,-0.9402,-1.0833
SJBA,2012-04-01,318.4000,21.1633,86.7219,0.0123,-0.7690,-0.1236
SJBA,2012-05-01,81.8000,20.2194,85.7060,0.2616,-1.0682,-0.1547
SJBA,2012-06-01,32.2000,17.2733,56.5143,0.5907,-1.0627,-0.4452
SJBA,2012-07-01,85.7000,14.7097,39.4746,-0.4868,-0.3873,-0.4768
SJBA,2012-08-01,105.8000,19.7355,77.3297,-0.2896,-0.0406,-0.2426
SJBA,2012-09-01,21.0000,21.3533,83.1306,-0.5203,0.0547,-0.5930
SJBA,2012-10-01,282.3000,23.0387,97.8501,0.2969,-0.1596,-0.6256
SJBA,2012-11-01,147.7000,24.6400,104.0171,0.3827,0.0563,-0.6680
SJBA,2012-12-01,148.7000,26.8710,130.4630,0.8238,0.2469,-0.5428
SJBA,2013-01-01,91.1000,26.4194,127.8533,-0.4428,-0.1269,-0.3706
SJBA,2013-02-01,64.7000,25.6393,95.5297,-0.9113,-0.3995,-0.3232
SJBA,2013-03-01,127.1000,22.3161,94.0414,-0.8162,0.0358,0.0169
SJBA,2013-04-01,233.6000,21.4000,89.1557,0.2736,-0.1457,-0.2387
SJBA,2013-05-01,114.1000,17.5806,60.5140,0.7414,-0.1005,-0.0706
SJBA,2013-06-01,103.1000,16.5533,50.8320,0.8449,0.0535,0.1555
SJBA,2013-07-01,47.3000,16.1903,50.1170,0.0225,0.2057,0.0105
SJBA,2013-08-01,69.9000,14.9000,38.4195,-0.1072,0.4815,0.0193
SJBA,2013-09-01,45.6000,19.1700,63.5585,-0.5319,0.2561,0.1500
SJBA,2013-10-01,120.8000,22.6194,93.4771,-0.3472,-0.2737,-0.3112
SJBA,2013-11-01,119.9000,24.3600,101.1001,-0.4244,-0.4346,-0.3833
SJBA,2013-12-01,56.0000,27.2903,135.5894,-0.8094,-1.0596,-0.6647
SJBA,2014-01-01,78.7000,27.6968,143.7974,-1.4198,-1.3639,-0.7455
SJBA,2014-02-01,118.5000,27.4214,112.9208,-1.5107,-1.4923,-0.6416
SJBA,2014-03-01,95.7000,23.9548,112.1792,-1.0850,-1.4850,-0.7829
SJBA,2014-04-01,270.1000,22.1733,97.3914,0.3591,-0.7783,-0.7024
SJBA,2014-05-01,134.6000,19.0613,74.0046,0.6639,-0.5811,-0.6824
SJBA,2014-06-01,222.1000,16.7267,52.1671,1.6327,0.5481,-0.3438
SJBA,2014-07-01,108.6000,17.7097,62.6526,0.9841,1.0264,-0.2020
SJBA,2014-08-01,34.3000,20.0355,80.2885,0.4045,0.8060,-0.4269
SJBA,2014-09-01,226.2000,21.4500,84.0704,0.2475,1.4748,0.0405
SJBA,2014-10-01,55.0000,24.7613,117.0847,-0.3885,0.4750,-0.2218
SJBA,2014-11-01,161.6000,24.4800,102.3442,0.2316,0.4691,-0.1035
SJBA,2014-12-01,186.0000,25.1032,110.1367,-0.1540,0.0506,0.3572
SJBA,2015-01-01,159.6000,25.5710,117.8778,0.4434,0.0315,0.6795
SJBA,2015-02-01,162.0000,26.4286,103.0176,0.4418,0.4984,0.8426
SJBA,2015-03-01,107.8000,25.2774,128.2334,-0.1111,-0.2305,0.8304
SJBA,2015-04-01,249.3000,22.4133,100.0362,0.5044,0.7109,0.7588
SJBA,2015-05-01,261.1000,19.2161,75.5099,1.1826,1.2487,1.1438
SJBA,2015-06-01,,18.9567,71.2317,0.9160,0.6208,0.4071
SJBA,2015-07-01,61.9000,16.8323,55.2095,0.1270,0.4676,0.2896
SJBA,2015-08-01,36.7000,21.5452,96.2004,-1.4072,-0.0613,0.2493
SJBA,2015-09-01,37.0000,20.5733,75.7772,-1.1883,-0.1448,-0.2832
SJBA,2015-10-01,137.9000,22.4065,91.3026,-0.9264,-0.6203,0.0351
SJBA,2015-11-01,275.1000,23.1400,88.9642,0.5384,-0.6177,0.4128
SJBA,2015-12-01,282.2000,24.9355,108.3141,1.6495,0.4947,0.7092
SJBA,2016-01-01,212.3000,27.8419,145.6805,1.7482,0.7554,0.7851
SJBA,2016-02-01,177.1000,27.0207,112.7459,1.1330,1.2815,0.8016
SJBA,2016-03-01,212.5000,23.2161,103.7660,0.7880,1.8873,1.2004
SJBA,2016-04-01,142.4000,23.1533,108.4596,0.6104,1.8361,0.8439
SJBA,2016-05-01,113.6000,16.4548,51.3243,0.5989,1.3274,0.4694
SJBA,2016-06-01,18.0000,13.3800,29.9291,-0.0874,0.5340,0.6487
SJBA,2016-07-01,43.1000,16.5677,53.0754,-0.3501,0.1954,0.5981
SJBA,2016-08-01,94.0000,18.5129,65.9511,-0.5601,0.0324,0.8650
SJBA,2016-09-01,52.5000,18.3233,56.7999,-0.5129,-0.4859,0.9710
SJBA,2016-10-01,205.9000,21.5581,82.9395,0.2738,-0.0763,1.2078
SJBA,2016-11-01,202.2000,22.8167,85.9024,0.7624,0.1673,0.9912
SJBA,2016-12-01,223.8000,25.7581,117.4266,1.3430,0.6881,0.7838
SJBA,2017-01-01,91.2000,27.5968,142.5087,0.4127,0.5080,0.4265
SJBA,2017-02-01,171.6000,26.0500,99.3839,0.1628,0.7004,0.4501
SJBA,2017-03-01,140.4000,24.6355,120.2809,-0.3461,0.8058,0.1852
SJBA,2017-04-01,462.9000,20.6167,81.2534,1.9779,1.8833,1.2442
SJBA,2017-05-01,184.0000,19.4258,77.5772,2.1409,1.8434,1.3826
SJBA,2017-06-01,94.0000,16.8633,53.2345,2.2381,1.5759,1.5490
SJBA,2017-07-01,0.0000,18.8226,72.9148,-0.1467,1.4869,1.3504
SJBA,2017-08-01,129.3000,19.5935,75.9529,-0.4671,1.4088,1.4300
SJBA,2017-09-01,57.8000,21.7933,87.4596,-0.9105,1.2009,1.3502
SJBA,2017-10-01,298.2000,21.4484,81.8933,0.7895,0.4914,1.6454
SJBA,2017-11-01,155.0000,22.4300,82.3248,0.8931,0.3427,1.5069
SJBA,2017-12-01,73.5000,26.7742,129.2967,0.7528,-0.0905,1.0001
SJBA,2018-01-01,288.1000,25.9742,122.5586,0.4744,0.9589,1.6806
SJBA,2018-02-01,67.6000,25.8643,97.6298,-0.1144,0.5996,1.3570
SJBA,2018-03-01,172.9000,24.3548,116.8994,0.5249,0.9686,1.4700
SJBA,2018-04-01,0.0000,24.6967,127.3556,-1.2538,-0.5655,-0.0788
SJBA,2018-05-01,222.3000,19.8000,81.3499,-0.1745,-0.2488,0.0227
SJBA,2018-06-01,46.3000,14.7633,38.2330,-0.4643,0.0418,-0.0735
SJBA,2018-07-01,21.4000,15.3323,43.7648,0.1592,-0.8290,0.0754
SJBA,2018-08-01,36.0000,15.2000,40.3737,-0.7155,-0.7072,-0.0945
SJBA,2018-09-01,197.7000,20.9467,79.2459,-0.0437,-0.4147,0.3443
SJBA,2018-10-01,272.8000,21.8097,85.3697,1.1155,0.9834,0.2581
SJBA,2018-11-01,224.2000,24.0133,97.5571,1.7770,0.9224,0.4196
SJBA,2018-12-01,126.4000,25.5548,115.1343,1.2390,0.9361,0.6220
SJBA,2019-01-01,62.1000,27.5355,141.7222,-0.2420,0.6898,-0.1089
SJBA,2019-02-01,78.0000,25.6143,95.2980,-1.1488,0.6337,-0.0715
SJBA,2019-03-01,95.6000,23.3935,105.7509,-1.2920,0.0648,-0.2649
SJBA,2019-04-01,258.5000,22.1400,97.0274,0.2015,-0.0525,0.5924
SJBA,2019-05-01,460.7000,19.4194,77.5131,2.2646,1.0712,1.3391
SJBA,2019-06-01,11.1000,19.2467,73.9748,2.0153,0.7543,1.1176
SJBA,2019-07-01,85.7000,14.9484,41.0883,1.4410,1.2820,1.3266
SJBA,2019-08-01,61.2000,17.1387,54.4320,-0.6703,1.3823,1.3616
SJBA,2019-09-01,1.0000,20.2700,73.0269,-0.7280,1.1232,0.7716
SJBA,2019-10-01,153.4000,23.0161,97.6115,-0.6576,0.6710,0.3734
SJBA,2019-11-01,199.2000,25.6967,115.4761,-0.1870,-0.6833,0.2451
SJBA,2019-12-01,124.8000,25.6258,115.9317,0.2833,-0.3482,0.2379
SJBA,2020-01-01,181.8000,26.7871,132.3286,0.2474,-0.3258,0.6260
SJBA,2020-02-01,82.1000,25.5655,98.2345,-0.3390,-0.4318,0.6295
SJBA,2020-03-01,40.0000,26.6452,146.2044,-1.0644,-0.5914,0.3401
SJBA,2020-04-01,54.8000,21.4833,90.0223,-1.6393,-1.0245,-0.2407
SJBA,2020-05-01,94.6000,17.3355,58.4355,-1.2798,-1.2558,-1.2292
SJBA,2020-06-01,129.1000,17.9400,62.0999,-0.1843,-0.9736,-0.8644
SJBA,2020-07-01,68.2000,15.5290,45.1761,0.1565,-1.1014,-0.9254
SJBA,2020-08-01,27.1000,18.7226,67.8259,-0.2961,-1.2211,-1.0591
SJBA,2020-09-01,39.0000,20.4000,74.1981,-0.9343,-0.8778,-0.9555
SJBA,2020-10-01,69.4000,23.9161,107.3896,-1.3383,-0.8911,-1.2184
SJBA,2020-11-01,104.9000,24.6900,104.5432,-1.0642,-1.0634,-1.4496
SJBA,2020-12-01,152.1000,25.0677,109.7496,-0.5690,-1.1831,-1.3571
SJBA,2021-01-01,173.8000,25.9290,122.0289,-0.0275,-1.0436,-1.3507
SJBA,2021-02-01,65.2000,25.3036,92.4468,-0.1907,-0.9786,-1.3815
SJBA,2021-03-01,217.9000,23.9710,112.3673,0.1788,-0.3157,-0.7878
SJBA,2021-04-01,73.3000,21.3567,88.7071,-0.2145,-0.2119,-0.7314
SJBA,2021-05-01,69.3000,17.4032,59.0055,0.0073,-0.1664,-0.8050
SJBA,2021-06-01,70.1000,15.3100,41.8542,-0.4553,-0.2310,-0.9147
SJBA,2021-07-01,14.9000,16.1065,49.4733,-0.5736,-0.6321,-1.0769
SJBA,2021-08-01,18.8000,19.1290,71.5501,-0.9743,-0.7526,-1.1106
SJBA,2021-09-01,87.0000,21.6433,85.9690,-1.1531,-1.2563,-1.0089
SJBA,2021-10-01,134.4000,21.3597,81.0529,-0.5882,-0.9231,-0.7504
SJBA,2021-11-01,183.0000,24.2467,99.9335,0.2210,-0.5780,-0.5137
SJBA,2021-12-01,14.6000,26.7274,128.7353,-0.4605,-1.2605,-0.9594
SJBA,2022-01-01,14.8000,30.1903,178.2094,-1.9025,-1.9056,-1.5581
SJBA,2022-02-01,155.3000,27.9214,118.1151,-2.2418,-1.4524,-1.3805
SJBA,2022-03-01,254.3000,23.8161,110.5695,-0.4899,-0.7600,-1.2745
SJBA,2022-04-01,342.1000,20.8467,83.5282,1.8110,0.1847,-0.4995
SJBA,2022-05-01,122.5000,16.2274,49.5770,1.9839,0.1393,-0.3184
SJBA,2022-06-01,75.4000,14.3733,35.7685,1.4722,0.8143,-0.2853
SJBA,2022-07-01,20.4000,19.5839,80.4771,-0.2769,1.2528,-0.3594
SJBA,2022-08-01,19.2000,17.4097,56.5991,-0.9663,0.9374,-0.3148
SJBA,2022-09-01,121.2000,17.4300,50.1559,-0.7646,0.6243,-0.1106
SJBA,2022-10-01,270.3000,20.1839,70.3990,0.7547,0.3670,0.3233
SJBA,2022-11-01,92.0000,22.1933,80.1798,1.0173,0.0947,0.1113
SJBA,2022-12-01,58.1000,26.3516,124.2772,0.2672,-0.3881,0.2537
SJBA,2023-01-01,47.6000,27.8484,145.7645,-1.6040,-0.5656,0.4491
SJBA,2023-02-01,19.7000,25.9607,98.5383,-2.2631,-0.7609,0.1029
SJBA,2023-03-01,163.2000,26.1065,138.9578,-1.6056,-0.9846,-0.2479
SJBA,2023-04-01,102.4000,20.9900,84.9649,-0.8330,-1.8894,-0.9392
SJBA,2023-05-01,193.2000,18.4903,68.6098,0.3842,-1.3239,-0.7929
SJBA,2023-06-01,14.8000,17.9733,62.3875,-0.0277,-1.2327,-1.0393
SJBA,2023-07-01,67.2000,17.8161,63.5941,-0.1091,-0.7426,-0.8597
SJBA,2023-08-01,127.8000,20.0097,80.0314,-0.5748,-0.1538,-0.6171
SJBA,2023-09-01,218.1000,21.6800,86.3319,0.4785,0.3297,-0.4425
SJBA,2023-10-01,249.3000,22.0000,87.2360,1.3225,0.9580,-0.5515
SJBA,2023-11-01,443.7000,23.2900,90.4064,2.7790,1.9057,0.4521
SJBA,2023-12-01,343.3000,24.9097,108.0353,3.2318,3.0101,1.3791
SPED,2000-01-01,76.1000,29.1903,168.3334,,,
SPED,2000-02-01,125.1000,27.6586,121.0457,,,
SPED,2000-03-01,28.3000,26.1613,139.4948,-1.4643,,
SPED,2000-04-01,83.0000,23.8100,113.3394,-1.0875,,
SPED,2000-05-01,248.8000,18.6645,64.2981,-0.0423,,
SPED,2000-06-01,129.5000,19.5133,70.8930,0.8785,-0.4184,
SPED,2000-07-01,25.6000,13.2774,25.6573,1.0370,-0.0609,
SPED,2000-08-01,93.8000,19.6548,71.0189,0.1707,0.0125,
SPED,2000-09-01,91.3000,20.5067,70.5057,-0.0392,0.5370,
SPED,2000-10-01,160.2000,24.5806,112.9871,0.2227,0.8514,
SPED,2000-11-01,170.8000,24.1500,96.7968,0.5015,0.4048,
SPED,2000-12-01,151.4000,26.0645,120.6545,0.5551,0.2937,-0.1228
SPED,2001-01-01,123.2000,27.5097,143.0366,0.1904,0.2152,0.0701
SPED,2001-02-01,327.7000,26.4179,103.0316,0.9980,1.0308,0.6860
SPED,2001-03-01,21.3000,26.2355,140.5839,0.1939,0.4616,0.6626
SPED,2001-04-01,210.4000,23.8800,114.2568,0.8192,0.6587,1.0362
SPED,2001-05-01,29.4000,18.3065,60.9672,-0.5988,0.2357,0.4078
SPED,2001-06-01,10.3000,17.3167,51.0702,-0.1498,-0.0461,0.1338
SPED,2001-07-01,56.9000,19.0323,68.9679,-0.7722,-0.0156,0.1013
SPED,2001-08-01,24.7000,22.0032,96.8238,-1.0125,-1.1488,-0.1516
SPED,2001-09-01,147.7000,21.1100,76.3497,-0.3577,-0.4278,-0.0178
SPED,2001-10-01,45.7000,24.0839,106.8264,-0.6406,-1.0243,-0.3021
SPED,2001-11-01,208.6000,25.5467,112.9573,0.3053,-0.5431,-0.2460
SPED,2001-12-01,79.3000,24.7355,104.5021,-0.2317,-0.4834,-0.3903
SPED,2002-01-01,32.2000,26.7226,132.0767,-0.4528,-0.8176,-0.5927
SPED,2002-02-01,202.4000,25.3179,91.6742,-0.3663,-0.1158,-0.8733
SPED,2002-03-01,115.4000,27.7097,163.3563,-0.4969,-0.5763,-0.6987
SPED,2002-04-01,33.0000,24.6300,124.3837,-0.4480,-0.6916,-1.1511
SPED,2002-05-01,196.3000,21.7516,97.8923,-0.5190,-0.6811,-0.8399
SPED,2002-06-01,67.8000,18.1433,58.0477,-0.1895,-0.5478,-0.7160
SPED,2002-07-01,14.3000,16.3452,45.4070,0.1471,-0.2832,-0.7629
SPED,2002-08-01,32.7000,21.2581,88.0830,-0.7272,-0.9169,-0.7217
SPED,2002-09-01,27.6000,21.9367,84.8438,-1.1252,-0.9518,-1.0335
SPED,2002-10-01,114.8000,26.7194,142.0789,-1.1021,-0.7098,-0.9524
SPED,2002-11-01,186.7000,25.5233,112.6742,-0.3443,-0.8021,-1.0043
SPED,2002-12-01,129.0000,27.4129,138.5795,-0.0748,-0.8751,-0.9669
SPED,2003-01-01,160.4000,27.1742,138.2972,0.1994,-0.6737,-0.6692
SPED,2003-02-01,77.5000,26.0500,99.1395,-0.3364,-0.5450,-0.9918
SPED,2003-03-01,128.4000,25.4484,129.3026,-0.2870,-0.3285,-0.8784
SPED,2003-04-01,55.4000,22.5900,98.0957,-0.6600,-0.3880,-0.7595
SPED,2003-05-01,2.6000,19.3677,71.1718,-0.9363,-0.9305,-1.1609
SPED,2003-06-01,45.5000,21.1400,88.3277,-1.1877,-1.0551,-1.2838
SPED,2003-07-01,72.0000,18.2129,61.1174,-0.8672,-1.0969,-1.1858
SPED,2003-08-01,35.4000,16.6097,44.7308,-0.5210,-1.0510,-1.0771
SPED,2003-09-01,60.0000,21.6233,81.5571,-0.3986,-1.1280,-0.9920
SPED,2003-10-01,312.4000,24.3065,109.5595,0.6621,-0.1940,-0.4236
SPED,2003-11-01,180.3000,24.9233,105.5488,1.1045,0.3706,-0.4218
SPED,2003-12-01,586.0000,25.9903,119.7136,3.4550,2.5098,0.8837
SPED,2004-01-01,43.0000,27.3129,140.2445,2.0496,2.0363,0.5371
SPED,2004-02-01,69.9000,26.1345,103.5973,1.5106,1.9311,0.5029
SPED,2004-03-01,100.6000,25.1613,125.3360,-1.1973,1.9174,0.4356
SPED,2004-04-01,308.8000,24.3267,120.2220,0.4374,1.8562,1.1124
SPED,2004-05-01,95.0000,16.3613,44.7837,0.8852,1.7512,1.4831
SPED,2004-06-01,181.5000,18.5067,61.2961,1.6297,0.3250,2.0224
SPED,2004-07-01,105.4000,17.6129,55.7459,0.9168,0.9184,2.1565
SPED,2004-08-01,5.6000,18.3645,58.9372,0.3634,0.8381,2.0045
SPED,2004-09-01,8.8000,21.7367,82.7364,-0.7324,0.6382,1.8275
SPED,2004-10-01,151.5000,23.4419,99.1878,-0.7168,0.0944,1.3403
SPED,2004-11-01,348.0000,24.0100,95.2636,0.9747,0.9078,1.9198
SPED,2004-12-01,107.0000,25.7903,117.2008,1.3045,0.3804,0.4537
SPED,2005-01-01,116.0000,26.7258,132.1205,0.9501,0.1194,0.6854
SPED,2005-02-01,2.1000,26.1179,99.8503,-1.0072,-0.0551,0.5020
SPED,2005-03-01,24.0000,26.3226,141.8693,-1.6654,-0.2263,0.2421
SPED,2005-04-01,192.3000,23.3517,107.4482,-1.0473,-0.0997,-0.0383
SPED,2005-05-01,169.0000,21.1226,90.3130,-0.0272,-0.7687,0.0378
SPED,2005-06-01,107.0000,20.6733,83.0758,0.7447,-0.6392,-0.2169
SPED,2005-07-01,18.0000,16.6677,47.9105,0.1230,-0.6916,-0.4220
SPED,2005-08-01,31.0000,20.6710,81.5626,-0.6095,-0.5116,-0.4149
SPED,2005-09-01,89.0000,17.7433,47.3807,-0.5070,0.1081,-0.1153
SPED,2005-10-01,302.0000,23.0258,94.4272,0.8039,0.5976,0.3042
SPED,2005-11-01,165.0000,24.8200,104.3514,1.3811,0.5249,-0.2119
SPED,2005-12-01,162.0000,26.0161,120.0404,1.3828,0.5976,-0.0747
SPED,2006-01-01,134.4000,27.6871,145.5842,0.2262,0.6733,-0.0616
SPED,2006-02-01,232.0000,26.4857,103.7600,0.5929,1.4103,0.5598
SPED,2006-03-01,253.2000,25.9387,136.2598,0.9898,1.7289,1.2583
SPED,2006-04-01,148.0000,22.7533,100.0558,1.2957,1.0595,1.1445
SPED,2006-05-01,89.2000,16.5645,46.3279,0.8520,0.9863,1.0355
SPED,2006-06-01,95.7000,19.7833,73.6194,0.3437,0.9048,1.0300
SPED,2006-07-01,49.7000,20.1194,80.3331,-0.0907,0.8253,1.0278
SPED,2006-08-01,105.0000,20.0839,75.3576,-0.1651,0.4269,1.2736
SPED,2006-09-01,,22.0233,85.7674,-0.7861,-0.3694,0.8866
SPED,2006-10-01,,26.2452,135.2613,-1.4151,-1.0645,-0.0736
SPED,2006-11-01,,25.3367,110.4257,-2.3040,-1.6298,-0.5158
SPED,2006-12-01,,28.2774,150.9143,-2.7380,-2.2510,-0.9898
SPED,2007-01-01,,28.1645,152.5823,-2.8558,-2.6789,-1.3227
SPED,2007-02-01,,27.2286,111.9489,-2.8662,-3.1659,-1.8631
SPED,2007-03-01,,27.2355,155.7937,-2.8996,-3.4031,-2.4431
SPED,2007-04-01,,24.6033,124.0142,-2.7052,-3.3652,-2.7928
SPED,2007-05-01,167.3000,14.7548,33.7182,-1.1402,-2.5267,-2.6098
SPED,2007-06-01,0.0000,15.5000,37.6693,-0.4451,-2.1269,-2.7307
SPED,2007-07-01,58.3000,11.9742,19.3196,0.4631,-1.4341,-2.5897
SPED,2007-08-01,7.0000,13.7226,26.4777,-0.3881,-1.0919,-2.6894
SPED,2007-09-01,29.0000,20.2900,68.4788,-0.3985,-0.6536,-2.5955
SPED,2007-10-01,78.0000,23.1806,96.1812,-0.7296,-0.2471,-2.3541
SPED,2007-11-01,375.0000,21.2200,67.8585,1.0705,0.4368,-1.4434
SPED,2007-12-01,184.0000,24.2903,99.4182,1.7025,0.9321,-0.8896
SPED,2008-01-01,178.9000,24.7710,107.2458,2.1450,1.0665,-0.3298
SPED,2008-02-01,434.0000,23.1897,74.6051,2.3970,2.6935,0.9773
SPED,2008-03-01,111.0000,22.4581,91.7326,2.0814,2.9581,1.5204
SPED,2008-04-01,163.0000,19.1500,62.3189,2.2224,3.5046,2.2779
SPED,2008-05-01,49.0000,15.5387,38.8686,0.4370,2.1664,1.8524
SPED,2008-06-01,56.3000,13.5400,25.9868,0.4967,1.9314,2.0837
SPED,2008-07-01,64.5000,16.9677,50.3160,0.0228,1.6854,1.9985
SPED,2008-08-01,59.4000,17.2226,49.4109,0.0220,0.2504,2.0999
SPED,2008-09-01,64.5000,15.3700,31.9409,0.0345,0.3032,2.3536
SPED,2008-10-01,161.7000,21.5290,78.5119,0.4135,0.2337,2.7261
SPED,2008-11-01,249.2000,22.7833,82.4866,1.2410,0.8641,2.2149
SPED,2008-12-01,40.5000,23.8258,94.2839,0.7906,0.5232,1.7435
SPED,2009-01-01,206.7000,23.2097,89.6883,0.9686,0.9408,1.8948
SPED,2009-02-01,51.2000,24.3643,82.5011,-0.1042,0.7721,0.6775
SPED,2009-03-01,50.2000,23.4161,102.8837,-0.0980,0.4281,0.4719
SPED,2009-04-01,37.0000,23.7867,113.0347,-1.2236,-0.1999,-0.0129
SPED,2009-05-01,228.2000,20.9097,87.8351,-0.2185,-0.3020,0.3417
SPED,2009-06-01,105.3000,15.9900,41.0305,0.4290,0.1595,0.4367
SPED,2009-07-01,113.7000,16.7339,48.4343,1.1762,-0.0440,0.5815
SPED,2009-08-01,93.0000,19.5774,70.2533,0.5568,0.1686,0.6181
SPED,2009-09-01,171.6000,20.3567,69.0985,0.7609,0.7913,0.8214
SPED,2009-10-01,95.5000,23.9613,105.3399,0.3574,1.0627,0.5520
SPED,2009-11-01,8.2000,28.9900,159.8516,-0.6237,-0.1089,-0.3105
SPED,2009-12-01,238.2000,27.0516,133.6214,-0.6116,0.0490,0.1078
SPED,2010-01-01,236.6000,27.3774,141.1561,-0.0121,0.1680,0.0497
SPED,2010-02-01,169.5000,27.8714,119.3577,1.0740,0.2766,0.2714
SPED,2010-03-01,169.4000,26.0484,137.8478,0.6898,-0.0035,0.5068
SPED,2010-04-01,101.1000,22.5400,97.5006,0.1925,0.0493,0.7357
SPED,2010-05-01,142.6000,17.4774,53.6815,0.4044,1.0170,0.5871
SPED,2010-06-01,22.0000,19.3933,69.7022,-0.0320,0.3993,0.2726
SPED,2010-07-01,66.0000,16.9484,50.1585,0.0363,0.0835,0.1374
SPED,2010-08-01,8.2000,18.3839,59.1080,-0.7626,-0.3108,-0.0603
SPED,2010-09-01,180.9000,21.1633,76.8806,0.1023,-0.0288,-0.0563
SPED,2010-10-01,304.1000,21.2581,75.8280,1.2354,0.8702,0.6002
SPED,2010-11-01,159.8000,23.1400,86.0814,1.8638,0.8081,1.2729
SPED,2010-12-01,,26.9952,132.8571,0.6471,0.4639,0.5657
SPED,2011-01-01,132.0000,28.8839,163.5246,-0.8091,0.2748,0.2108
SPED,2011-02-01,270.6000,27.1607,111.1845,-0.3128,1.1277,0.5154
SPED,2011-03-01,92.1000,26.9355,151.1262,0.1018,0.4635,0.2622
SPED,2011-04-01,99.5000,25.1600,131.8727,0.0971,-0.5566,0.1636
SPED,2011-05-01,0.5000,20.6097,84.4176,-1.3167,-1.1511,-0.2948
SPED,2011-06-01,93.0000,18.9000,64.9404,-0.7947,-0.5441,-0.0968
SPED,2011-07-01,161.0000,19.1097,69.7410,-0.0847,-0.0693,0.1049
SPED,2011-08-01,24.0000,20.4355,79.0363,0.0764,-0.8919,0.0937
SPED,2011-09-01,46.4000,22.7533,93.8023,-0.3482,-0.8481,-0.3061
SPED,2011-10-01,67.3000,25.3710,123.2456,-1.2137,-0.9369,-1.0117
SPED,2011-11-01,168.4000,26.1767,120.7728,-0.6047,-0.4370,-1.0739
SPED,2011-12-01,66.1000,27.3290,137.4183,-0.7442,-0.8157,-0.9266
SPED,2012-01-01,46.5000,27.3323,140.5176,-0.9693,-1.5046,-1.0762
SPED,2012-02-01,192.5000,27.4828,118.9439,-0.8156,-1.0288,-1.2779
SPED,2012-03-01,112.3000,24.2548,113.3227,-0.4071,-0.8546,-1.1421
SPED,2012-04-01,177.4000,22.3100,94.7927,0.5722,-0.3258,-0.8670
SPED,2012-05-01,69.3000,20.5968,84.2725,0.0893,-0.5663,-0.6981
SPED,2012-06-01,63.6000,18.1133,57.7845,0.1272,-0.2695,-0.7529
SPED,2012-07-01,48.4000,16.2323,44.5508,-0.3147,0.1130,-0.9653
SPED,2012-08-01,13.2000,21.4581,90.3775,-0.6733,-0.4734,-1.0184
SPED,2012-09-01,18.4000,22.9500,96.0457,-1.1688,-0.7654,-1.0903
SPED,2012-10-01,298.4000,25.6548,127.0695,-0.1910,-0.4269,-0.5354
SPED,2012-11-01,154.7000,25.7433,115.3614,0.4530,-0.2170,-0.5562
SPED,2012-12-01,68.6000,28.5355,154.7267,0.4070,-0.5711,-0.5933
SPED,2013-01-01,33.5000,27.8548,148.0192,-1.2314,-1.0187,-0.6444
SPED,2013-02-01,47.5000,27.1036,110.5433,-1.8668,-0.9657,-0.9781
SPED,2013-03-01,24.9000,24.9387,122.3147,-1.9386,-1.0397,-1.2065
SPED,2013-04-01,141.5000,22.4133,96.0033,-0.9529,-1.5053,-1.2930
SPED,2013-05-01,224.6000,20.2806,80.7679,0.2289,-1.1194,-0.9172
SPED,2013-06-01,183.6000,18.6267,62.3938,1.3846,-0.3330,-0.6343
SPED,2013-07-01,5.0000,17.9774,58.9717,0.8695,-0.0979,-0.7771
SPED,2013-08-01,34.2000,16.4968,43.9008,0.0389,0.1114,-0.6102
SPED,2013-09-01,39.6000,20.9100,74.3797,-0.8550,0.3599,-0.5025
SPED,2013-10-01,290.2000,23.2355,96.8073,0.5387,0.9584,-0.4466
SPED,2013-11-01,264.5000,25.6233,113.8907,1.3780,0.9863,-0.1593
SPED,2013-12-01,131.5000,27.8968,145.4009,1.4840,0.4381,0.0323
SPED,2014-01-01,105.4000,27.4742,142.5305,0.2709,0.5056,0.2424
SPED,2014-02-01,45.7000,27.4321,114.2624,-0.9805,0.2705,0.2273
SPED,2014-03-01,109.2000,24.6613,118.6144,-0.9538,0.3715,0.4721
SPED,2014-04-01,353.4000,23.5333,109.7594,0.6285,0.5731,1.0511
SPED,2014-05-01,137.3000,19.7839,75.4504,1.3108,0.2183,0.8066
SPED,2014-06-01,237.4000,18.8200,64.1883,2.2193,0.9733,0.9609
SPED,2014-07-01,116.3000,18.7806,66.4928,1.2533,1.3336,1.2777
SPED,2014-08-01,0.0000,21.1935,87.3509,0.4673,1.2552,1.0395
SPED,2014-09-01,258.4000,24.0933,109.7642,0.3338,1.9243,1.6140
SPED,2014-10-01,83.9000,26.6065,140.4363,-0.2575,0.6715,0.8409
SPED,2014-11-01,200.2000,25.1167,107.8125,0.7289,0.7956,0.6708
SPED,2014-12-01,135.8000,26.8548,130.9692,-0.0551,0.1206,0.7252
SPED,2015-01-01,115.5000,27.9355,149.1991,0.0722,-0.2063,0.7352
SPED,2015-02-01,129.9000,26.9000,108.2781,-0.3258,0.2213,1.0021
SPED,2015-03-01,16.2000,26.0194,137.4263,-1.0625,-0.8225,0.6724
SPED,2015-04-01,245.7000,24.3233,120.1768,-0.1379,-0.1239,0.3377
SPED,2015-05-01,273.8000,20.2968,80.9444,0.7960,0.2716,0.7097
SPED,2015-06-01,69.8000,20.5967,82.2325,1.3613,0.2031,0.1872
SPED,2015-07-01,230.8000,18.8742,67.4063,1.5533,0.9985,0.5031
SPED,2015-08-01,17.2000,23.1065,110.7464,0.0383,0.5301,0.4855
SPED,2015-09-01,98.1000,22.9067,95.5485,0.1214,1.0340,0.0821
SPED,2015-10-01,171.7000,24.4677,111.5676,-0.4610,0.7662,0.4027
SPED,2015-11-01,419.5000,25.1233,107.8911,1.7062,1.2550,1.0402
SPED,2015-12-01,277.5000,27.7419,143.1953,2.3511,1.8755,1.4415
SPED,2016-01-01,200.0000,28.4565,156.9650,2.2688,1.3652,1.6893
SPED,2016-02-01,155.2000,27.9345,124.3901,0.8541,1.8927,1.7195
SPED,2016-03-01,72.3000,24.4032,115.2368,-0.1099,1.6981,1.9818
SPED,2016-04-01,111.0000,24.8567,127.5525,-0.4484,1.3743,1.5122
SPED,2016-05-01,247.6000,18.2903,60.8198,0.4219,0.8579,1.4927
SPED,2016-06-01,0.0000,14.7233,32.7098,0.4773,0.1864,1.4281
SPED,2016-07-01,10.7000,17.9032,58.3058,0.3086,-0.1693,0.7850
SPED,2016-08-01,56.0000,19.7806,72.2742,-0.8440,-0.3518,1.0146
SPED,2016-09-01,97.8000,19.2733,59.4631,-0.4304,-0.0358,1.1232
SPED,2016-10-01,137.8000,24.1097,107.1410,0.0121,0.1499,1.0337
SPED,2016-11-01,137.8000,24.5633,101.4146,0.3027,-0.4361,0.2414
SPED,2016-12-01,311.7000,26.3484,124.2975,1.0962,0.4271,0.3886
SPED,2017-01-01,34.0000,28.3065,154.7033,0.2901,0.1365,-0.0574
SPED,2017-02-01,245.3000,27.0250,109.6655,0.8234,0.7449,0.2255
SPED,2017-03-01,136.6000,26.0548,137.9416,-0.2075,0.5843,0.3403
SPED,2017-04-01,111.7000,22.4767,96.7501,0.5405,0.5211,0.4283
SPED,2017-05-01,148.3000,21.3871,93.4529,0.0995,0.5954,0.0656
SPED,2017-06-01,45.3000,18.3250,59.6579,0.0273,-0.2033,0.1151
SPED,2017-07-01,1.5000,18.7065,65.7739,-0.4203,0.0171,0.0701
SPED,2017-08-01,13.0000,22.1129,98.1549,-1.2464,-0.8327,-0.1135
SPED,2017-09-01,25.2000,23.4600,102.0213,-1.6311,-1.1158,-0.4122
SPED,2017-10-01,114.5000,24.1129,107.1804,-1.1911,-1.1442,-0.4716
SPED,2017-11-01,164.9000,24.2033,97.3850,-0.2958,-1.0970,-0.3923
SPED,2017-12-01,142.9000,27.3065,137.1067,0.1668,-1.0217,-0.8452
SPED,2018-01-01,221.3000,26.5613,129.8990,0.6234,-0.4313,-0.3140
SPED,2018-02-01,192.5000,25.8750,97.3212,0.7707,0.2735,-0.4178
SPED,2018-03-01,130.0000,25.2548,126.6198,0.7579,0.5946,-0.4057
SPED,2018-04-01,0.0000,25.2700,133.4621,-0.4842,0.0341,-0.7770
SPED,2018-05-01,99.0000,20.7419,85.9136,-0.9650,-0.1787,-0.8788
SPED,2018-06-01,65.9000,16.6567,45.9011,-0.8664,-0.1233,-0.7951
SPED,2018-07-01,2.6000,17.3774,53.7229,-0.3874,-0.6721,-0.7629
SPED,2018-08-01,24.5000,16.9548,47.3300,-0.5944,-1.1163,-0.6085
SPED,2018-09-01,191.8000,22.4800,90.7402,-0.1313,-0.7493,-0.1532
SPED,2018-10-01,211.8000,23.7387,102.6745,0.7441,0.1899,0.1184
SPED,2018-11-01,199.2000,25.5867,113.4437,1.3101,0.4795,0.1679
SPED,2018-12-01,26.2000,27.4323,138.8484,0.1756,-0.0461,-0.1489
SPED,2019-01-01,131.8000,28.6000,159.1490,-0.5961,0.0471,-0.4556
SPED,2019-02-01,294.2000,27.5286,115.3688,-0.0654,0.8552,-0.2407
SPED,2019-03-01,171.5000,25.0710,124.1043,0.8052,0.6371,-0.1255
SPED,2019-04-01,240.0000,24.0933,117.0818,1.5802,0.6929,0.5777
SPED,2019-05-01,253.3000,21.2806,92.1811,1.4908,1.0007,1.0120
SPED,2019-06-01,8.8000,21.5667,93.3100,0.8086,1.1168,0.7030
SPED,2019-07-01,79.7000,17.6000,55.6338,0.2769,1.3306,0.9241
SPED,2019-08-01,12.5000,19.8290,72.7608,-0.9871,0.3545,0.8133
SPED,2019-09-01,6.1000,22.7000,93.1997,-1.0026,-0.1753,0.2775
SPED,2019-10-01,51.4000,25.6613,127.1573,-1.6115,-0.9348,-0.2182
SPED,2019-11-01,139.3000,27.8800,143.6000,-1.2669,-1.5477,-0.4500
SPED,2019-12-01,292.8000,25.7645,116.8790,0.2506,-0.5749,0.3152
SPED,2020-01-01,208.8000,27.3226,140.3810,1.0213,-0.4049,0.5849
SPED,2020-02-01,41.5000,26.7828,110.8080,0.6786,-0.4397,-0.0971
SPED,2020-03-01,33.2000,26.6032,146.0618,-0.9457,-0.5384,-0.5109
SPED,2020-04-01,88.2000,21.8033,88.9974,-1.3634,-0.2497,-0.8179
SPED,2020-05-01,144.3000,18.5419,63.1451,-0.4704,0.0842,-1.0110
SPED,2020-06-01,57.5000,20.3633,79.6994,0.0424,-0.6822,-0.8609
SPED,2020-07-01,23.6000,18.1774,60.7909,-0.1613,-1.0800,-1.0085
SPED,2020-08-01,83.9000,20.0387,74.8932,-0.5737,-0.7857,-0.8414
SPED,2020-09-01,15.6000,22.8167,94.5211,-0.9062,-0.6570,-0.8215
SPED,2020-10-01,107.2000,26.0484,132.4945,-0.8359,-0.7500,-0.6975
SPED,2020-11-01,159.8000,24.7300,103.3155,-0.5583,-0.8432,-0.5460
SPED,2020-12-01,229.9000,26.2258,122.7159,0.4819,-0.3496,-0.7172
SPED,2021-01-01,338.0000,26.2323,125.5277,1.7154,0.6364,-0.3546
SPED,2021-02-01,45.1000,25.3893,92.3862,1.1890,0.4100,-0.2979
SPED,2021-03-01,89.7000,24.8258,120.8000,0.4587,0.6022,-0.0841
SPED,2021-04-01,103.3000,22.7133,99.5735,-0.7151,0.7196,-0.0721
SPED,2021-05-01,24.2000,19.5290,72.8113,-0.7228,0.2973,-0.4096
SPED,2021-06-01,80.5000,17.1800,49.9710,-0.3663,-0.0054,-0.2740
SPED,2021-07-01,15.0000,17.0097,50.6582,-0.5932,-0.9572,-0.2700
SPED,2021-08-01,0.0000,20.3258,77.8768,-0.7640,-1.0717,-0.4924
SPED,2021-09-01,20.8000,25.2117,124.3291,-1.5738,-1.3405,-0.5545
SPED,2021-10-01,186.6000,24.3032,109.5196,-0.8898,-1.0682,-0.2936
SPED,2021-11-01,78.0000,25.8233,116.3486,-0.6575,-1.0299,-0.5355
SPED,2021-12-01,9.0000,28.1113,148.4919,-0.8687,-1.6569,-1.1363
SPED,2022-01-01,67.6000,29.9548,180.7192,-2.0410,-1.9368,-1.8754
SPED,2022-02-01,181.3000,27.6821,117.1449,-1.3971,-1.4209,-1.6287
SPED,2022-03-01,183.8000,25.5548,130.7933,-0.2616,-0.8380,-1.4383
SPED,2022-04-01,73.8000,23.9067,114.6076,0.1432,-1.2784,-1.5396
SPED,2022-05-01,124.0000,17.7242,55.7887,0.1656,-0.8807,-1.2716
SPED,2022-06-01,121.3000,15.9400,40.6792,0.3171,-0.0355,-1.1544
SPED,2022-07-01,3.0000,21.3452,94.4998,0.0378,0.0494,-1.2850
SPED,2022-08-01,61.6000,18.8581,63.3897,-0.3567,-0.2083,-1.1066
SPED,2022-09-01,132.7000,18.4867,53.0331,-0.3621,-0.1045,-0.6627
SPED,2022-10-01,326.2000,21.4161,77.3864,1.4667,1.0574,-0.2261
SPED,2022-11-01,158.0000,22.8433,83.0845,1.8509,1.0850,0.0739
SPED,2022-12-01,47.0000,27.1774,135.3349,0.9971,0.3986,0.2129
SPED,2023-01-01,170.0000,26.9419,135.0753,-0.1628,0.9101,0.6283
SPED,2023-02-01,208.0000,25.1464,89.9796,0.0782,1.4068,0.7847
SPED,2023-03-01,253.5000,25.7484,133.5317,1.1918,1.5766,0.9833
SPED,2023-04-01,130.0000,22.2633,94.2492,1.1960,0.6943,1.2164
SPED,2023-05-01,17.0000,20.1323,79.1554,0.2379,0.1459,0.8233
SPED,2023-06-01,34.0000,18.7000,63.0707,-0.6032,0.3813,0.5065
SPED,2023-07-01,35.0000,20.4710,84.2476,-1.1055,0.0477,0.6271
SPED,2023-08-01,21.0000,22.3710,101.3328,-1.2153,-0.7183,0.4042
SPED,2023-09-01,48.0000,25.3200,125.8017,-1.5138,-1.4561,-0.0258
SPED,2023-10-01,78.6000,26.5226,139.2239,-1.5844,-1.8070,-0.8145
SPED,2023-11-01,295.7000,27.3900,136.7751,-0.1685,-0.9938,-0.6071
SPED,2023-12-01,298.2000,27.8387,144.5713,1.0832,-0.2983,0.0183
VILL,2000-01-01,81.9000,27.2935,139.3914,,,
VILL,2000-02-01,62.6000,26.3517,105.9802,,,
VILL,2000-03-01,60.9000,25.1710,126.1532,-1.7247,,
VILL,2000-04-01,108.2000,22.9267,103.8641,-1.3183,,
VILL,2000-05-01,202.0000,17.5710,57.1560,-0.1933,,
VILL,2000-06-01,182.2000,18.3867,62.8360,0.7836,-0.6375,
VILL,2000-07-01,42.6000,12.7774,25.1596,0.8491,-0.3297,
VILL,2000-08-01,87.4000,19.1774,68.9307,0.1970,-0.0756,
VILL,2000-09-01,64.1000,19.7833,66.0938,-0.4777,0.1843,
VILL,2000-10-01,264.0000,23.7710,104.3259,0.3080,0.8224,
VILL,2000-11-01,147.6000,23.4100,90.1245,0.5119,0.4635,
VILL,2000-12-01,145.9000,25.4742,113.7545,0.6866,0.1052,-0.4040
VILL,2001-01-01,224.4000,26.6323,130.6913,0.3459,0.4185,0.0018
VILL,2001-02-01,292.3000,26.0036,98.8115,1.0350,1.1375,0.6753
VILL,2001-03-01,167.9000,25.5581,131.3150,1.0567,1.2960,0.9809
VILL,2001-04-01,226.2000,23.3533,109.0203,1.1703,1.1214,1.3325
VILL,2001-05-01,34.3000,17.1774,53.8532,0.0836,0.8050,0.8249
VILL,2001-06-01,144.6000,17.1967,52.7052,0.3784,1.0505,0.7429
VILL,2001-07-01,57.5000,18.3000,64.6594,-0.2988,0.6361,0.6700
VILL,2001-08-01,58.9000,21.5548,93.7079,-0.3856,-0.3018,0.5143
VILL,2001-09-01,167.5000,19.8867,67.0048,-0.3366,-0.0392,0.8163
VILL,2001-10-01,62.6000,23.0387,96.0918,-0.4877,-0.6582,0.2551
VILL,2001-11-01,175.5000,24.7767,104.6143,0.1035,-0.2867,0.2930
VILL,2001-12-01,186.5000,24.6710,104.5700,0.0025,-0.3276,0.4349
VILL,2002-01-01,303.5000,25.5839,117.6025,1.1291,0.4655,0.7038
VILL,2002-02-01,139.0000,24.9500,88.6358,1.0294,0.8154,0.2897
VILL,2002-03-01,134.9000,26.9129,150.4036,0.5408,0.3389,0.1436
VILL,2002-04-01,141.4000,23.6333,112.4885,-0.3068,0.5952,-0.0990
VILL,2002-05-01,339.8000,20.6097,86.9141,0.7723,1.3429,0.6712
VILL,2002-06-01,159.2000,17.0533,51.5587,1.3713,1.4485,0.7177
VILL,2002-07-01,73.8000,15.9387,44.9760,1.3709,0.8032,0.8250
VILL,2002-08-01,126.8000,20.3258,80.3119,0.3439,0.7873,1.0724
VILL,2002-09-01,137.1000,19.6967,65.3357,0.1531,1.1458,0.9842
VILL,2002-10-01,200.6000,23.9516,106.4220,0.4978,1.4139,1.3832
VILL,2002-11-01,340.3000,24.2967,99.3725,1.4531,1.3648,1.9454
VILL,2002-12-01,135.3000,26.3000,123.7015,1.1677,0.9703,1.7083
VILL,2003-01-01,270.7000,26.6968,131.5248,1.3819,1.4236,1.5544
VILL,2003-02-01,190.7000,25.4714,93.5863,0.6794,1.6316,1.7084
VILL,2003-03-01,65.3000,24.8484,121.9493,0.3265,1.1040,1.5727
VILL,2003-04-01,179.2000,21.7500,90.4360,0.0566,1.0818,1.7708
VILL,2003-05-01,11.2000,18.8290,68.5448,-0.8270,-0.1435,0.7904
VILL,2003-06-01,100.8000,20.1200,79.6184,-0.3703,-0.1042,0.5357
VILL,2003-07-01,9.0000,16.9581,52.9327,-1.1647,-0.8564,0.3267
VILL,2003-08-01,56.7000,16.1065,43.5778,-0.7334,-1.2014,0.2324
VILL,2003-09-01,71.4000,20.8500,75.8731,-0.8878,-0.9871,0.0206
VILL,2003-10-01,271.0000,23.2645,98.5863,0.3340,-0.6434,0.2381
VILL,2003-11-01,230.3000,23.6433,92.5040,0.9683,0.1582,-0.0476
VILL,2003-12-01,321.4000,24.7387,105.3262,1.9959,0.9588,0.5276
VILL,2004-01-01,133.6000,26.7290,131.9428,1.2101,1.1461,0.1369
VILL,2004-02-01,152.2000,25.1552,93.7983,0.8216,1.3321,0.0298
VILL,2004-03-01,82.2000,24.7000,120.0450,-0.5457,1.1950,0.0817
VILL,2004-04-01,177.1000,23.7733,114.2479,-0.1962,0.7450,0.0103
VILL,2004-05-01,148.0000,15.9226,44.1211,0.0547,0.6056,0.4636
VILL,2004-06-01,112.2000,18.3433,62.4476,0.5187,-0.0776,0.5464
VILL,2004-07-01,142.6000,16.7516,51.2561,0.6646,0.2908,0.9487
VILL,2004-08-01,18.1000,17.9161,57.6471,-0.0952,-0.1116,0.7899
VILL,2004-09-01,57.1000,21.0367,77.6710,-0.4933,-0.0406,0.7419
VILL,2004-10-01,150.1000,22.4581,89.8581,-0.6755,-0.0513,0.4145
VILL,2004-11-01,313.7000,23.2000,88.0156,0.7676,0.4490,0.6700
VILL,2004-12-01,107.0000,25.1968,110.5282,0.8529,0.2302,0.0444
VILL,2005-01-01,92.3000,26.5871,130.1097,0.3513,-0.3004,-0.0637
VILL,2005-02-01,54.9000,26.0821,99.5979,-1.2021,-0.3216,-0.3404
VILL,2005-03-01,89.1000,25.6065,131.9692,-1.4545,-0.4132,-0.3537
VILL,2005-04-01,125.0000,22.1267,94.6095,-1.0219,-0.5358,-0.4390
VILL,2005-05-01,,20.4452,85.1030,-1.2754,-1.8125,-0.9217
VILL,2005-06-01,71.8000,20.4367,82.9534,-1.0758,-1.8439,-1.0724
VILL,2005-07-01,7.9000,16.5032,49.2832,-1.5349,-1.8585,-1.3933
VILL,2005-08-01,34.9000,19.9290,76.2576,-1.2519,-1.8448,-1.3976
VILL,2005-09-01,123.0000,16.5500,41.3540,-0.6827,-1.3333,-1.1515
VILL,2005-10-01,285.8000,21.7516,82.6197,0.6570,-0.6235,-0.7970
VILL,2005-11-01,48.3000,24.5800,102.4464,0.5917,-0.4963,-1.4797
VILL,2005-12-01,79.6000,25.8323,118.0040,-0.0452,-0.6083,-1.5617
VILL,2006-01-01,151.4000,27.6452,144.1594,-1.1976,-0.4085,-1.4557
VILL,2006-02-01,122.6000,26.0393,99.1685,-0.7221,-0.1423,-1.2933
VILL,2006-03-01,231.1000,25.4032,129.2349,0.0745,-0.0593,-0.9394
VILL,2006-04-01,103.6000,21.9767,92.9335,0.0931,-0.8501,-0.9883
VILL,2006-05-01,28.0000,17.0290,52.6394,-0.1711,-0.7289,-0.8375
VILL,2006-06-01,102.6000,19.7100,75.4256,-0.5984,-0.4595,-0.7406
VILL,2006-07-01,55.8000,20.0258,81.9357,-0.8172,-0.5966,-0.7019
VILL,2006-08-01,149.0000,19.0935,68.1414,-0.2046,-0.3607,-0.3853
VILL,2006-09-01,196.6000,19.7733,66.0061,0.3564,-0.2427,-0.2555
VILL,2006-10-01,179.7000,24.4516,112.3591,0.8349,-0.0099,-0.6114
VILL,2006-11-01,164.3000,23.7500,93.6046,0.7841,0.3818,-0.2848
VILL,2006-12-01,187.3000,27.0645,133.3749,0.3912,0.4917,-0.0360
VILL,2007-01-01,166.7000,26.7129,131.7337,0.2201,0.7427,0.0401
VILL,2007-02-01,53.5000,26.3500,102.3081,-0.4421,0.2100,-0.1568
VILL,2007-03-01,121.0000,26.2645,141.0681,-0.8795,-0.4089,-0.4800
VILL,2007-04-01,188.3000,23.8300,114.9648,-0.6499,-0.3843,-0.3153
VILL,2007-05-01,263.7000,16.3097,46.9956,0.7908,0.2155,0.3475
VILL,2007-06-01,3.6000,17.5567,55.6540,0.6291,-0.2199,0.1247
VILL,2007-07-01,99.0000,14.6355,35.9450,0.5765,-0.1045,0.3759
VILL,2007-08-01,19.5000,16.3710,45.4836,-0.7654,-0.0107,0.0758
VILL,2007-09-01,40.0000,23.3200,101.8236,-0.8241,-0.1823,-0.4416
VILL,2007-10-01,294.6000,24.2645,110.1141,-0.1222,0.2744,-0.1300
VILL,2007-11-01,216.9000,22.7700,83.7935,0.7193,-0.0691,0.0403
VILL,2007-12-01,206.0000,25.9839,119.8326,1.4385,0.4988,0.1295
VILL,2008-01-01,73.3000,26.4000,127.7177,0.2482,0.0162,-0.1157
VILL,2008-02-01,127.2000,25.9138,101.4147,-0.3422,0.2288,0.0885
VILL,2008-03-01,149.4000,25.0677,124.7983,-0.7001,0.5839,0.2130
VILL,2008-04-01,133.2000,21.0567,83.0562,-0.1009,0.0320,0.1481
VILL,2008-05-01,43.0000,17.8323,59.4164,-0.3377,-0.5823,-0.4798
VILL,2008-06-01,90.5000,15.4167,39.5515,-0.1891,-0.7269,-0.2075
VILL,2008-07-01,50.1000,20.9387,92.1178,-0.7207,-0.6760,-0.4852
VILL,2008-08-01,58.9000,18.7452,64.9227,-0.6590,-0.8067,-0.4331
VILL,2008-09-01,62.6000,18.2667,53.5970,-0.9107,-0.8707,-0.2457
VILL,2008-10-01,170.3000,23.3355,99.3785,-0.2495,-0.7854,-0.5444
VILL,2008-11-01,101.9000,25.1700,109.0347,-0.2558,-0.7473,-0.9011
VILL,2008-12-01,69.2000,26.9742,132.2085,-0.6716,-1.2154,-1.2670
VILL,2009-01-01,174.0000,25.2000,113.0224,-0.7307,-0.7923,-0.9851
VILL,2009-02-01,121.9000,26.0643,99.4189,-0.5560,-0.6752,-0.9933
VILL,2009-03-01,62.3000,25.8774,135.6703,-0.6167,-1.0136,-1.2329
VILL,2009-04-01,38.7000,23.5067,110.9112,-1.4397,-1.6016,-1.5245
VILL,2009-05-01,295.3000,20.1161,81.5512,-0.2819,-0.6942,-0.9689
VILL,2009-06-01,113.8000,15.1367,37.6918,0.5247,-0.1227,-0.9063
VILL,2009-07-01,181.0000,14.4516,34.7705,1.5887,0.2275,-0.4247
VILL,2009-08-01,99.5000,19.2516,69.6336,0.7013,0.2579,-0.3302
VILL,2009-09-01,173.8000,19.2133,61.2067,0.8841,1.0218,-0.0518
VILL,2009-10-01,176.9000,23.0000,95.6682,0.5559,1.6522,-0.0237
VILL,2009-11-01,220.6000,26.9800,130.8609,0.8587,1.1427,0.2451
VILL,2009-12-01,183.6000,26.2581,123.1839,0.5953,1.0783,0.5992
VILL,2010-01-01,140.6000,26.8774,133.8762,0.2056,0.5052,0.4418
VILL,2010-02-01,263.8000,27.4893,114.3439,0.5193,0.9965,0.8145
VILL,2010-03-01,232.9000,25.5839,131.6636,0.7276,0.9498,1.3540
VILL,2010-04-01,127.8000,22.0333,93.5645,0.8655,0.7567,1.7003
VILL,2010-05-01,287.7000,17.5226,56.7433,1.2622,1.3369,1.7577
VILL,2010-06-01,19.8000,18.5667,64.4652,0.5396,0.9052,1.3632
VILL,2010-07-01,134.8000,16.3387,48.0027,0.8064,1.2341,1.1756
VILL,2010-08-01,7.0000,18.1484,59.6315,-0.7386,0.4040,0.9218
VILL,2010-09-01,99.3000,20.0967,68.8800,-0.3022,0.1130,0.6759
VILL,2010-10-01,214.0000,20.8355,73.7869,-0.0047,0.5484,0.8517
VILL,2010-11-01,63.1000,22.9700,85.7413,0.1580,-0.4934,0.5197
VILL,2010-12-01,320.2000,25.6871,116.2696,1.0456,0.5278,0.9459
VILL,2011-01-01,139.4000,27.3839,140.6067,0.3288,0.1663,0.9218
VILL,2011-02-01,265.7000,25.8714,97.4975,1.2836,1.0735,0.9788
VILL,2011-03-01,147.9000,25.7419,133.8119,0.3341,1.0064,0.7167
VILL,2011-04-01,152.7000,23.0833,105.7394,0.5844,0.6233,0.7545
VILL,2011-05-01,77.0000,19.5613,75.7727,-0.3153,0.7214,0.0952
VILL,2011-06-01,69.4000,17.4033,54.3858,-0.3100,-0.0547,0.2619
VILL,2011-07-01,138.9000,17.3387,56.1120,-0.1092,0.2904,0.2506
VILL,2011-08-01,42.5000,18.6935,64.4541,-0.2386,-0.4908,0.3374
VILL,2011-09-01,75.3000,21.1067,78.3519,-0.3408,-0.5612,0.2428
VILL,2011-10-01,300.8000,23.3387,99.4146,0.3093,0.0732,0.4165
VILL,2011-11-01,224.8000,24.5000,101.5726,1.0458,0.5744,0.8448
VILL,2011-12-01,29.4000,26.1323,121.6391,0.6004,0.1338,-0.0047
VILL,2012-01-01,36.2000,27.5258,142.5298,-1.1349,-0.6432,-0.2885
VILL,2012-02-01,44.3000,27.9793,124.0555,-2.5224,-0.8806,-0.9265
VILL,2012-03-01,86.6000,24.8129,121.4922,-2.1041,-1.0114,-1.0478
VILL,2012-04-01,267.9000,21.4033,86.6975,-0.2910,-1.0943,-0.7118
VILL,2012-05-01,133.5000,19.9452,79.7425,0.4336,-1.3797,-0.5771
VILL,2012-06-01,69.6000,17.7033,56.8839,0.6784,-0.9485,-0.5830
VILL,2012-07-01,134.3000,15.4323,41.3173,0.2194,-0.1298,-0.5567
VILL,2012-08-01,15.2000,21.4000,91.9494,-0.5065,-0.1174,-0.6974
VILL,2012-09-01,36.7000,22.3633,91.2110,-0.9060,-0.1980,-0.8278
VILL,2012-10-01,318.1000,24.7548,116.0574,-0.2671,-0.1124,-0.8261
VILL,2012-11-01,156.5000,25.4233,111.9419,0.3919,-0.1502,-1.0222
VILL,2012-12-01,109.0000,27.8194,143.3724,0.4967,-0.3436,-0.8784
VILL,2013-01-01,56.4000,26.5839,130.0683,-1.0610,-1.0282,-0.7962
VILL,2013-02-01,198.8000,25.9429,98.2064,-0.7204,-0.2997,-0.3300
VILL,2013-03-01,223.2000,23.5806,106.2725,0.1357,0.4046,0.0807
VILL,2013-04-01,147.3000,21.9233,92.3421,0.8034,-0.1997,-0.2621
VILL,2013-05-01,419.2000,18.9387,69.5989,1.9747,1.0535,0.5620
VILL,2013-06-01,125.4000,17.4100,54.4406,1.7688,1.4862,0.7334
VILL,2013-07-01,48.3000,17.2710,55.5377,1.4832,1.7591,0.4405
VILL,2013-08-01,74.1000,15.9677,42.5986,-0.1303,1.4753,0.7572
VILL,2013-09-01,129.7000,19.6000,64.4965,-0.1623,1.2628,1.1211
VILL,2013-10-01,154.1000,22.6387,91.7697,0.2171,1.2931,0.6979
VILL,2013-11-01,110.2000,24.7233,104.0236,0.0809,-0.1178,0.5851
VILL,2013-12-01,95.0000,27.4194,138.0189,-0.5266,-0.5860,0.5598
VILL,2014-01-01,79.3000,27.6000,143.5415,-1.2977,-0.8202,0.5873
VILL,2014-02-01,32.9000,27.8536,118.3685,-1.9064,-1.3007,0.0592
VILL,2014-03-01,222.5000,24.4774,117.2234,-0.9436,-1.1361,0.0271
VILL,2014-04-01,453.6000,22.2200,95.6617,1.3160,0.0783,0.9003
VILL,2014-05-01,248.4000,19.1806,71.9595,2.4855,0.7778,0.3911
VILL,2014-06-01,277.6000,17.5133,55.2937,2.9677,1.8678,0.8346
VILL,2014-07-01,235.2000,18.3161,64.8092,2.1837,2.8317,1.3850
VILL,2014-08-01,18.4000,20.3355,80.4124,1.0902,2.9280,1.0909
VILL,2014-09-01,202.2000,22.8967,97.0382,0.5035,2.9276,1.2154
VILL,2014-10-01,75.2000,25.7903,129.2515,-0.7410,1.2350,0.8577
VILL,2014-11-01,290.2000,24.4800,101.3549,0.6391,1.2860,1.4258
VILL,2014-12-01,193.2000,25.6161,115.4275,0.4985,0.6922,1.8233
VILL,2015-01-01,254.4000,26.9387,134.6798,1.3566,0.4841,2.4681
VILL,2015-02-01,131.9000,26.3857,102.6729,0.5714,0.8589,2.8981
VILL,2015-03-01,149.9000,25.3903,129.0625,0.2743,0.5125,2.5792
VILL,2015-04-01,147.2000,22.8833,103.3491,-0.1376,0.9147,1.4934
VILL,2015-05-01,434.8000,19.6323,76.4972,1.5281,1.6108,2.1044
VILL,2015-06-01,132.7000,19.5967,74.2914,1.7009,1.5313,1.5518
VILL,2015-07-01,185.4000,17.5645,58.0525,2.0743,1.5626,1.4125
VILL,2015-08-01,49.1000,22.7935,108.5277,0.0408,1.1984,1.4208
VILL,2015-09-01,21.7000,21.8900,86.2253,-0.6561,0.8477,0.8921
VILL,2015-10-01,151.1000,23.5000,101.2300,-1.1270,0.8725,1.2121
VILL,2015-11-01,210.2000,24.1367,97.6622,-0.1155,-0.1372,0.9760
VILL,2015-12-01,351.0000,25.8968,118.7800,1.3957,0.5769,1.4606
VILL,2016-01-01,243.7000,27.6065,143.6296,1.6289,0.4648,1.3974
VILL,2016-02-01,120.2000,27.1586,114.7210,1.1246,0.7315,1.3217
VILL,2016-03-01,132.6000,23.5290,105.6624,0.0743,1.1072,1.3411
VILL,2016-04-01,149.1000,24.3733,121.9808,-0.3308,1.0137,1.2880
VILL,2016-05-01,116.6000,16.8581,51.2621,0.0029,0.8198,0.4069
VILL,2016-06-01,3.6000,14.0800,31.1650,-0.3004,-0.2474,0.1638
VILL,2016-07-01,34.5000,17.9355,61.3298,-0.6117,-0.7687,-0.2568
VILL,2016-08-01,131.5000,19.4355,71.3948,-0.6425,-0.5443,0.0677
VILL,2016-09-01,43.4000,18.9833,59.3001,-0.5739,-0.7203,0.2029
VILL,2016-10-01,332.8000,22.6806,92.2171,0.8648,0.1567,0.7535
VILL,2016-11-01,253.4000,23.3467,89.4852,1.3673,0.5616,0.9078
VILL,2016-12-01,282.7000,25.9613,119.5591,2.1772,1.3451,0.7010
VILL,2017-01-01,125.7000,27.2710,139.0885,1.0073,1.4003,0.3713
VILL,2017-02-01,111.6000,26.3071,101.8714,0.2195,1.1933,0.3835
VILL,2017-03-01,172.4000,25.3452,128.4601,-0.4410,1.4391,0.4322
VILL,2017-04-01,353.1000,21.6667,89.5284,1.0247,1.5336,1.1384
VILL,2017-05-01,187.7000,20.1871,82.3093,1.4812,1.2932,1.2638
VILL,2017-06-01,71.1000,18.1300,60.5573,1.3243,0.6663,1.3849
VILL,2017-07-01,7.5000,19.5581,77.0022,-0.4057,0.4358,1.2494
VILL,2017-08-01,98.1000,20.9290,86.7269,-0.9629,0.4425,1.0973
VILL,2017-09-01,61.3000,23.1600,99.9982,-1.2706,0.1030,1.0270
VILL,2017-10-01,342.4000,22.7516,92.9772,0.5477,0.0449,1.0542
VILL,2017-11-01,300.6000,23.2800,88.8153,1.5259,0.4820,1.2029
VILL,2017-12-01,244.6000,26.9710,132.1670,2.2033,0.9006,1.0455
VILL,2018-01-01,189.7000,26.1645,124.7459,1.3700,1.4529,1.2899
VILL,2018-02-01,123.0000,25.9893,98.6689,0.4422,1.5061,1.3362
VILL,2018-03-01,142.6000,24.7032,120.0862,-0.0387,1.7576,1.2683
VILL,2018-04-01,0.0000,25.2667,134.0816,-1.2097,0.1821,0.0945
VILL,2018-05-01,152.5000,21.1742,93.3098,-0.9923,-0.4447,-0.0326
VILL,2018-06-01,21.1000,15.9733,43.4152,-1.2730,-0.9983,-0.1219
VILL,2018-07-01,31.4000,17.0161,53.4102,-0.5886,-1.3555,0.0075
VILL,2018-08-01,43.4000,16.2452,44.5709,-0.9501,-1.4603,-0.0268
VILL,2018-09-01,204.5000,21.1633,78.9059,-0.0905,-1.0368,0.4335
VILL,2018-10-01,247.8000,22.7129,92.5621,0.8392,0.1517,0.1668
VILL,2018-11-01,202.9000,25.2133,109.5286,1.2992,0.2921,-0.1580
VILL,2018-12-01,55.9000,26.7097,128.8290,0.3056,0.0842,-0.6452
VILL,2019-01-01,81.9000,28.3323,153.7655,-0.9865,-0.1206,-0.9899
VILL,2019-02-01,108.5000,26.3964,102.7824,-1.5443,-0.0923,-1.0358
VILL,2019-03-01,214.3000,24.1871,113.6052,-0.4741,-0.1946,-0.8413
VILL,2019-04-01,126.7000,22.9600,104.2614,0.0545,-0.7401,-0.4399
VILL,2019-05-01,172.0000,20.4710,85.3855,0.4839,-0.7679,-0.3678
VILL,2019-06-01,1.3000,20.4300,82.8823,-0.5151,-0.8035,-0.5229
VILL,2019-07-01,35.7000,16.5806,49.8930,-0.7306,-0.5665,-0.5026
VILL,2019-08-01,28.2000,18.6677,64.2205,-1.4965,-0.7380,-0.5928
VILL,2019-09-01,32.8000,21.6467,83.7294,-1.2981,-1.3609,-1.0376
VILL,2019-10-01,90.6000,24.7355,115.8191,-1.3689,-1.5567,-1.4728
VILL,2019-11-01,137.2000,27.1633,133.2104,-1.1150,-1.8961,-1.6817
VILL,2019-12-01,142.9000,25.6742,116.1162,-0.6434,-1.4509,-1.4484
VILL,2020-01-01,298.2000,26.9226,134.4681,0.4045,-0.7200,-0.8749
VILL,2020-02-01,67.3000,26.2793,105.2166,0.1827,-0.7278,-0.9836
VILL,2020-03-01,25.1000,26.9323,150.6880,-0.6749,-1.0345,-1.5293
VILL,2020-04-01,91.0000,21.7733,90.6912,-1.7050,-0.9296,-1.5811
VILL,2020-05-01,231.6000,18.4516,64.9933,-0.4350,-0.2616,-1.3925
VILL,2020-06-01,96.0000,19.6333,74.6572,0.3718,-0.2839,-1.1446
VILL,2020-07-01,49.0000,17.3000,55.7834,0.3345,-0.9844,-1.1265
VILL,2020-08-01,22.3000,20.0419,77.3981,-0.9198,-1.0550,-1.1730
VILL,2020-09-01,5.1000,22.1267,88.6964,-1.5867,-0.8825,-1.2521
VILL,2020-10-01,65.3000,25.3290,123.2650,-1.9336,-1.1219,-1.3308
VILL,2020-11-01,129.7000,25.3733,111.3644,-1.4405,-1.7310,-1.2964
VILL,2020-12-01,177.4000,26.0645,120.8123,-0.5764,-1.5862,-1.2246
VILL,2021-01-01,220.7000,26.2548,125.8806,0.2741,-1.1688,-1.3899
VILL,2021-02-01,50.9000,25.4643,93.5174,-0.0553,-1.1175,-1.4011
VILL,2021-03-01,156.8000,24.5806,118.5268,-0.1567,-0.6169,-1.0038
VILL,2021-04-01,80.5000,22.5667,99.6333,-0.8164,-0.4574,-1.0518
VILL,2021-05-01,40.1000,18.8419,68.6683,-0.7322,-0.6500,-1.5211
VILL,2021-06-01,56.4000,16.9100,50.4278,-0.9271,-0.8580,-1.5572
VILL,2021-07-01,49.8000,17.1290,54.3465,-0.8385,-1.2662,-1.5519
VILL,2021-08-01,2.6000,19.9419,76.3874,-1.1163,-1.3942,-1.5956
VILL,2021-09-01,79.0000,23.2400,100.9083,-1.2924,-1.6415,-1.4507
VILL,2021-10-01,128.5000,22.5274,90.5891,-1.0257,-1.4071,-1.2212
VILL,2021-11-01,147.3000,24.9833,106.9227,-0.3488,-1.1239,-1.1678
VILL,2021-12-01,27.1000,27.5887,140.2701,-0.8854,-1.6133,-1.5726
VILL,2022-01-01,71.5000,29.0613,164.3808,-1.7217,-1.9762,-2.0027
VILL,2022-02-01,117.1000,27.4768,114.2073,-1.9788,-1.6612,-1.9000
VILL,2022-03-01,375.8000,24.2710,114.6432,0.2817,-0.4984,-1.3822
VILL,2022-04-01,320.4000,21.8400,91.4226,1.8477,0.2866,-0.7732
VILL,2022-05-01,149.6000,16.6097,49.3012,2.2758,0.5327,-0.4416
VILL,2022-06-01,38.4000,15.5500,40.4567,1.0734,0.9892,-0.4626
VILL,2022-07-01,25.7000,20.7516,89.9707,-0.4774,1.1067,-0.6173
VILL,2022-08-01,42.8000,18.4935,62.6579,-1.2031,1.0133,-0.4777
VILL,2022-09-01,125.0000,18.2967,53.8286,-0.7533,0.2328,-0.2318
VILL,2022-10-01,234.6000,20.7774,73.2478,0.4990,-0.0450,0.1043
VILL,2022-11-01,,23.0033,86.0686,0.1497,-0.8106,-0.2399
VILL,2022-12-01,,27.0290,132.9159,-1.0247,-1.3482,-0.2925
VILL,2023-01-01,,26.9871,135.3164,-3.1167,-1.6401,-0.4047
VILL,2023-02-01,,25.2857,91.8040,-3.1637,-1.9356,-0.6504
VILL,2023-03-01,116.1000,26.0548,138.1281,-2.3067,-2.3185,-1.3507
VILL,2023-04-01,117.8000,21.5300,88.0521,-1.1898,-2.8591,-1.8162
VILL,2023-05-01,91.1000,19.6903,77.0931,-0.5485,-2.4480,-2.0116
VILL,2023-06-01,17.7000,18.9533,68.0530,-0.7154,-2.1088,-2.1194
VILL,2023-07-01,65.2000,19.6065,77.5038,-0.9694,-1.6035,-2.0033
VILL,2023-08-01,98.1000,21.5194,93.3030,-1.0262,-1.2067,-1.9478
VILL,2023-09-01,176.8000,23.8333,107.8191,-0.3198,-0.8328,-1.9528
VILL,2023-10-01,253.5000,23.9968,106.9501,0.5385,-0.3530,-1.9861
VILL,2023-11-01,400.9000,25.4800,112.5987,1.8961,0.7739,-1.1085
VILL,2023-12-01,183.3000,27.1290,134.2120,1.8068,1.1824,-0.6529
